Country,Year,Avg_Temp,co2,methane,nitrous_oxide,total_ghg,Food_Production_Tonnes,Temp_Category,Carbon_Intensity_Index
Afghanistan,2000,1.0,0.0,1.0,2.0,1.0,2.0,Moderate,1.9754964065537733e-07
Afghanistan,2001,1.0,0.0,1.0,2.0,1.0,2.0,Moderate,1.8326084086486386e-07
Afghanistan,2002,1.0,0.0,2.0,2.0,1.0,2.0,Moderate,2.226886902034421e-07
Afghanistan,2003,1.0,0.0,2.0,2.0,1.0,2.0,Moderate,2.2505945075021e-07
Afghanistan,2004,1.0,0.0,2.0,2.0,1.0,2.0,Moderate,1.916437600651639e-07
Afghanistan,2005,1.0,1.0,2.0,2.0,1.0,2.0,Moderate,1.843102705286701e-07
Afghanistan,2006,1.0,1.0,2.0,2.0,1.0,2.0,Moderate,1.7568652362225237e-07
Afghanistan,2007,1.0,1.0,2.0,2.0,1.0,2.0,Moderate,1.902959860090939e-07
Afghanistan,2008,1.0,1.0,2.0,2.0,1.0,2.0,Moderate,2.073141286873749e-07
Afghanistan,2009,1.0,1.0,2.0,2.0,1.0,2.0,Moderate,2.281531619376709e-07
Afghanistan,2010,1.0,2.0,2.0,2.0,1.0,2.0,Moderate,2.438781725260489e-07
Afghanistan,2011,1.0,2.0,2.0,2.0,1.0,2.0,Moderate,2.802960449342726e-07
Afghanistan,2012,1.0,2.0,2.0,2.0,1.0,2.0,Moderate,2.507373207696771e-07
Afghanistan,2013,1.0,2.0,2.0,2.0,1.0,2.0,Moderate,2.287120624977864e-07
Africa,2000,2.0,4.0,4.0,4.0,4.0,4.0,Hot,1.3517561371466512e-05
Africa,2001,3.0,4.0,4.0,4.0,4.0,4.0,Hot,1.3101952859859833e-05
Africa,2002,3.0,4.0,4.0,4.0,4.0,4.0,Hot,1.2915632301127216e-05
Africa,2003,3.0,4.0,4.0,4.0,4.0,4.0,Hot,1.325406006638016e-05
Africa,2004,3.0,4.0,4.0,4.0,4.0,4.0,Hot,1.2815816042258994e-05
Africa,2005,3.0,4.0,4.0,4.0,4.0,4.0,Hot,1.2342382302262069e-05
Africa,2006,2.0,4.0,4.0,4.0,4.0,4.0,Hot,1.1983089531918694e-05
Africa,2007,3.0,4.0,4.0,4.0,4.0,4.0,Hot,1.2864483731403913e-05
Africa,2008,2.0,4.0,4.0,4.0,4.0,4.0,Hot,1.3069574967230377e-05
Africa,2009,3.0,4.0,4.0,4.0,4.0,4.0,Hot,1.3283369993242244e-05
Africa,2010,3.0,4.0,4.0,4.0,4.0,4.0,Hot,1.3353137454675928e-05
Africa,2011,2.0,4.0,4.0,4.0,4.0,4.0,Hot,1.37364007573614e-05
Africa,2012,2.0,4.0,4.0,4.0,4.0,4.0,Hot,1.2707376931642429e-05
Africa,2013,3.0,4.0,4.0,4.0,4.0,4.0,Hot,1.199886899864297e-05
Albania,2000,1.0,1.0,0.0,1.0,0.0,4.0,Moderate,8.24179658304513e-09
Albania,2001,1.0,1.0,0.0,1.0,0.0,4.0,Moderate,7.987910431854111e-09
Albania,2002,1.0,1.0,0.0,1.0,0.0,4.0,Moderate,8.145611503324881e-09
Albania,2003,1.0,1.0,0.0,1.0,0.0,4.0,Moderate,1.3584175208830036e-08
Albania,2004,1.0,1.0,0.0,1.0,0.0,4.0,Moderate,1.1460472823468944e-08
Albania,2005,1.0,1.0,0.0,1.0,0.0,4.0,Moderate,1.6410791597717892e-08
Albania,2006,1.0,1.0,0.0,1.0,0.0,4.0,Moderate,1.1597557399654269e-08
Albania,2007,1.0,1.0,0.0,1.0,0.0,4.0,Moderate,1.4335910593825452e-08
Albania,2008,1.0,1.0,0.0,1.0,0.0,4.0,Moderate,1.172668275460652e-08
Albania,2009,1.0,1.0,0.0,1.0,0.0,4.0,Moderate,9.708189933805961e-09
Albania,2010,1.0,1.0,0.0,1.0,0.0,4.0,Moderate,9.805628364351968e-09
Albania,2011,1.0,1.0,0.0,1.0,0.0,4.0,Moderate,1.0084184071778618e-08
Albania,2012,1.0,1.0,0.0,1.0,0.0,4.0,Moderate,9.850522820135944e-09
Albania,2013,1.0,1.0,0.0,1.0,0.0,4.0,Moderate,9.532622249682567e-09
Algeria,2000,2.0,3.0,3.0,2.0,3.0,1.0,Hot,3.016469809273613e-06
Algeria,2001,2.0,3.0,3.0,2.0,3.0,1.0,Hot,3.0555074912394405e-06
Algeria,2002,2.0,3.0,3.0,2.0,3.0,1.0,Hot,2.6025447036730915e-06
Algeria,2003,2.0,3.0,3.0,2.0,3.0,1.0,Hot,2.7803451715082523e-06
Algeria,2004,2.0,3.0,3.0,2.0,3.0,1.0,Hot,2.435399038324761e-06
Algeria,2005,2.0,3.0,3.0,2.0,3.0,1.0,Hot,2.754610218216116e-06
Algeria,2006,2.0,3.0,3.0,2.0,3.0,1.0,Hot,2.55295568010264e-06
Algeria,2007,2.0,3.0,3.0,2.0,3.0,1.0,Hot,2.461361252236825e-06
Algeria,2008,2.0,3.0,3.0,2.0,3.0,1.0,Hot,2.454054703259495e-06
Algeria,2009,2.0,3.0,3.0,2.0,3.0,2.0,Hot,2.349437335507991e-06
Algeria,2010,3.0,3.0,3.0,2.0,3.0,2.0,Hot,2.1840241485799072e-06
Algeria,2011,2.0,3.0,3.0,3.0,3.0,2.0,Hot,2.052154192224886e-06
Algeria,2012,2.0,3.0,3.0,3.0,3.0,2.0,Hot,2.116544580281101e-06
Algeria,2013,3.0,3.0,3.0,3.0,3.0,2.0,Hot,1.9835703913687547e-06
Angola,2000,2.0,2.0,3.0,3.0,3.0,3.0,Hot,6.276282969463142e-07
Angola,2001,2.0,2.0,3.0,3.0,3.0,3.0,Hot,7.064114348312305e-07
Angola,2002,2.0,2.0,3.0,3.0,3.0,3.0,Hot,7.78341819533279e-07
Angola,2003,2.0,2.0,3.0,3.0,3.0,3.0,Hot,8.236025126176928e-07
Angola,2004,2.0,2.0,3.0,3.0,3.0,3.0,Hot,8.34029327967459e-07
Angola,2005,2.0,2.0,3.0,3.0,3.0,3.0,Hot,8.147489519525113e-07
Angola,2006,2.0,2.0,3.0,3.0,3.0,3.0,Hot,9.029574477203652e-07
Angola,2007,2.0,2.0,3.0,3.0,3.0,3.0,Hot,1.0825028656887226e-06
Angola,2008,2.0,2.0,3.0,3.0,3.0,3.0,Hot,1.2819561498839691e-06
Angola,2009,2.0,2.0,3.0,3.0,3.0,4.0,Hot,6.986624085340826e-07
Angola,2010,2.0,2.0,3.0,3.0,3.0,4.0,Hot,7.684620194052205e-07
Angola,2011,2.0,2.0,3.0,3.0,3.0,4.0,Hot,7.118591310759569e-07
Angola,2012,2.0,2.0,3.0,3.0,3.0,4.0,Hot,6.616034424740287e-07
Angola,2013,2.0,2.0,3.0,3.0,3.0,4.0,Hot,6.184948183225779e-07
Antigua And Barbuda,2000,3.0,0.0,0.0,0.0,0.0,4.0,Hot,4.744070159115052e-10
Antigua And Barbuda,2001,4.0,0.0,0.0,0.0,0.0,4.0,Hot,5.551139176424611e-10
Antigua And Barbuda,2002,4.0,0.0,0.0,0.0,0.0,4.0,Hot,6.051207423553286e-10
Antigua And Barbuda,2003,4.0,0.0,0.0,0.0,0.0,4.0,Hot,5.663421138619018e-10
Antigua And Barbuda,2004,4.0,0.0,0.0,0.0,0.0,4.0,Hot,5.582661943978008e-10
Antigua And Barbuda,2005,4.0,0.0,0.0,0.0,0.0,4.0,Hot,5.977016256434997e-10
Antigua And Barbuda,2006,4.0,0.0,0.0,0.0,0.0,4.0,Hot,6.389070497527102e-10
Antigua And Barbuda,2007,4.0,0.0,0.0,0.0,0.0,4.0,Hot,6.763003217750268e-10
Antigua And Barbuda,2008,4.0,0.0,0.0,0.0,0.0,4.0,Hot,6.96957166137561e-10
Antigua And Barbuda,2009,4.0,0.0,0.0,0.0,0.0,4.0,Hot,7.298918990602742e-10
Antigua And Barbuda,2010,4.0,0.0,0.0,0.0,0.0,4.0,Hot,6.20250605440749e-10
Antigua And Barbuda,2011,4.0,0.0,0.0,0.0,0.0,4.0,Hot,6.201435446370803e-10
Antigua And Barbuda,2012,4.0,0.0,0.0,0.0,0.0,4.0,Hot,6.913593615893458e-10
Antigua And Barbuda,2013,4.0,0.0,0.0,0.0,0.0,4.0,Hot,6.66050229274386e-10
Argentina,2000,1.0,3.0,4.0,4.0,3.0,4.0,Moderate,2.972226446135517e-07
Argentina,2001,1.0,3.0,4.0,4.0,3.0,4.0,Moderate,3.088757326346496e-07
Argentina,2002,1.0,3.0,4.0,4.0,4.0,4.0,Moderate,3.782958747885023e-07
Argentina,2003,1.0,3.0,4.0,4.0,4.0,4.0,Moderate,4.010741260553212e-07
Argentina,2004,1.0,3.0,4.0,4.0,4.0,4.0,Moderate,4.214459664154488e-07
Argentina,2005,1.0,3.0,4.0,4.0,4.0,4.0,Moderate,4.296269808463378e-07
Argentina,2006,1.0,3.0,4.0,4.0,4.0,4.0,Moderate,4.2616330019773836e-07
Argentina,2007,1.0,3.0,4.0,4.0,4.0,4.0,Moderate,3.538145573291764e-07
Argentina,2008,1.0,4.0,4.0,4.0,4.0,4.0,Moderate,3.244900220400004e-07
Argentina,2009,1.0,3.0,4.0,4.0,4.0,4.0,Moderate,4.386034400884901e-07
Argentina,2010,1.0,4.0,4.0,4.0,4.0,4.0,Moderate,3.553397025650344e-07
Argentina,2011,1.0,4.0,4.0,4.0,4.0,4.0,Moderate,3.430945673152987e-07
Argentina,2012,1.0,4.0,4.0,4.0,4.0,4.0,Moderate,3.2469710073788296e-07
Argentina,2013,1.0,4.0,4.0,4.0,4.0,4.0,Moderate,2.86322925929207e-07
Armenia,2000,0.0,1.0,0.0,0.0,0.0,4.0,Cold,6.1526197474738915e-09
Armenia,2001,0.0,1.0,0.0,0.0,0.0,4.0,Moderate,6.947067807783017e-09
Armenia,2002,0.0,1.0,0.0,0.0,0.0,4.0,Cold,6.740885478412476e-09
Armenia,2003,0.0,1.0,0.0,0.0,0.0,4.0,Cold,7.611648729226231e-09
Armenia,2004,0.0,1.0,0.0,0.0,0.0,4.0,Cold,8.823853202314545e-09
Armenia,2005,0.0,1.0,0.0,0.0,0.0,4.0,Cold,1.1099848900566101e-08
Armenia,2006,0.0,1.0,0.0,0.0,0.0,4.0,Moderate,9.27921695951008e-09
Armenia,2007,0.0,1.0,0.0,0.0,0.0,4.0,Cold,8.795494494057989e-09
Armenia,2008,0.0,1.0,0.0,0.0,0.0,4.0,Cold,8.865135418749263e-09
Armenia,2009,0.0,1.0,0.0,0.0,0.0,4.0,Cold,7.345948607206766e-09
Armenia,2010,1.0,1.0,0.0,0.0,0.0,4.0,Moderate,6.864551281841368e-09
Armenia,2011,0.0,1.0,0.0,0.0,0.0,4.0,Cold,7.298599922458335e-09
Armenia,2012,0.0,1.0,0.0,0.0,0.0,4.0,Moderate,7.795827346389058e-09
Armenia,2013,0.0,1.0,0.0,1.0,0.0,4.0,Moderate,7.490602032031894e-09
Asia,2000,0.0,4.0,4.0,4.0,4.0,4.0,Cold,1.400528893027854e-05
Asia,2001,0.0,4.0,4.0,4.0,4.0,4.0,Cold,1.363450291723079e-05
Asia,2002,0.0,4.0,4.0,4.0,4.0,4.0,Cold,1.3805406548297335e-05
Asia,2003,0.0,4.0,4.0,4.0,4.0,4.0,Cold,1.494520326741866e-05
Asia,2004,0.0,4.0,4.0,4.0,4.0,4.0,Cold,1.5122978281849052e-05
Asia,2005,0.0,4.0,4.0,4.0,4.0,4.0,Cold,1.5374863348288187e-05
Asia,2006,0.0,4.0,4.0,4.0,4.0,4.0,Cold,1.6306670698410566e-05
Asia,2007,0.0,4.0,4.0,4.0,4.0,4.0,Cold,1.6077983550435593e-05
Asia,2008,0.0,4.0,4.0,4.0,4.0,4.0,Cold,1.6490607828827634e-05
Asia,2009,0.0,4.0,4.0,4.0,4.0,4.0,Cold,1.6630055381094372e-05
Asia,2010,0.0,4.0,4.0,4.0,4.0,4.0,Cold,1.6963499856049584e-05
Asia,2011,0.0,4.0,4.0,4.0,4.0,4.0,Cold,1.7638112595691274e-05
Asia,2012,0.0,4.0,4.0,4.0,4.0,4.0,Cold,1.7447132622995364e-05
Asia,2013,0.0,4.0,4.0,4.0,4.0,4.0,Moderate,1.729942390911732e-05
Australia,2000,2.0,4.0,4.0,4.0,4.0,0.0,Hot,3.2641092825140195e-05
Australia,2001,2.0,4.0,4.0,4.0,4.0,0.0,Hot,3.2992599505079855e-05
Australia,2002,2.0,4.0,4.0,4.0,4.0,0.0,Hot,3.3523321259297014e-05
Australia,2003,2.0,4.0,4.0,4.0,4.0,0.0,Hot,3.470497866958281e-05
Australia,2004,2.0,4.0,4.0,4.0,4.0,0.0,Hot,3.119401373500017e-05
Australia,2005,2.0,4.0,4.0,4.0,4.0,0.0,Hot,2.722214570951272e-05
Australia,2006,2.0,4.0,4.0,4.0,4.0,0.0,Hot,2.558503669111448e-05
Australia,2007,2.0,4.0,4.0,4.0,4.0,0.0,Hot,2.881103798685182e-05
Australia,2008,2.0,4.0,4.0,4.0,4.0,0.0,Hot,3.084941164573753e-05
Australia,2009,2.0,4.0,4.0,4.0,4.0,0.0,Hot,2.6424762706068265e-05
Australia,2010,2.0,4.0,4.0,4.0,4.0,0.0,Hot,3.373692116594277e-05
Australia,2011,2.0,4.0,4.0,4.0,4.0,0.0,Hot,3.0771248509560824e-05
Australia,2012,2.0,4.0,4.0,4.0,4.0,0.0,Hot,2.8051510424013195e-05
Australia,2013,2.0,4.0,4.0,4.0,4.0,0.0,Hot,2.352412701882754e-05
Austria,2000,0.0,3.0,2.0,2.0,2.0,0.0,Cold,1.6408839006762316e-05
Austria,2001,0.0,3.0,2.0,2.0,2.0,0.0,Cold,1.7354539834941685e-05
Austria,2002,0.0,3.0,2.0,2.0,2.0,0.0,Cold,1.712219624463244e-05
Austria,2003,0.0,3.0,2.0,2.0,3.0,0.0,Cold,1.938139922437216e-05
Austria,2004,0.0,3.0,2.0,2.0,3.0,0.0,Cold,1.745280868809202e-05
Austria,2005,0.0,3.0,2.0,2.0,3.0,0.0,Cold,1.786600728794015e-05
Austria,2006,0.0,3.0,2.0,2.0,3.0,0.0,Cold,1.687750635877584e-05
Austria,2007,0.0,3.0,1.0,2.0,2.0,0.0,Cold,1.434014283647908e-05
Austria,2008,0.0,3.0,1.0,2.0,2.0,0.0,Cold,1.1711449247646108e-05
Austria,2009,0.0,3.0,1.0,2.0,2.0,0.0,Cold,9.335810449525224e-06
Austria,2010,0.0,3.0,1.0,2.0,2.0,0.0,Cold,8.403427630239967e-06
Austria,2011,0.0,3.0,1.0,2.0,2.0,0.0,Cold,6.16778505291526e-06
Austria,2012,0.0,3.0,1.0,2.0,2.0,0.0,Cold,5.09805355366899e-06
Austria,2013,0.0,3.0,1.0,2.0,2.0,0.0,Cold,5.014554024894344e-06
Azerbaijan,2000,1.0,2.0,1.0,1.0,1.0,0.0,Moderate,1.6028164953897334e-06
Azerbaijan,2001,1.0,2.0,1.0,1.0,1.0,0.0,Moderate,1.4169245900413178e-06
Azerbaijan,2002,1.0,2.0,1.0,1.0,1.0,0.0,Moderate,1.3710893346716486e-06
Azerbaijan,2003,1.0,2.0,1.0,1.0,1.0,0.0,Moderate,1.5546684286148222e-06
Azerbaijan,2004,1.0,2.0,1.0,1.0,1.0,0.0,Moderate,1.4488636335719314e-06
Azerbaijan,2005,1.0,2.0,1.0,1.0,2.0,1.0,Moderate,1.3242771292923737e-06
Azerbaijan,2006,1.0,2.0,1.0,1.0,2.0,1.0,Moderate,1.3801658761874914e-06
Azerbaijan,2007,1.0,2.0,2.0,1.0,2.0,1.0,Moderate,1.275858175463574e-06
Azerbaijan,2008,1.0,2.0,2.0,2.0,2.0,1.0,Moderate,1.2306197784016127e-06
Azerbaijan,2009,1.0,2.0,2.0,2.0,2.0,1.0,Moderate,9.986036604811696e-07
Azerbaijan,2010,1.0,2.0,2.0,2.0,2.0,1.0,Moderate,8.304553414912414e-07
Azerbaijan,2011,1.0,2.0,2.0,2.0,2.0,1.0,Moderate,9.22506977894268e-07
Azerbaijan,2012,1.0,2.0,2.0,2.0,2.0,1.0,Moderate,9.58288689194698e-07
Azerbaijan,2013,1.0,2.0,2.0,2.0,2.0,1.0,Moderate,9.405525582129764e-07
Bahamas,2000,3.0,1.0,0.0,0.0,0.0,0.0,Hot,5.88480548746505e-07
Bahamas,2001,3.0,1.0,0.0,0.0,0.0,0.0,Hot,6.122784165305719e-07
Bahamas,2002,3.0,1.0,0.0,0.0,0.0,0.0,Hot,6.258071386802445e-07
Bahamas,2003,3.0,1.0,0.0,0.0,0.0,0.0,Hot,6.34010023055502e-07
Bahamas,2004,3.0,1.0,0.0,0.0,0.0,0.0,Hot,5.750215442426958e-07
Bahamas,2005,3.0,1.0,0.0,0.0,0.0,0.0,Hot,5.196274524953642e-07
Bahamas,2006,3.0,0.0,0.0,0.0,0.0,0.0,Hot,5.175684607726201e-07
Bahamas,2007,3.0,0.0,0.0,0.0,0.0,0.0,Hot,5.657736549302914e-07
Bahamas,2008,3.0,1.0,0.0,0.0,0.0,0.0,Hot,5.65515632064424e-07
Bahamas,2009,3.0,1.0,0.0,0.0,0.0,0.0,Hot,5.911258760703883e-07
Bahamas,2010,3.0,1.0,0.0,0.0,0.0,0.0,Hot,6.111803632220674e-07
Bahamas,2011,3.0,1.0,0.0,0.0,0.0,0.0,Hot,5.934940785190245e-07
Bahamas,2012,3.0,1.0,0.0,0.0,0.0,0.0,Hot,6.100640894953754e-07
Bahamas,2013,3.0,1.0,0.0,0.0,0.0,0.0,Hot,5.762508519764428e-07
Bangladesh,2000,3.0,2.0,4.0,4.0,3.0,0.0,Hot,9.138559305358724e-06
Bangladesh,2001,3.0,2.0,4.0,4.0,3.0,0.0,Hot,1.0220307108751326e-05
Bangladesh,2002,3.0,2.0,4.0,4.0,3.0,0.0,Hot,1.0301733215615044e-05
Bangladesh,2003,3.0,2.0,4.0,4.0,3.0,0.0,Hot,1.107995014812777e-05
Bangladesh,2004,3.0,2.0,4.0,4.0,3.0,0.0,Hot,1.0871640579059216e-05
Bangladesh,2005,3.0,2.0,4.0,4.0,3.0,0.0,Hot,1.091637468935261e-05
Bangladesh,2006,3.0,2.0,4.0,4.0,3.0,0.0,Hot,1.0632421166953647e-05
Bangladesh,2007,3.0,2.0,4.0,4.0,3.0,0.0,Hot,1.0081036759689762e-05
Bangladesh,2008,3.0,2.0,4.0,4.0,3.0,0.0,Hot,1.0240299355849535e-05
Bangladesh,2009,3.0,3.0,4.0,4.0,3.0,0.0,Hot,1.0932385676894434e-05
Bangladesh,2010,3.0,3.0,4.0,4.0,3.0,0.0,Hot,1.0928322061750725e-05
Bangladesh,2011,3.0,3.0,4.0,4.0,3.0,0.0,Hot,1.1228154158232591e-05
Bangladesh,2012,3.0,3.0,4.0,4.0,3.0,0.0,Hot,1.2252804448048005e-05
Bangladesh,2013,3.0,3.0,4.0,4.0,3.0,0.0,Hot,1.182229324647356e-05
Barbados,2000,3.0,0.0,0.0,0.0,0.0,4.0,Hot,4.920993290038167e-09
Barbados,2001,4.0,0.0,0.0,0.0,0.0,4.0,Hot,4.619913290214736e-09
Barbados,2002,4.0,0.0,0.0,0.0,0.0,4.0,Hot,4.419235918627932e-09
Barbados,2003,4.0,0.0,0.0,0.0,0.0,4.0,Hot,4.6463254986665115e-09
Barbados,2004,4.0,0.0,0.0,0.0,0.0,4.0,Hot,4.9095207892138e-09
Barbados,2005,4.0,0.0,0.0,0.0,0.0,4.0,Hot,4.749714533769637e-09
Barbados,2006,4.0,0.0,0.0,0.0,0.0,4.0,Hot,4.5540044544710224e-09
Barbados,2007,4.0,0.0,0.0,0.0,0.0,4.0,Hot,4.1566095907522705e-09
Barbados,2008,4.0,0.0,0.0,0.0,0.0,4.0,Hot,4.750732309170951e-09
Barbados,2009,4.0,0.0,0.0,0.0,0.0,4.0,Hot,4.462240370295961e-09
Barbados,2010,4.0,0.0,0.0,0.0,0.0,4.0,Hot,3.658196956332098e-09
Barbados,2011,4.0,0.0,0.0,0.0,0.0,4.0,Hot,3.27117914669664e-09
Barbados,2012,4.0,0.0,0.0,0.0,0.0,4.0,Hot,2.674171710102031e-09
Barbados,2013,4.0,0.0,0.0,0.0,0.0,4.0,Hot,2.462209638713756e-09
Belarus,2000,0.0,3.0,2.0,3.0,3.0,0.0,Cold,7.957344899335976e-06
Belarus,2001,0.0,3.0,2.0,3.0,2.0,0.0,Cold,7.1828449231566025e-06
Belarus,2002,0.0,3.0,2.0,3.0,2.0,0.0,Cold,6.703553996868406e-06
Belarus,2003,0.0,3.0,2.0,3.0,3.0,0.0,Cold,6.279490913356308e-06
Belarus,2004,0.0,3.0,2.0,3.0,3.0,0.0,Cold,6.410806640528347e-06
Belarus,2005,0.0,3.0,2.0,3.0,3.0,0.0,Cold,6.611215931776618e-06
Belarus,2006,0.0,3.0,2.0,3.0,3.0,0.0,Cold,6.285287151622113e-06
Belarus,2007,0.0,3.0,2.0,3.0,3.0,0.0,Cold,6.222755966408446e-06
Belarus,2008,0.0,3.0,2.0,3.0,3.0,0.0,Cold,6.311645060826795e-06
Belarus,2009,0.0,3.0,2.0,3.0,3.0,0.0,Cold,5.913145756463658e-06
Belarus,2010,0.0,3.0,2.0,3.0,3.0,0.0,Cold,5.984148435491196e-06
Belarus,2011,0.0,3.0,2.0,3.0,3.0,0.0,Cold,5.229400976610351e-06
Belarus,2012,0.0,3.0,2.0,3.0,3.0,0.0,Cold,4.8452466891129e-06
Belarus,2013,0.0,3.0,2.0,3.0,3.0,0.0,Cold,4.936279554538626e-06
Belgium,2000,0.0,3.0,2.0,3.0,3.0,0.0,Moderate,8.222551215473128e-06
Belgium,2001,0.0,3.0,2.0,3.0,3.0,0.0,Moderate,7.940352124673854e-06
Belgium,2002,0.0,3.0,2.0,3.0,3.0,0.0,Moderate,7.493629016049256e-06
Belgium,2003,0.0,3.0,2.0,3.0,3.0,0.0,Moderate,7.696950979683488e-06
Belgium,2004,0.0,3.0,2.0,3.0,3.0,0.0,Moderate,9.47439916553074e-06
Belgium,2005,0.0,3.0,2.0,3.0,3.0,0.0,Moderate,7.970850595728728e-06
Belgium,2006,0.0,3.0,2.0,3.0,3.0,0.0,Moderate,7.586076944424132e-06
Belgium,2007,0.0,3.0,2.0,3.0,3.0,0.0,Moderate,7.354985022180719e-06
Belgium,2008,0.0,3.0,2.0,3.0,3.0,0.0,Moderate,7.031359833784662e-06
Belgium,2009,0.0,3.0,2.0,3.0,3.0,0.0,Moderate,6.223899282885132e-06
Belgium,2010,0.0,3.0,2.0,3.0,3.0,0.0,Cold,7.732802715772872e-06
Belgium,2011,0.0,3.0,2.0,3.0,3.0,0.0,Moderate,6.935451792291665e-06
Belgium,2012,0.0,3.0,2.0,3.0,3.0,0.0,Moderate,7.1687013327120725e-06
Belgium,2013,0.0,3.0,2.0,3.0,3.0,0.0,Moderate,5.724331772072652e-06
Belize,2000,3.0,0.0,0.0,0.0,0.0,0.0,Hot,1.2670597951460336e-06
Belize,2001,3.0,0.0,0.0,0.0,0.0,0.0,Hot,1.286090331084981e-06
Belize,2002,3.0,0.0,0.0,0.0,0.0,0.0,Hot,1.1189246524158818e-06
Belize,2003,3.0,0.0,0.0,0.0,0.0,0.0,Hot,7.963128524448417e-07
Belize,2004,3.0,0.0,0.0,0.0,0.0,0.0,Hot,6.281945189965773e-07
Belize,2005,3.0,0.0,0.0,0.0,0.0,0.0,Hot,5.294521105049751e-07
Belize,2006,3.0,0.0,0.0,0.0,0.0,0.0,Hot,6.567318354593955e-07
Belize,2007,3.0,0.0,0.0,0.0,0.0,0.0,Hot,6.958131196319102e-07
Belize,2008,3.0,0.0,0.0,0.0,0.0,0.0,Hot,6.052935057765794e-07
Belize,2009,3.0,0.0,0.0,0.0,0.0,0.0,Hot,6.404193099151552e-07
Belize,2010,3.0,0.0,0.0,0.0,0.0,0.0,Hot,6.982732576318329e-07
Belize,2011,3.0,0.0,0.0,0.0,0.0,0.0,Hot,5.744546232803189e-07
Belize,2012,3.0,0.0,0.0,0.0,0.0,0.0,Hot,5.922028982616424e-07
Belize,2013,3.0,0.0,0.0,0.0,0.0,0.0,Hot,5.09345908628515e-07
Benin,2000,4.0,0.0,1.0,1.0,1.0,0.0,Hot,2.152192545572011e-06
Benin,2001,4.0,0.0,1.0,1.0,1.0,0.0,Hot,2.1625645696798544e-06
Benin,2002,4.0,1.0,1.0,1.0,1.0,0.0,Hot,2.3127236511046694e-06
Benin,2003,4.0,1.0,1.0,1.0,1.0,0.0,Hot,1.9026638283980876e-06
Benin,2004,4.0,1.0,1.0,1.0,1.0,0.0,Hot,1.8963641415147769e-06
Benin,2005,4.0,1.0,1.0,1.0,1.0,0.0,Hot,1.4818828036917484e-06
Benin,2006,4.0,1.0,1.0,1.0,1.0,0.0,Hot,1.577616488428566e-06
Benin,2007,4.0,1.0,1.0,1.0,1.0,0.0,Hot,2.579403223864177e-06
Benin,2008,4.0,1.0,1.0,1.0,1.0,0.0,Hot,2.8978394159341257e-06
Benin,2009,4.0,1.0,1.0,1.0,1.0,0.0,Hot,1.845800830136878e-06
Benin,2010,4.0,1.0,1.0,1.0,1.0,0.0,Hot,2.2418466987815167e-06
Benin,2011,4.0,1.0,1.0,1.0,1.0,0.0,Hot,2.1779928117190056e-06
Benin,2012,4.0,1.0,1.0,1.0,1.0,0.0,Hot,2.6749398943929903e-06
Benin,2013,4.0,1.0,1.0,1.0,1.0,0.0,Hot,2.0482241171437985e-06
Bhutan,2000,1.0,0.0,0.0,0.0,0.0,0.0,Moderate,2.2815093860799896e-06
Bhutan,2001,1.0,0.0,0.0,0.0,0.0,0.0,Moderate,1.7634027515088208e-06
Bhutan,2002,1.0,0.0,0.0,0.0,0.0,0.0,Moderate,2.2077154341264632e-06
Bhutan,2003,1.0,0.0,0.0,0.0,0.0,0.0,Moderate,2.348230437301665e-06
Bhutan,2004,1.0,0.0,0.0,0.0,0.0,0.0,Moderate,2.204754504611985e-06
Bhutan,2005,1.0,0.0,0.0,0.0,0.0,0.0,Moderate,1.7230620230858636e-06
Bhutan,2006,1.0,0.0,0.0,0.0,0.0,0.0,Moderate,1.8962953453825007e-06
Bhutan,2007,1.0,0.0,0.0,0.0,1.0,0.0,Moderate,2.3177340589594863e-06
Bhutan,2008,1.0,0.0,0.0,0.0,1.0,0.0,Moderate,2.3773458939182604e-06
Bhutan,2009,1.0,0.0,0.0,0.0,1.0,0.0,Moderate,2.302891950403545e-06
Bhutan,2010,1.0,0.0,0.0,0.0,1.0,0.0,Moderate,2.5032330858458235e-06
Bhutan,2011,1.0,0.0,0.0,0.0,1.0,0.0,Moderate,2.0570374658540407e-06
Bhutan,2012,1.0,0.0,0.0,0.0,1.0,0.0,Moderate,2.198987249945411e-06
Bhutan,2013,1.0,0.0,0.0,0.0,0.0,0.0,Moderate,1.5120399594587809e-06
Bolivia,2000,2.0,2.0,2.0,2.0,3.0,2.0,Hot,1.0852910551153626e-06
Bolivia,2001,2.0,2.0,2.0,2.0,3.0,2.0,Hot,1.0170155976705063e-06
Bolivia,2002,2.0,2.0,2.0,3.0,3.0,2.0,Hot,1.0770488094593008e-06
Bolivia,2003,2.0,2.0,2.0,2.0,3.0,2.0,Hot,2.0459755451546213e-06
Bolivia,2004,2.0,2.0,2.0,3.0,3.0,2.0,Hot,1.4598675652375448e-06
Bolivia,2005,2.0,2.0,2.0,3.0,3.0,2.0,Hot,1.379854393671503e-06
Bolivia,2006,2.0,2.0,2.0,3.0,3.0,2.0,Hot,1.5935310144481045e-06
Bolivia,2007,2.0,2.0,2.0,3.0,3.0,2.0,Hot,1.598964047845097e-06
Bolivia,2008,2.0,2.0,2.0,3.0,3.0,1.0,Hot,2.016655953089605e-06
Bolivia,2009,2.0,2.0,2.0,3.0,3.0,1.0,Hot,1.7295301285285392e-06
Bolivia,2010,2.0,2.0,3.0,3.0,3.0,1.0,Hot,1.812822214001492e-06
Bolivia,2011,2.0,2.0,3.0,3.0,3.0,1.0,Hot,1.9548987043874897e-06
Bolivia,2012,2.0,2.0,3.0,3.0,3.0,1.0,Hot,1.935418939845716e-06
Bolivia,2013,1.0,2.0,3.0,3.0,3.0,1.0,Hot,1.959190167738254e-06
Bosnia And Herzegovina,2000,1.0,2.0,1.0,1.0,1.0,1.0,Moderate,2.652815300885049e-07
Bosnia And Herzegovina,2001,1.0,2.0,1.0,0.0,1.0,1.0,Moderate,2.858730824855016e-07
Bosnia And Herzegovina,2002,1.0,2.0,1.0,0.0,1.0,1.0,Moderate,3.046571799263229e-07
Bosnia And Herzegovina,2003,1.0,2.0,1.0,0.0,1.0,1.0,Moderate,3.281442642171979e-07
Bosnia And Herzegovina,2004,0.0,2.0,1.0,1.0,1.0,1.0,Moderate,3.458252833062251e-07
Bosnia And Herzegovina,2005,0.0,2.0,1.0,1.0,1.0,1.0,Moderate,5.443868759825051e-07
Bosnia And Herzegovina,2006,0.0,2.0,1.0,1.0,1.0,1.0,Moderate,5.954023178468574e-07
Bosnia And Herzegovina,2007,1.0,2.0,1.0,1.0,1.0,1.0,Moderate,6.307179114302673e-07
Bosnia And Herzegovina,2008,1.0,2.0,1.0,1.0,1.0,1.0,Moderate,6.702665175366129e-07
Bosnia And Herzegovina,2009,1.0,2.0,1.0,1.0,1.0,1.0,Moderate,7.105809444555092e-07
Bosnia And Herzegovina,2010,0.0,2.0,1.0,1.0,1.0,1.0,Moderate,6.903171792726941e-07
Bosnia And Herzegovina,2011,1.0,2.0,1.0,1.0,1.0,1.0,Moderate,6.714662144078388e-07
Bosnia And Herzegovina,2012,1.0,2.0,1.0,1.0,1.0,1.0,Moderate,5.33427318616886e-07
Bosnia And Herzegovina,2013,1.0,2.0,1.0,1.0,1.0,1.0,Moderate,4.2486693481432987e-07
Botswana,2000,2.0,1.0,1.0,2.0,1.0,2.0,Hot,1.444540328805687e-07
Botswana,2001,2.0,1.0,1.0,2.0,1.0,2.0,Hot,1.7349660053519625e-07
Botswana,2002,2.0,1.0,1.0,2.0,1.0,2.0,Hot,1.5482732001034392e-07
Botswana,2003,2.0,1.0,1.0,1.0,0.0,2.0,Hot,7.70007511784871e-08
Botswana,2004,2.0,1.0,1.0,1.0,0.0,2.0,Hot,7.819092317987389e-08
Botswana,2005,2.0,1.0,1.0,1.0,0.0,2.0,Hot,9.19617574164986e-08
Botswana,2006,2.0,1.0,1.0,2.0,1.0,2.0,Hot,1.0922469150844046e-07
Botswana,2007,2.0,1.0,1.0,2.0,1.0,2.0,Hot,1.270712201261024e-07
Botswana,2008,2.0,1.0,1.0,3.0,1.0,2.0,Hot,1.9475523430343558e-07
Botswana,2009,2.0,1.0,1.0,1.0,1.0,2.0,Hot,9.924942215374201e-08
Botswana,2010,2.0,1.0,2.0,3.0,1.0,3.0,Hot,2.0111481945794118e-07
Botswana,2011,2.0,1.0,2.0,3.0,1.0,2.0,Hot,2.402263360494425e-07
Botswana,2012,2.0,1.0,1.0,2.0,1.0,2.0,Hot,1.5718610152359954e-07
Botswana,2013,2.0,1.0,1.0,2.0,1.0,2.0,Hot,1.727695015353235e-07
Brazil,2000,3.0,4.0,4.0,4.0,4.0,1.0,Hot,5.283291608040537e-05
Brazil,2001,3.0,4.0,4.0,4.0,4.0,1.0,Hot,4.4568145931356176e-05
Brazil,2002,3.0,4.0,4.0,4.0,4.0,1.0,Hot,5.26472856082709e-05
Brazil,2003,3.0,4.0,4.0,4.0,4.0,1.0,Hot,5.440916082001016e-05
Brazil,2004,3.0,4.0,4.0,4.0,4.0,1.0,Hot,5.538311927552446e-05
Brazil,2005,3.0,4.0,4.0,4.0,4.0,1.0,Hot,5.681708626013352e-05
Brazil,2006,3.0,4.0,4.0,4.0,4.0,1.0,Hot,4.5994920657790713e-05
Brazil,2007,3.0,4.0,4.0,4.0,4.0,1.0,Hot,3.744388984366819e-05
Brazil,2008,3.0,4.0,4.0,4.0,4.0,2.0,Hot,3.3001303944842464e-05
Brazil,2009,3.0,4.0,4.0,4.0,4.0,1.0,Hot,3.671801447934624e-05
Brazil,2010,3.0,4.0,4.0,4.0,4.0,1.0,Hot,3.375592453084305e-05
Brazil,2011,3.0,4.0,4.0,4.0,4.0,1.0,Hot,3.344196978253412e-05
Brazil,2012,3.0,4.0,4.0,4.0,4.0,2.0,Hot,2.4591001991321224e-05
Brazil,2013,3.0,4.0,4.0,4.0,4.0,2.0,Hot,2.411656269337144e-05
Bulgaria,2000,1.0,3.0,2.0,2.0,2.0,1.0,Moderate,1.234806507316711e-06
Bulgaria,2001,1.0,3.0,2.0,2.0,2.0,1.0,Moderate,1.064241911278778e-06
Bulgaria,2002,1.0,3.0,2.0,2.0,2.0,1.0,Moderate,8.176461379446279e-07
Bulgaria,2003,0.0,3.0,2.0,2.0,2.0,1.0,Moderate,9.145200297720948e-07
Bulgaria,2004,0.0,3.0,2.0,2.0,2.0,1.0,Moderate,8.501057900186797e-07
Bulgaria,2005,0.0,3.0,2.0,2.0,2.0,1.0,Moderate,8.592543102058743e-07
Bulgaria,2006,0.0,3.0,2.0,2.0,2.0,1.0,Moderate,8.530734063784777e-07
Bulgaria,2007,1.0,3.0,2.0,2.0,2.0,2.0,Moderate,8.173957565358209e-07
Bulgaria,2008,1.0,3.0,2.0,2.0,2.0,2.0,Moderate,6.998160114853694e-07
Bulgaria,2009,1.0,3.0,2.0,2.0,2.0,2.0,Moderate,5.821591676289843e-07
Bulgaria,2010,1.0,3.0,1.0,2.0,2.0,2.0,Moderate,6.841507123065521e-07
Bulgaria,2011,0.0,3.0,2.0,2.0,2.0,2.0,Moderate,8.049188874167048e-07
Bulgaria,2012,1.0,3.0,1.0,2.0,2.0,2.0,Moderate,7.041856925232576e-07
Bulgaria,2013,1.0,2.0,1.0,2.0,2.0,2.0,Moderate,5.704271872907279e-07
Burkina Faso,2000,4.0,0.0,2.0,2.0,1.0,1.0,Hot,8.173052421580064e-07
Burkina Faso,2001,4.0,0.0,2.0,2.0,1.0,1.0,Hot,6.966710803502102e-07
Burkina Faso,2002,4.0,0.0,2.0,2.0,1.0,1.0,Hot,5.678045438608947e-07
Burkina Faso,2003,4.0,0.0,2.0,3.0,1.0,1.0,Hot,6.478366507040889e-07
Burkina Faso,2004,4.0,0.0,2.0,3.0,1.0,1.0,Hot,6.850235279209135e-07
Burkina Faso,2005,4.0,0.0,2.0,3.0,1.0,1.0,Hot,6.667168212982484e-07
Burkina Faso,2006,4.0,0.0,2.0,3.0,2.0,1.0,Hot,7.839247541725997e-07
Burkina Faso,2007,4.0,0.0,2.0,3.0,2.0,1.0,Hot,6.426744906275785e-07
Burkina Faso,2008,4.0,0.0,2.0,3.0,2.0,2.0,Hot,5.659891645494515e-07
Burkina Faso,2009,4.0,0.0,2.0,3.0,2.0,2.0,Hot,5.129233283274939e-07
Burkina Faso,2010,4.0,1.0,2.0,3.0,2.0,2.0,Hot,6.100059021501707e-07
Burkina Faso,2011,4.0,1.0,2.0,3.0,2.0,2.0,Hot,6.132736764276875e-07
Burkina Faso,2012,4.0,1.0,2.0,3.0,2.0,2.0,Hot,6.042077140245653e-07
Burkina Faso,2013,4.0,1.0,2.0,3.0,2.0,2.0,Hot,5.872851301672194e-07
Burundi,2000,1.0,0.0,0.0,0.0,0.0,3.0,Hot,2.7216999226876324e-08
Burundi,2001,1.0,0.0,0.0,0.0,0.0,3.0,Hot,2.65098874287978e-08
Burundi,2002,2.0,0.0,0.0,0.0,0.0,4.0,Hot,2.2251290867033293e-08
Burundi,2003,2.0,0.0,0.0,0.0,0.0,4.0,Hot,2.259794740334592e-08
Burundi,2004,2.0,0.0,0.0,0.0,0.0,4.0,Hot,1.8007686201795906e-08
Burundi,2005,2.0,0.0,0.0,0.0,0.0,4.0,Hot,2.0057000550443973e-08
Burundi,2006,2.0,0.0,0.0,0.0,0.0,4.0,Hot,2.1731891896228334e-08
Burundi,2007,1.0,0.0,0.0,0.0,0.0,4.0,Hot,2.18032175350279e-08
Burundi,2008,1.0,0.0,0.0,0.0,0.0,4.0,Hot,2.269345963746324e-08
Burundi,2009,2.0,0.0,0.0,0.0,0.0,4.0,Hot,2.3411569995405137e-08
Burundi,2010,2.0,0.0,0.0,1.0,0.0,4.0,Hot,2.5098373287560347e-08
Burundi,2011,1.0,0.0,0.0,1.0,0.0,4.0,Hot,2.7605473724425282e-08
Burundi,2012,2.0,0.0,0.0,1.0,0.0,4.0,Hot,2.559858449879357e-08
Burundi,2013,2.0,0.0,1.0,1.0,0.0,4.0,Hot,2.8405905465262508e-08
Cambodia,2000,4.0,1.0,2.0,2.0,2.0,3.0,Hot,3.261521760692187e-07
Cambodia,2001,4.0,1.0,2.0,2.0,2.0,3.0,Hot,3.0621275763654254e-07
Cambodia,2002,4.0,1.0,2.0,2.0,2.0,3.0,Hot,2.8339399124342565e-07
Cambodia,2003,4.0,1.0,2.0,2.0,2.0,3.0,Hot,3.065036299207261e-07
Cambodia,2004,4.0,1.0,2.0,2.0,2.0,3.0,Hot,3.023273019752432e-07
Cambodia,2005,4.0,1.0,2.0,2.0,2.0,3.0,Hot,2.600511684002981e-07
Cambodia,2006,4.0,1.0,2.0,2.0,2.0,3.0,Hot,2.2788764878307082e-07
Cambodia,2007,4.0,1.0,2.0,2.0,2.0,3.0,Hot,2.194842170710474e-07
Cambodia,2008,3.0,1.0,2.0,2.0,2.0,3.0,Hot,2.2003327233733278e-07
Cambodia,2009,4.0,1.0,2.0,2.0,2.0,3.0,Hot,2.6170097942545774e-07
Cambodia,2010,4.0,1.0,2.0,2.0,2.0,3.0,Hot,2.800519073528047e-07
Cambodia,2011,4.0,1.0,3.0,2.0,2.0,3.0,Hot,3.18069758682205e-07
Cambodia,2012,4.0,1.0,2.0,2.0,2.0,3.0,Hot,3.426596275446606e-07
Cambodia,2013,4.0,1.0,2.0,2.0,2.0,3.0,Hot,3.492049478042519e-07
Cameroon,2000,2.0,1.0,2.0,2.0,2.0,2.0,Hot,6.31740880440984e-07
Cameroon,2001,2.0,1.0,2.0,2.0,2.0,2.0,Hot,5.442010618079801e-07
Cameroon,2002,3.0,1.0,2.0,2.0,2.0,2.0,Hot,5.300529480994819e-07
Cameroon,2003,3.0,1.0,2.0,2.0,2.0,2.0,Hot,5.550758018056888e-07
Cameroon,2004,3.0,1.0,2.0,2.0,2.0,2.0,Hot,5.199419176184689e-07
Cameroon,2005,3.0,1.0,2.0,2.0,2.0,2.0,Hot,5.022998497477822e-07
Cameroon,2006,3.0,1.0,2.0,2.0,2.0,3.0,Hot,4.4108145294060473e-07
Cameroon,2007,3.0,2.0,2.0,2.0,2.0,3.0,Hot,4.6969542561660563e-07
Cameroon,2008,3.0,2.0,2.0,2.0,3.0,3.0,Hot,6.10932567811909e-07
Cameroon,2009,3.0,2.0,2.0,2.0,3.0,3.0,Hot,7.071664620686869e-07
Cameroon,2010,3.0,2.0,2.0,2.0,2.0,3.0,Hot,5.305192259586347e-07
Cameroon,2011,3.0,2.0,2.0,2.0,2.0,3.0,Hot,4.650879179228196e-07
Cameroon,2012,3.0,2.0,2.0,2.0,2.0,3.0,Hot,3.865170821109065e-07
Cameroon,2013,3.0,2.0,2.0,2.0,2.0,3.0,Hot,4.220506369640704e-07
Canada,2000,0.0,4.0,4.0,4.0,4.0,3.0,Cold,6.554133151657712e-06
Canada,2001,0.0,4.0,4.0,4.0,4.0,3.0,Cold,6.121357956190395e-06
Canada,2002,0.0,4.0,4.0,4.0,4.0,3.0,Cold,5.820109437992421e-06
Canada,2003,0.0,4.0,4.0,4.0,4.0,3.0,Cold,6.155960522764331e-06
Canada,2004,0.0,4.0,4.0,4.0,4.0,3.0,Cold,6.10673441840868e-06
Canada,2005,0.0,4.0,4.0,4.0,4.0,3.0,Cold,5.964750439017855e-06
Canada,2006,0.0,4.0,4.0,4.0,4.0,3.0,Cold,5.367570833436266e-06
Canada,2007,0.0,4.0,4.0,4.0,4.0,3.0,Cold,5.111529942767256e-06
Canada,2008,0.0,4.0,4.0,4.0,4.0,3.0,Cold,4.931784799748259e-06
Canada,2009,0.0,4.0,4.0,4.0,4.0,3.0,Cold,4.275249842119309e-06
Canada,2010,0.0,4.0,4.0,4.0,4.0,3.0,Cold,4.122082132722901e-06
Canada,2011,0.0,4.0,4.0,4.0,4.0,3.0,Cold,4.325865709179974e-06
Canada,2012,0.0,4.0,4.0,4.0,4.0,3.0,Cold,4.347621712772847e-06
Canada,2013,0.0,4.0,4.0,4.0,4.0,3.0,Cold,4.232863470485963e-06
Cape Verde,2000,2.0,0.0,0.0,0.0,0.0,1.0,Hot,1.0106288740273072e-08
Cape Verde,2001,3.0,0.0,0.0,0.0,0.0,1.0,Hot,1.220573302590176e-08
Cape Verde,2002,3.0,0.0,0.0,0.0,0.0,1.0,Hot,1.4368270953657665e-08
Cape Verde,2003,2.0,0.0,0.0,0.0,0.0,1.0,Hot,1.32072790813938e-08
Cape Verde,2004,3.0,0.0,0.0,0.0,0.0,1.0,Hot,1.172281691619511e-08
Cape Verde,2005,3.0,0.0,0.0,0.0,0.0,1.0,Hot,1.2697770584096965e-08
Cape Verde,2006,3.0,0.0,0.0,0.0,0.0,1.0,Hot,1.3904867988570892e-08
Cape Verde,2007,2.0,0.0,0.0,0.0,0.0,1.0,Hot,1.8462522147070137e-08
Cape Verde,2008,3.0,0.0,0.0,0.0,0.0,1.0,Hot,1.5034516565450638e-08
Cape Verde,2009,2.0,0.0,0.0,0.0,0.0,1.0,Hot,2.267861733686179e-08
Cape Verde,2010,3.0,0.0,0.0,0.0,0.0,1.0,Hot,2.3218010763139922e-08
Cape Verde,2011,3.0,0.0,0.0,0.0,0.0,1.0,Hot,2.1033374910417413e-08
Cape Verde,2012,3.0,0.0,0.0,0.0,0.0,1.0,Hot,1.865742705200806e-08
Cape Verde,2013,2.0,0.0,0.0,0.0,0.0,1.0,Hot,1.5623677672428922e-08
Central African Republic,2000,3.0,0.0,2.0,3.0,1.0,3.0,Hot,2.0205247998697177e-07
Central African Republic,2001,3.0,0.0,2.0,3.0,1.0,2.0,Hot,2.723472509903545e-07
Central African Republic,2002,3.0,0.0,1.0,3.0,1.0,2.0,Hot,2.2858058871017946e-07
Central African Republic,2003,3.0,0.0,2.0,3.0,1.0,1.0,Hot,9.521735110499164e-07
Central African Republic,2004,3.0,0.0,2.0,3.0,1.0,0.0,Hot,9.554126117764022e-07
Central African Republic,2005,3.0,0.0,2.0,3.0,1.0,0.0,Hot,1.0646969175294317e-06
Central African Republic,2006,3.0,0.0,2.0,3.0,1.0,0.0,Hot,1.007408050531913e-06
Central African Republic,2007,3.0,0.0,2.0,3.0,1.0,1.0,Hot,9.926575628209666e-07
Central African Republic,2008,3.0,0.0,2.0,3.0,1.0,1.0,Hot,1.1113347584059771e-06
Central African Republic,2009,3.0,0.0,2.0,3.0,1.0,1.0,Hot,8.165219806426034e-07
Central African Republic,2010,3.0,0.0,2.0,3.0,1.0,1.0,Hot,8.296085565468835e-07
Central African Republic,2011,3.0,0.0,2.0,3.0,1.0,1.0,Hot,8.131037144930146e-07
Central African Republic,2012,3.0,0.0,2.0,3.0,1.0,1.0,Hot,7.004710793248719e-07
Central African Republic,2013,3.0,0.0,2.0,3.0,1.0,1.0,Hot,7.396616889229817e-07
Chad,2000,4.0,0.0,3.0,3.0,2.0,2.0,Hot,3.79547104557037e-07
Chad,2001,4.0,0.0,3.0,3.0,2.0,3.0,Hot,3.191414024881801e-07
Chad,2002,4.0,0.0,3.0,3.0,2.0,3.0,Hot,3.328462988400409e-07
Chad,2003,4.0,0.0,3.0,3.0,2.0,3.0,Hot,3.579559581771014e-07
Chad,2004,4.0,0.0,3.0,3.0,2.0,3.0,Hot,3.6406278472344426e-07
Chad,2005,4.0,0.0,3.0,3.0,2.0,3.0,Hot,3.377225823799025e-07
Chad,2006,4.0,0.0,3.0,3.0,2.0,3.0,Hot,3.264393440811746e-07
Chad,2007,4.0,0.0,3.0,3.0,2.0,3.0,Hot,3.468392071403316e-07
Chad,2008,4.0,0.0,3.0,3.0,2.0,3.0,Hot,3.745926518857485e-07
Chad,2009,4.0,0.0,3.0,3.0,2.0,3.0,Hot,4.314387344619653e-07
Chad,2010,4.0,0.0,3.0,3.0,2.0,3.0,Hot,4.185122508755758e-07
Chad,2011,4.0,0.0,3.0,3.0,3.0,3.0,Hot,4.919176564667643e-07
Chad,2012,4.0,0.0,3.0,3.0,3.0,3.0,Hot,5.249146160794211e-07
Chad,2013,4.0,1.0,3.0,3.0,3.0,3.0,Hot,5.174849563655811e-07
Chile,2000,0.0,3.0,3.0,3.0,3.0,3.0,Cold,4.838803968565944e-07
Chile,2001,0.0,3.0,3.0,3.0,3.0,3.0,Cold,4.790221288435904e-07
Chile,2002,0.0,3.0,3.0,3.0,3.0,3.0,Cold,4.651080824385298e-07
Chile,2003,0.0,3.0,3.0,3.0,3.0,3.0,Moderate,5.062603395031385e-07
Chile,2004,0.0,3.0,3.0,3.0,3.0,3.0,Moderate,5.215705706199096e-07
Chile,2005,0.0,3.0,3.0,3.0,3.0,3.0,Cold,5.148618743785298e-07
Chile,2006,0.0,3.0,3.0,3.0,3.0,3.0,Moderate,4.687841579234453e-07
Chile,2007,0.0,3.0,3.0,3.0,3.0,3.0,Cold,5.378084697696828e-07
Chile,2008,0.0,3.0,3.0,3.0,3.0,3.0,Moderate,5.16669900089154e-07
Chile,2009,0.0,3.0,3.0,3.0,3.0,3.0,Cold,4.931114625578603e-07
Chile,2010,0.0,3.0,2.0,3.0,3.0,4.0,Cold,4.848239167776965e-07
Chile,2011,0.0,3.0,2.0,3.0,3.0,3.0,Moderate,5.693064068388438e-07
Chile,2012,0.0,3.0,3.0,3.0,3.0,3.0,Moderate,6.272029790426921e-07
Chile,2013,0.0,3.0,2.0,3.0,3.0,3.0,Cold,5.804816288288918e-07
China,2000,0.0,4.0,4.0,4.0,4.0,3.0,Cold,3.0044919270782098e-05
China,2001,0.0,4.0,4.0,4.0,4.0,3.0,Cold,2.8169664016196477e-05
China,2002,0.0,4.0,4.0,4.0,4.0,3.0,Cold,2.984679275350706e-05
China,2003,0.0,4.0,4.0,4.0,4.0,3.0,Cold,3.46696372252464e-05
China,2004,0.0,4.0,4.0,4.0,4.0,3.0,Cold,3.504861450740118e-05
China,2005,0.0,4.0,4.0,4.0,4.0,3.0,Cold,3.65316636528373e-05
China,2006,0.0,4.0,4.0,4.0,4.0,3.0,Cold,3.832490131024629e-05
China,2007,0.0,4.0,4.0,4.0,4.0,3.0,Cold,4.86365974940325e-05
China,2008,0.0,4.0,4.0,4.0,4.0,3.0,Cold,4.880698637959436e-05
China,2009,0.0,4.0,4.0,4.0,4.0,3.0,Cold,5.116851528283369e-05
China,2010,0.0,4.0,4.0,4.0,4.0,3.0,Cold,5.175041104826096e-05
China,2011,0.0,4.0,4.0,4.0,4.0,3.0,Cold,5.1248484263466005e-05
China,2012,0.0,4.0,4.0,4.0,4.0,3.0,Cold,4.844552282910261e-05
China,2013,0.0,4.0,4.0,4.0,4.0,3.0,Cold,4.682546929819312e-05
Colombia,2000,3.0,3.0,4.0,3.0,3.0,3.0,Hot,1.286615386778585e-06
Colombia,2001,3.0,3.0,4.0,3.0,3.0,3.0,Hot,1.189701263932352e-06
Colombia,2002,3.0,3.0,4.0,3.0,3.0,3.0,Hot,1.4058807211954634e-06
Colombia,2003,3.0,3.0,4.0,3.0,3.0,3.0,Hot,2.0720266485651488e-06
Colombia,2004,3.0,3.0,4.0,3.0,3.0,3.0,Hot,1.45479473755586e-06
Colombia,2005,3.0,3.0,4.0,3.0,3.0,3.0,Hot,1.1970483309058934e-06
Colombia,2006,3.0,3.0,4.0,3.0,3.0,2.0,Hot,1.5058309404576577e-06
Colombia,2007,3.0,3.0,4.0,3.0,3.0,2.0,Hot,1.5234509682279117e-06
Colombia,2008,3.0,3.0,4.0,3.0,3.0,3.0,Hot,1.2685862650779756e-06
Colombia,2009,3.0,3.0,4.0,3.0,3.0,3.0,Hot,1.323880997698156e-06
Colombia,2010,3.0,3.0,4.0,3.0,3.0,2.0,Hot,1.4079440966734704e-06
Colombia,2011,3.0,3.0,4.0,3.0,3.0,2.0,Hot,2.270302751689985e-06
Colombia,2012,3.0,3.0,4.0,3.0,4.0,3.0,Hot,3.366387196513148e-06
Colombia,2013,3.0,3.0,4.0,3.0,3.0,2.0,Hot,2.5192127347674057e-06
Comoros,2000,3.0,0.0,0.0,0.0,0.0,1.0,Hot,1.2270931141459036e-08
Comoros,2001,3.0,0.0,0.0,0.0,0.0,1.0,Hot,1.1512820875069838e-08
Comoros,2002,3.0,0.0,0.0,0.0,0.0,1.0,Hot,1.0735223504764286e-08
Comoros,2003,3.0,0.0,0.0,0.0,0.0,1.0,Hot,1.0828799995647933e-08
Comoros,2004,3.0,0.0,0.0,0.0,0.0,1.0,Hot,1.0861860572452297e-08
Comoros,2005,3.0,0.0,0.0,0.0,0.0,1.0,Hot,1.0119511918694597e-08
Comoros,2006,3.0,0.0,0.0,0.0,0.0,1.0,Hot,1.1092317430077245e-08
Comoros,2007,3.0,0.0,0.0,0.0,0.0,1.0,Hot,9.3518396511129e-09
Comoros,2008,3.0,0.0,0.0,0.0,0.0,1.0,Hot,9.096424793209423e-09
Comoros,2009,3.0,0.0,0.0,0.0,0.0,1.0,Hot,1.4832441135851196e-08
Comoros,2010,3.0,0.0,0.0,0.0,0.0,1.0,Hot,1.4871106927084448e-08
Comoros,2011,3.0,0.0,0.0,0.0,0.0,1.0,Hot,1.5094293822223898e-08
Comoros,2012,3.0,0.0,0.0,0.0,0.0,1.0,Hot,1.526209300597381e-08
Comoros,2013,3.0,0.0,0.0,0.0,0.0,1.0,Hot,1.5598510335625283e-08
Congo,2000,2.0,1.0,2.0,1.0,2.0,3.0,Hot,2.679127744112245e-07
Congo,2001,2.0,1.0,2.0,0.0,1.0,3.0,Hot,2.1245301122518447e-07
Congo,2002,3.0,1.0,2.0,0.0,1.0,3.0,Hot,1.6714301903442405e-07
Congo,2003,3.0,1.0,2.0,1.0,1.0,3.0,Hot,1.8352564372441265e-07
Congo,2004,3.0,1.0,2.0,1.0,1.0,3.0,Hot,1.59827456005832e-07
Congo,2005,3.0,1.0,2.0,1.0,1.0,3.0,Hot,1.7149369672211589e-07
Congo,2006,3.0,1.0,2.0,1.0,1.0,3.0,Hot,1.7027088531563678e-07
Congo,2007,3.0,1.0,2.0,1.0,1.0,3.0,Hot,1.8810451080195057e-07
Congo,2008,3.0,1.0,2.0,1.0,1.0,3.0,Hot,1.8757285206705166e-07
Congo,2009,3.0,1.0,2.0,1.0,1.0,3.0,Hot,1.966261559511483e-07
Congo,2010,3.0,1.0,2.0,1.0,2.0,3.0,Hot,2.306514031386493e-07
Congo,2011,2.0,1.0,2.0,1.0,2.0,3.0,Hot,2.2951308594398e-07
Congo,2012,3.0,1.0,2.0,1.0,2.0,3.0,Hot,2.1143528309287045e-07
Congo,2013,3.0,1.0,2.0,1.0,2.0,3.0,Hot,2.0359675785762264e-07
Costa Rica,2000,3.0,1.0,1.0,1.0,1.0,4.0,Hot,6.112529973568075e-08
Costa Rica,2001,3.0,1.0,1.0,1.0,1.0,3.0,Hot,6.501621607276646e-08
Costa Rica,2002,3.0,1.0,1.0,1.0,1.0,3.0,Hot,7.50276569554044e-08
Costa Rica,2003,3.0,1.0,1.0,1.0,1.0,3.0,Hot,7.837935809958883e-08
Costa Rica,2004,3.0,1.0,1.0,1.0,1.0,3.0,Hot,5.75673110879567e-08
Costa Rica,2005,3.0,1.0,1.0,1.0,1.0,3.0,Hot,5.6611571476919614e-08
Costa Rica,2006,3.0,1.0,1.0,1.0,1.0,3.0,Hot,5.609680853348018e-08
Costa Rica,2007,3.0,2.0,1.0,1.0,1.0,3.0,Hot,7.036263665560629e-08
Costa Rica,2008,3.0,2.0,1.0,1.0,1.0,3.0,Hot,8.711060647073176e-08
Costa Rica,2009,3.0,2.0,1.0,1.0,1.0,3.0,Hot,8.316561839986068e-08
Costa Rica,2010,3.0,2.0,1.0,1.0,1.0,3.0,Hot,7.244930241492728e-08
Costa Rica,2011,3.0,2.0,1.0,1.0,1.0,4.0,Hot,6.163593120010535e-08
Costa Rica,2012,3.0,2.0,1.0,1.0,1.0,3.0,Hot,7.98563762400233e-08
Costa Rica,2013,3.0,2.0,1.0,1.0,1.0,4.0,Hot,6.605428151788516e-08
Croatia,2000,1.0,2.0,0.0,1.0,1.0,4.0,Moderate,6.286546054471208e-08
Croatia,2001,1.0,2.0,1.0,1.0,1.0,1.0,Moderate,3.540122400842067e-07
Croatia,2002,1.0,2.0,0.0,1.0,1.0,1.0,Moderate,3.2746255372153484e-07
Croatia,2003,1.0,2.0,1.0,1.0,1.0,1.0,Moderate,3.962004916899973e-07
Croatia,2004,1.0,2.0,1.0,1.0,1.0,1.0,Moderate,3.765055877036911e-07
Croatia,2005,1.0,2.0,1.0,1.0,1.0,1.0,Moderate,3.431366213645173e-07
Croatia,2006,1.0,2.0,1.0,2.0,1.0,1.0,Moderate,3.844311086972269e-07
Croatia,2007,1.0,2.0,1.0,2.0,1.0,1.0,Moderate,4.233870290421651e-07
Croatia,2008,1.0,2.0,1.0,2.0,1.0,1.0,Moderate,3.563748890678728e-07
Croatia,2009,1.0,2.0,1.0,1.0,1.0,1.0,Moderate,3.5004244200659865e-07
Croatia,2010,1.0,2.0,1.0,1.0,1.0,1.0,Moderate,3.467708692611277e-07
Croatia,2011,1.0,2.0,1.0,1.0,1.0,1.0,Moderate,3.143012819126459e-07
Croatia,2012,1.0,2.0,1.0,1.0,1.0,1.0,Moderate,4.093592651439706e-07
Croatia,2013,1.0,2.0,1.0,1.0,1.0,1.0,Moderate,3.149168196979702e-07
Cuba,2000,3.0,2.0,2.0,2.0,2.0,4.0,Hot,2.455002730742672e-07
Cuba,2001,3.0,2.0,2.0,2.0,2.0,3.0,Hot,3.359122107498735e-07
Cuba,2002,3.0,2.0,2.0,2.0,2.0,3.0,Hot,2.75158822162711e-07
Cuba,2003,3.0,2.0,2.0,2.0,2.0,3.0,Hot,2.5308312789187106e-07
Cuba,2004,3.0,2.0,2.0,2.0,2.0,3.0,Hot,2.551464582268624e-07
Cuba,2005,3.0,2.0,2.0,2.0,2.0,3.0,Hot,2.400882902239891e-07
Cuba,2006,3.0,2.0,2.0,2.0,1.0,3.0,Hot,2.3727067946360213e-07
Cuba,2007,3.0,2.0,2.0,2.0,1.0,3.0,Hot,2.0888467803217206e-07
Cuba,2008,3.0,2.0,2.0,2.0,1.0,3.0,Hot,1.9482184816828745e-07
Cuba,2009,3.0,2.0,2.0,2.0,1.0,3.0,Hot,1.9249150646320093e-07
Cuba,2010,3.0,2.0,2.0,2.0,2.0,3.0,Hot,2.066069124634935e-07
Cuba,2011,3.0,2.0,2.0,2.0,1.0,3.0,Hot,1.484968584110876e-07
Cuba,2012,3.0,2.0,2.0,2.0,1.0,3.0,Hot,1.7550575891947756e-07
Cuba,2013,3.0,2.0,2.0,2.0,1.0,3.0,Hot,1.819210807491197e-07
Denmark,2000,0.0,3.0,1.0,2.0,2.0,1.0,Cold,1.0031371291113305e-06
Denmark,2001,0.0,3.0,1.0,2.0,2.0,1.0,Cold,1.1009456616429616e-06
Denmark,2002,0.0,3.0,1.0,2.0,2.0,1.0,Cold,1.2399757147810586e-06
Denmark,2003,0.0,3.0,1.0,2.0,2.0,1.0,Cold,1.2322104124019871e-06
Denmark,2004,0.0,3.0,1.0,2.0,2.0,1.0,Cold,1.231400494561824e-06
Denmark,2005,0.0,3.0,1.0,2.0,2.0,1.0,Cold,1.0870377873388425e-06
Denmark,2006,0.0,3.0,1.0,2.0,2.0,1.0,Cold,1.2370912584103062e-06
Denmark,2007,0.0,3.0,1.0,2.0,2.0,2.0,Cold,8.973980658412732e-07
Denmark,2008,0.0,3.0,1.0,2.0,2.0,2.0,Cold,8.636789310592959e-07
Denmark,2009,0.0,3.0,1.0,2.0,2.0,1.0,Cold,8.665618602718375e-07
Denmark,2010,0.0,3.0,1.0,2.0,2.0,1.0,Cold,9.233614478441264e-07
Denmark,2011,0.0,2.0,1.0,2.0,2.0,2.0,Cold,7.376127449251712e-07
Denmark,2012,0.0,2.0,1.0,2.0,2.0,2.0,Cold,7.500879945890205e-07
Denmark,2013,0.0,2.0,1.0,2.0,2.0,1.0,Cold,8.276529007729325e-07
Djibouti,2000,4.0,0.0,0.0,0.0,0.0,1.0,Hot,2.4946695364979705e-08
Djibouti,2001,4.0,0.0,0.0,0.0,0.0,1.0,Hot,2.166130911550857e-08
Djibouti,2002,4.0,0.0,0.0,0.0,0.0,2.0,Hot,2.043874613437152e-08
Djibouti,2003,4.0,0.0,0.0,0.0,0.0,2.0,Hot,1.8827193618327747e-08
Djibouti,2004,4.0,0.0,0.0,0.0,0.0,1.0,Hot,2.142973400469512e-08
Djibouti,2005,4.0,0.0,0.0,0.0,0.0,2.0,Hot,1.9053190153765543e-08
Djibouti,2006,4.0,0.0,0.0,0.0,0.0,2.0,Hot,1.9742125732598574e-08
Djibouti,2007,4.0,0.0,0.0,0.0,0.0,2.0,Hot,1.949699790029111e-08
Djibouti,2008,4.0,0.0,0.0,0.0,0.0,2.0,Hot,2.067307612119212e-08
Djibouti,2009,4.0,0.0,0.0,0.0,0.0,2.0,Hot,1.8937563378667512e-08
Djibouti,2010,4.0,0.0,0.0,0.0,0.0,2.0,Hot,2.002847937572196e-08
Djibouti,2011,4.0,0.0,0.0,0.0,0.0,2.0,Hot,1.945217015592044e-08
Djibouti,2012,4.0,0.0,0.0,0.0,0.0,2.0,Hot,1.9639986938571812e-08
Djibouti,2013,4.0,0.0,0.0,0.0,0.0,2.0,Hot,1.9982854445524508e-08
Dominica,2000,3.0,0.0,0.0,0.0,0.0,3.0,Hot,1.3027942478348946e-09
Dominica,2001,3.0,0.0,0.0,0.0,0.0,3.0,Hot,1.2151825358686926e-09
Dominica,2002,3.0,0.0,0.0,0.0,0.0,2.0,Hot,1.114496398514077e-09
Dominica,2003,4.0,0.0,0.0,0.0,0.0,2.0,Hot,1.2273989832042108e-09
Dominica,2004,3.0,0.0,0.0,0.0,0.0,2.0,Hot,1.5805128098106886e-09
Dominica,2005,4.0,0.0,0.0,0.0,0.0,2.0,Hot,1.4490347872590443e-09
Dominica,2006,4.0,0.0,0.0,0.0,0.0,2.0,Hot,1.805932748984861e-09
Dominica,2007,4.0,0.0,0.0,0.0,0.0,2.0,Hot,1.725630280797077e-09
Dominica,2008,3.0,0.0,0.0,0.0,0.0,2.0,Hot,1.7441745968026243e-09
Dominica,2009,4.0,0.0,0.0,0.0,0.0,2.0,Hot,1.4559904998680186e-09
Dominica,2010,4.0,0.0,0.0,0.0,0.0,2.0,Hot,1.608726429671506e-09
Dominica,2011,4.0,0.0,0.0,0.0,0.0,2.0,Hot,1.5022578587141903e-09
Dominica,2012,4.0,0.0,0.0,0.0,0.0,2.0,Hot,1.597838085462875e-09
Dominica,2013,3.0,0.0,0.0,0.0,0.0,2.0,Hot,1.4017976064700743e-09
Dominican Republic,2000,3.0,2.0,1.0,1.0,1.0,1.0,Hot,4.7057248119407654e-07
Dominican Republic,2001,3.0,2.0,1.0,1.0,1.0,1.0,Hot,4.611728973079872e-07
Dominican Republic,2002,3.0,2.0,1.0,1.0,1.0,1.0,Hot,4.048729554521568e-07
Dominican Republic,2003,3.0,2.0,1.0,1.0,1.0,2.0,Hot,4.091569552461474e-07
Dominican Republic,2004,3.0,2.0,1.0,1.0,1.0,2.0,Hot,3.627183074155616e-07
Dominican Republic,2005,3.0,2.0,1.0,1.0,1.0,2.0,Hot,3.543514878188634e-07
Dominican Republic,2006,3.0,2.0,1.0,1.0,1.0,0.0,Hot,1.7957973814706532e-06
Dominican Republic,2007,3.0,2.0,1.0,1.0,1.0,0.0,Hot,2.012205868689692e-06
Dominican Republic,2008,3.0,2.0,1.0,1.0,1.0,0.0,Hot,1.955399325852325e-06
Dominican Republic,2009,3.0,2.0,1.0,1.0,1.0,0.0,Hot,1.8472381414731745e-06
Dominican Republic,2010,3.0,2.0,1.0,2.0,1.0,0.0,Hot,1.939435359594565e-06
Dominican Republic,2011,3.0,2.0,1.0,2.0,1.0,0.0,Hot,1.7887651805148849e-06
Dominican Republic,2012,3.0,2.0,2.0,1.0,1.0,0.0,Hot,1.7310050686060732e-06
Dominican Republic,2013,3.0,2.0,2.0,2.0,1.0,0.0,Hot,1.8278934860563372e-06
Ecuador,2000,2.0,2.0,2.0,2.0,2.0,2.0,Hot,8.377654189388712e-07
Ecuador,2001,2.0,2.0,2.0,2.0,2.0,2.0,Hot,8.312153043460773e-07
Ecuador,2002,2.0,2.0,2.0,2.0,2.0,2.0,Hot,6.836156860855729e-07
Ecuador,2003,2.0,2.0,2.0,2.0,3.0,2.0,Hot,1.437165039135366e-06
Ecuador,2004,2.0,2.0,3.0,2.0,2.0,2.0,Hot,8.700911215126417e-07
Ecuador,2005,2.0,2.0,3.0,2.0,2.0,2.0,Hot,6.967554781064366e-07
Ecuador,2006,2.0,2.0,3.0,2.0,2.0,2.0,Hot,6.413736893383409e-07
Ecuador,2007,2.0,2.0,3.0,2.0,3.0,2.0,Hot,8.011179320387229e-07
Ecuador,2008,2.0,2.0,3.0,2.0,2.0,2.0,Hot,7.066851430017279e-07
Ecuador,2009,2.0,2.0,3.0,2.0,2.0,2.0,Hot,6.277501294303929e-07
Ecuador,2010,2.0,2.0,3.0,2.0,2.0,2.0,Hot,6.190938875948121e-07
Ecuador,2011,2.0,2.0,3.0,2.0,3.0,2.0,Hot,8.074207412783775e-07
Ecuador,2012,2.0,2.0,3.0,2.0,2.0,2.0,Hot,5.946939074719674e-07
Ecuador,2013,2.0,2.0,3.0,2.0,3.0,2.0,Hot,6.998158703676887e-07
Egypt,2000,2.0,3.0,3.0,3.0,3.0,3.0,Hot,1.2913283948455827e-06
Egypt,2001,2.0,3.0,3.0,3.0,3.0,3.0,Hot,1.223042709474041e-06
Egypt,2002,2.0,3.0,3.0,3.0,3.0,3.0,Hot,1.2685702219300042e-06
Egypt,2003,2.0,3.0,3.0,3.0,3.0,3.0,Hot,1.2843288831047945e-06
Egypt,2004,2.0,3.0,3.0,3.0,3.0,3.0,Hot,1.4116206782959675e-06
Egypt,2005,2.0,3.0,3.0,4.0,3.0,3.0,Hot,1.5404810232977151e-06
Egypt,2006,2.0,3.0,3.0,4.0,3.0,3.0,Hot,1.764756721607483e-06
Egypt,2007,2.0,4.0,3.0,4.0,3.0,3.0,Hot,1.659997113809592e-06
Egypt,2008,2.0,4.0,3.0,4.0,3.0,3.0,Hot,1.8415538521619755e-06
Egypt,2009,2.0,4.0,3.0,4.0,3.0,3.0,Hot,2.0138393294001146e-06
Egypt,2010,3.0,4.0,3.0,4.0,3.0,3.0,Hot,1.908366993319961e-06
Egypt,2011,2.0,4.0,3.0,4.0,3.0,3.0,Hot,2.042061420733086e-06
Egypt,2012,2.0,4.0,3.0,4.0,3.0,3.0,Hot,1.919484420439426e-06
Egypt,2013,2.0,4.0,3.0,4.0,3.0,2.0,Hot,2.178527256647877e-06
El Salvador,2000,3.0,1.0,0.0,1.0,1.0,3.0,Hot,8.389441382519887e-08
El Salvador,2001,3.0,1.0,1.0,1.0,0.0,3.0,Hot,5.315032872306505e-08
El Salvador,2002,3.0,1.0,1.0,1.0,0.0,3.0,Hot,4.4503873201872034e-08
El Salvador,2003,3.0,1.0,1.0,1.0,0.0,3.0,Hot,4.0502547927214674e-08
El Salvador,2004,3.0,1.0,1.0,1.0,0.0,3.0,Hot,3.2939008420991724e-08
El Salvador,2005,3.0,1.0,1.0,1.0,0.0,3.0,Hot,3.22507198843858e-08
El Salvador,2006,3.0,1.0,1.0,1.0,0.0,3.0,Hot,4.3444371920100806e-08
El Salvador,2007,3.0,1.0,1.0,1.0,0.0,3.0,Hot,4.230181285844932e-08
El Salvador,2008,3.0,1.0,1.0,1.0,0.0,3.0,Hot,4.00241657152914e-08
El Salvador,2009,3.0,1.0,1.0,1.0,0.0,3.0,Hot,4.4538929677936815e-08
El Salvador,2010,3.0,1.0,1.0,1.0,0.0,3.0,Hot,4.11476286660543e-08
El Salvador,2011,3.0,1.0,0.0,1.0,0.0,3.0,Hot,3.98114295891441e-08
El Salvador,2012,3.0,1.0,0.0,1.0,0.0,3.0,Hot,3.9787581107927854e-08
El Salvador,2013,3.0,1.0,0.0,1.0,0.0,3.0,Hot,4.0496410817866776e-08
Eritrea,2000,4.0,0.0,1.0,1.0,0.0,3.0,Hot,2.9131338865857096e-08
Eritrea,2001,4.0,0.0,1.0,1.0,0.0,3.0,Hot,2.721047656274257e-08
Eritrea,2002,4.0,0.0,1.0,1.0,0.0,3.0,Hot,3.7447993615055134e-08
Eritrea,2003,4.0,0.0,1.0,1.0,0.0,3.0,Hot,5.108281732125847e-08
Eritrea,2004,4.0,0.0,1.0,1.0,0.0,3.0,Hot,4.936598554503895e-08
Eritrea,2005,4.0,0.0,1.0,1.0,0.0,3.0,Hot,4.4393082556611276e-08
Eritrea,2006,4.0,0.0,1.0,1.0,0.0,3.0,Hot,4.7429154587067534e-08
Eritrea,2007,4.0,0.0,1.0,1.0,0.0,3.0,Hot,4.131034507232278e-08
Eritrea,2008,4.0,0.0,1.0,1.0,0.0,3.0,Hot,4.156766117820857e-08
Eritrea,2009,4.0,0.0,1.0,1.0,0.0,3.0,Hot,4.371124200605503e-08
Eritrea,2010,4.0,0.0,1.0,1.0,0.0,3.0,Hot,4.914482156506708e-08
Eritrea,2011,4.0,0.0,1.0,1.0,0.0,3.0,Hot,4.5303263855985027e-08
Eritrea,2012,4.0,0.0,1.0,1.0,0.0,3.0,Hot,4.6906919713514854e-08
Eritrea,2013,4.0,0.0,1.0,1.0,0.0,3.0,Hot,4.3182487157369095e-08
Ethiopia,2000,2.0,1.0,3.0,4.0,3.0,3.0,Hot,6.377212590605242e-07
Ethiopia,2001,2.0,1.0,3.0,4.0,3.0,3.0,Hot,6.382723615031259e-07
Ethiopia,2002,2.0,1.0,3.0,4.0,3.0,3.0,Hot,1.0812026684084936e-06
Ethiopia,2003,2.0,1.0,3.0,4.0,3.0,3.0,Hot,1.3017835865739924e-06
Ethiopia,2004,2.0,1.0,3.0,4.0,3.0,3.0,Hot,1.180138864947386e-06
Ethiopia,2005,2.0,1.0,3.0,4.0,3.0,3.0,Hot,1.2425489912993077e-06
Ethiopia,2006,2.0,1.0,4.0,4.0,3.0,3.0,Hot,1.4607559102799317e-06
Ethiopia,2007,2.0,1.0,4.0,4.0,3.0,3.0,Hot,1.3831493254480383e-06
Ethiopia,2008,2.0,1.0,4.0,4.0,3.0,3.0,Hot,1.272923783800011e-06
Ethiopia,2009,2.0,1.0,4.0,4.0,3.0,3.0,Hot,1.2402051991326156e-06
Ethiopia,2010,2.0,1.0,4.0,4.0,3.0,3.0,Hot,1.395196126788424e-06
Ethiopia,2011,2.0,2.0,4.0,4.0,3.0,3.0,Hot,1.3850904962782106e-06
Ethiopia,2012,2.0,2.0,4.0,4.0,3.0,3.0,Hot,1.39699482493564e-06
Ethiopia,2013,2.0,2.0,4.0,4.0,3.0,3.0,Hot,1.247835611066236e-06
Europe,2000,0.0,4.0,4.0,4.0,4.0,2.0,Cold,6.147647620786373e-05
Europe,2001,0.0,4.0,4.0,4.0,4.0,2.0,Cold,5.61022343552569e-05
Europe,2002,0.0,4.0,4.0,4.0,4.0,2.0,Cold,5.64924288748796e-05
Europe,2003,0.0,4.0,4.0,4.0,4.0,2.0,Cold,6.97689406876594e-05
Europe,2004,0.0,4.0,4.0,4.0,4.0,2.0,Cold,5.733845248067065e-05
Europe,2005,0.0,4.0,4.0,4.0,4.0,2.0,Cold,6.130387413018385e-05
Europe,2006,0.0,4.0,4.0,4.0,4.0,2.0,Cold,6.79187740503144e-05
Europe,2007,0.0,4.0,4.0,4.0,4.0,2.0,Cold,7.300393440646459e-05
Europe,2008,0.0,4.0,4.0,4.0,4.0,2.0,Cold,5.75342432907033e-05
Europe,2009,0.0,4.0,4.0,4.0,4.0,2.0,Cold,5.937220600858117e-05
Europe,2010,0.0,4.0,4.0,4.0,4.0,2.0,Cold,6.1034508090106174e-05
Europe,2011,0.0,4.0,4.0,4.0,4.0,3.0,Cold,4.849831267645333e-05
Europe,2012,0.0,4.0,4.0,4.0,4.0,3.0,Cold,5.3733626621080574e-05
Europe,2013,0.0,4.0,4.0,4.0,4.0,3.0,Cold,4.406363083803535e-05
Fiji,2000,3.0,0.0,0.0,0.0,0.0,0.0,Hot,2.746424562472685e-07
Fiji,2001,3.0,0.0,0.0,0.0,0.0,0.0,Hot,2.843177114807893e-07
Fiji,2002,3.0,0.0,0.0,0.0,0.0,0.0,Hot,2.4045316642060057e-07
Fiji,2003,3.0,0.0,0.0,0.0,0.0,0.0,Hot,2.704729466117355e-07
Fiji,2004,3.0,0.0,0.0,0.0,0.0,0.0,Hot,2.885669862264968e-07
Fiji,2005,3.0,0.0,0.0,0.0,0.0,0.0,Hot,2.4563518983351545e-07
Fiji,2006,3.0,0.0,0.0,0.0,0.0,0.0,Hot,2.8232219692312777e-07
Fiji,2007,3.0,0.0,0.0,0.0,0.0,0.0,Hot,3.785341296569506e-07
Fiji,2008,3.0,0.0,0.0,0.0,0.0,0.0,Hot,2.0770313439024282e-07
Fiji,2009,3.0,0.0,0.0,0.0,0.0,0.0,Hot,1.9576385461149344e-07
Fiji,2010,3.0,0.0,0.0,0.0,0.0,0.0,Hot,2.217242749915828e-07
Fiji,2011,3.0,0.0,0.0,0.0,0.0,0.0,Hot,2.1184809963642357e-07
Fiji,2012,3.0,0.0,0.0,0.0,0.0,0.0,Hot,2.336124667524747e-07
Fiji,2013,3.0,0.0,0.0,0.0,0.0,0.0,Hot,2.822274076538736e-07
France,2000,1.0,4.0,4.0,4.0,4.0,2.0,Moderate,6.3753246754155065e-06
France,2001,1.0,4.0,4.0,4.0,4.0,2.0,Moderate,6.092312788543807e-06
France,2002,1.0,4.0,4.0,4.0,4.0,2.0,Moderate,5.745719283881216e-06
France,2003,1.0,4.0,4.0,4.0,4.0,2.0,Moderate,6.375519593106485e-06
France,2004,1.0,4.0,4.0,4.0,4.0,2.0,Moderate,5.777742368005261e-06
France,2005,1.0,4.0,4.0,4.0,4.0,2.0,Moderate,5.658875412242005e-06
France,2006,1.0,4.0,4.0,4.0,4.0,2.0,Moderate,5.419035525052095e-06
France,2007,1.0,4.0,4.0,4.0,4.0,2.0,Moderate,5.531135813227327e-06
France,2008,1.0,4.0,4.0,4.0,4.0,2.0,Moderate,4.859229637283495e-06
France,2009,1.0,4.0,4.0,4.0,4.0,2.0,Moderate,4.923103046719104e-06
France,2010,1.0,4.0,4.0,4.0,4.0,2.0,Moderate,4.625184866619792e-06
France,2011,1.0,4.0,4.0,4.0,4.0,2.0,Moderate,4.779115994733425e-06
France,2012,1.0,4.0,4.0,4.0,4.0,2.0,Moderate,4.4641220723137975e-06
France,2013,1.0,4.0,4.0,4.0,4.0,2.0,Moderate,4.76811803586088e-06
Gabon,2000,2.0,1.0,2.0,0.0,1.0,1.0,Hot,1.038206319397034e-06
Gabon,2001,2.0,1.0,2.0,0.0,1.0,1.0,Hot,1.0405090138368457e-06
Gabon,2002,3.0,1.0,2.0,0.0,1.0,1.0,Hot,9.592261326495809e-07
Gabon,2003,3.0,1.0,2.0,0.0,1.0,1.0,Hot,1.030218404708533e-06
Gabon,2004,3.0,1.0,2.0,0.0,1.0,0.0,Hot,1.956384357574114e-06
Gabon,2005,3.0,1.0,2.0,0.0,1.0,0.0,Hot,1.5787086208006127e-06
Gabon,2006,3.0,1.0,2.0,0.0,1.0,0.0,Hot,1.3544852251565147e-06
Gabon,2007,3.0,1.0,2.0,0.0,1.0,0.0,Hot,1.2222951159416108e-06
Gabon,2008,3.0,1.0,2.0,0.0,1.0,0.0,Hot,1.226231471315988e-06
Gabon,2009,3.0,1.0,2.0,0.0,1.0,0.0,Hot,1.2313167553628578e-06
Gabon,2010,3.0,1.0,2.0,0.0,1.0,0.0,Hot,1.126958146408974e-06
Gabon,2011,2.0,1.0,2.0,0.0,1.0,0.0,Hot,1.133840732595471e-06
Gabon,2012,3.0,1.0,2.0,0.0,1.0,0.0,Hot,1.0660442773672138e-06
Gabon,2013,3.0,1.0,2.0,0.0,1.0,0.0,Hot,1.0625354883384023e-06
Gambia,2000,4.0,0.0,0.0,0.0,0.0,3.0,Hot,1.2986134825574338e-08
Gambia,2001,4.0,0.0,0.0,0.0,0.0,3.0,Hot,1.2150866886221043e-08
Gambia,2002,4.0,0.0,0.0,0.0,0.0,3.0,Hot,1.1492231547559921e-08
Gambia,2003,4.0,0.0,0.0,0.0,0.0,3.0,Hot,1.2760860889404931e-08
Gambia,2004,4.0,0.0,0.0,0.0,0.0,3.0,Hot,1.3515359004251612e-08
Gambia,2005,4.0,0.0,0.0,0.0,0.0,3.0,Hot,1.2586418900245733e-08
Gambia,2006,4.0,0.0,0.0,0.0,0.0,3.0,Hot,1.5938464193892988e-08
Gambia,2007,4.0,0.0,0.0,0.0,0.0,3.0,Hot,2.6999755438725623e-08
Gambia,2008,4.0,0.0,0.0,0.0,0.0,3.0,Hot,2.5182546005156136e-08
Gambia,2009,4.0,0.0,0.0,0.0,0.0,3.0,Hot,2.2227350643772453e-08
Gambia,2010,4.0,0.0,0.0,0.0,0.0,3.0,Hot,1.8056272232172423e-08
Gambia,2011,4.0,0.0,0.0,0.0,0.0,3.0,Hot,1.424728904860798e-08
Gambia,2012,4.0,0.0,0.0,0.0,0.0,3.0,Hot,1.4326293893663305e-08
Gambia,2013,4.0,0.0,0.0,0.0,0.0,3.0,Hot,1.3341243989684112e-08
Georgia,2000,0.0,1.0,0.0,1.0,0.0,2.0,Cold,4.36939182262269e-08
Georgia,2001,0.0,1.0,0.0,1.0,0.0,3.0,Cold,3.3339083671911805e-08
Georgia,2002,0.0,1.0,0.0,1.0,0.0,3.0,Cold,8.02756914075535e-08
Georgia,2003,0.0,1.0,1.0,1.0,0.0,3.0,Cold,1.501425630722901e-08
Georgia,2004,0.0,1.0,1.0,1.0,0.0,3.0,Cold,2.193749023219288e-08
Georgia,2005,0.0,1.0,0.0,1.0,0.0,3.0,Cold,2.5442044446330907e-08
Georgia,2006,0.0,1.0,0.0,1.0,0.0,3.0,Cold,2.7891345924936406e-08
Georgia,2007,0.0,1.0,0.0,1.0,0.0,3.0,Cold,2.8954531992319198e-08
Georgia,2008,0.0,1.0,0.0,1.0,0.0,3.0,Cold,2.1552054576386307e-08
Georgia,2009,0.0,1.0,0.0,1.0,0.0,3.0,Cold,2.2802711811101214e-08
Georgia,2010,0.0,1.0,0.0,1.0,0.0,3.0,Moderate,2.5024669176744827e-08
Georgia,2011,0.0,2.0,0.0,1.0,0.0,3.0,Cold,3.852203039431703e-08
Georgia,2012,0.0,2.0,0.0,1.0,0.0,3.0,Cold,5.1375779312647976e-08
Georgia,2013,0.0,2.0,0.0,1.0,0.0,1.0,Moderate,1.3671869194952506e-07
Germany,2000,0.0,4.0,4.0,4.0,4.0,0.0,Moderate,9.547188660771848e-05
Germany,2001,0.0,4.0,4.0,4.0,4.0,0.0,Cold,8.633403755628049e-05
Germany,2002,0.0,4.0,4.0,4.0,4.0,0.0,Cold,9.089723704012252e-05
Germany,2003,0.0,4.0,4.0,4.0,4.0,3.0,Cold,6.294563788863644e-06
Germany,2004,0.0,4.0,4.0,4.0,4.0,3.0,Cold,6.255144639978546e-06
Germany,2005,0.0,4.0,4.0,4.0,4.0,3.0,Cold,5.660804706660826e-06
Germany,2006,0.0,4.0,4.0,4.0,4.0,3.0,Cold,6.063690696443996e-06
Germany,2007,0.0,4.0,4.0,4.0,4.0,3.0,Cold,6.274630651768362e-06
Germany,2008,0.0,4.0,4.0,4.0,4.0,3.0,Cold,5.934517174661174e-06
Germany,2009,0.0,4.0,4.0,4.0,4.0,3.0,Cold,5.326106865642378e-06
Germany,2010,0.0,4.0,4.0,4.0,4.0,3.0,Cold,5.569720272417365e-06
Germany,2011,0.0,4.0,4.0,4.0,4.0,3.0,Cold,5.919732409519877e-06
Germany,2012,0.0,4.0,4.0,4.0,4.0,3.0,Cold,5.5353340237935085e-06
Germany,2013,0.0,4.0,4.0,4.0,4.0,3.0,Cold,6.284341897184804e-06
Ghana,2000,4.0,1.0,1.0,2.0,1.0,2.0,Hot,4.0257607617113057e-07
Ghana,2001,4.0,1.0,1.0,2.0,1.0,2.0,Hot,3.783965984068924e-07
Ghana,2002,4.0,1.0,1.0,2.0,1.0,2.0,Hot,3.83381712785196e-07
Ghana,2003,4.0,1.0,1.0,2.0,1.0,0.0,Hot,2.4681207278459187e-06
Ghana,2004,4.0,1.0,1.0,2.0,1.0,0.0,Hot,2.3727207822866067e-06
Ghana,2005,4.0,1.0,1.0,2.0,1.0,0.0,Hot,2.1721357172291357e-06
Ghana,2006,4.0,2.0,1.0,2.0,1.0,3.0,Hot,2.88535084982268e-07
Ghana,2007,4.0,2.0,1.0,2.0,1.0,3.0,Hot,3.116436232280559e-07
Ghana,2008,4.0,2.0,2.0,2.0,1.0,2.0,Hot,3.306116500748941e-07
Ghana,2009,4.0,1.0,2.0,2.0,1.0,3.0,Hot,2.944626504633976e-07
Ghana,2010,4.0,2.0,2.0,2.0,2.0,3.0,Hot,2.763662330247825e-07
Ghana,2011,4.0,2.0,2.0,2.0,2.0,3.0,Hot,2.9147154546314813e-07
Ghana,2012,4.0,2.0,2.0,2.0,2.0,3.0,Hot,3.545891377227357e-07
Ghana,2013,4.0,2.0,2.0,2.0,2.0,3.0,Hot,3.588639507695187e-07
Greece,2000,1.0,3.0,2.0,2.0,3.0,4.0,Moderate,2.275805092415393e-07
Greece,2001,1.0,3.0,2.0,2.0,3.0,4.0,Moderate,2.506167293500875e-07
Greece,2002,1.0,3.0,2.0,2.0,3.0,4.0,Moderate,2.1380376442930218e-07
Greece,2003,1.0,3.0,2.0,2.0,3.0,4.0,Moderate,2.1040625130182997e-07
Greece,2004,1.0,3.0,2.0,2.0,3.0,4.0,Moderate,2.240220718329106e-07
Greece,2005,1.0,3.0,2.0,2.0,3.0,4.0,Moderate,2.1333446793260365e-07
Greece,2006,1.0,3.0,2.0,2.0,3.0,2.0,Moderate,9.432815198435576e-07
Greece,2007,1.0,3.0,2.0,2.0,3.0,2.0,Moderate,9.493763945668756e-07
Greece,2008,1.0,3.0,2.0,2.0,3.0,2.0,Moderate,9.680230834362189e-07
Greece,2009,1.0,3.0,2.0,2.0,3.0,2.0,Moderate,9.02966452633974e-07
Greece,2010,1.0,3.0,2.0,2.0,3.0,3.0,Moderate,8.104835373133061e-07
Greece,2011,1.0,3.0,2.0,2.0,3.0,3.0,Moderate,7.849561285367781e-07
Greece,2012,1.0,3.0,2.0,2.0,3.0,3.0,Moderate,7.124598706344906e-07
Greece,2013,1.0,3.0,2.0,2.0,3.0,3.0,Moderate,5.97011333636186e-07
Grenada,2000,4.0,0.0,0.0,0.0,0.0,1.0,Hot,4.887218952612448e-09
Grenada,2001,4.0,0.0,0.0,0.0,0.0,1.0,Hot,4.43687810986344e-09
Grenada,2002,4.0,0.0,0.0,0.0,0.0,1.0,Hot,3.706658100713693e-09
Grenada,2003,4.0,0.0,0.0,0.0,0.0,1.0,Hot,3.869654191820953e-09
Grenada,2004,4.0,0.0,0.0,0.0,0.0,1.0,Hot,3.251878956620511e-09
Grenada,2005,4.0,0.0,0.0,0.0,0.0,1.0,Hot,3.331145778025649e-09
Grenada,2006,4.0,0.0,0.0,0.0,0.0,3.0,Hot,1.0567009493553291e-09
Grenada,2007,4.0,0.0,0.0,0.0,0.0,3.0,Hot,1.111736130875075e-09
Grenada,2008,4.0,0.0,0.0,0.0,0.0,3.0,Hot,1.6333738980355016e-09
Grenada,2009,4.0,0.0,0.0,0.0,0.0,3.0,Hot,1.303901698712348e-09
Grenada,2010,4.0,0.0,0.0,0.0,0.0,3.0,Hot,1.1679838821778994e-09
Grenada,2011,4.0,0.0,0.0,0.0,0.0,3.0,Hot,1.0097498692796622e-09
Grenada,2012,4.0,0.0,0.0,0.0,0.0,3.0,Hot,1.190108394366216e-09
Grenada,2013,4.0,0.0,0.0,0.0,0.0,3.0,Hot,1.3547449779373632e-09
Guatemala,2000,2.0,2.0,1.0,2.0,2.0,2.0,Hot,1.0173962449801153e-06
Guatemala,2001,2.0,2.0,1.0,2.0,2.0,2.0,Hot,1.0356916542044374e-06
Guatemala,2002,2.0,2.0,2.0,2.0,3.0,2.0,Hot,1.1072744916611444e-06
Guatemala,2003,2.0,2.0,2.0,2.0,2.0,2.0,Hot,8.669982719609847e-07
Guatemala,2004,2.0,2.0,2.0,2.0,2.0,2.0,Hot,6.623833352208227e-07
Guatemala,2005,2.0,2.0,2.0,2.0,2.0,2.0,Hot,7.003696841336214e-07
Guatemala,2006,2.0,2.0,2.0,2.0,2.0,1.0,Hot,1.0936856279358787e-06
Guatemala,2007,2.0,2.0,2.0,2.0,2.0,1.0,Hot,9.763397643637474e-07
Guatemala,2008,2.0,2.0,2.0,2.0,2.0,1.0,Hot,9.080708820202692e-07
Guatemala,2009,2.0,2.0,2.0,2.0,2.0,2.0,Hot,7.546600496028604e-07
Guatemala,2010,2.0,2.0,2.0,2.0,2.0,2.0,Hot,7.122380575081694e-07
Guatemala,2011,2.0,2.0,2.0,2.0,2.0,1.0,Hot,7.254780837294475e-07
Guatemala,2012,2.0,2.0,2.0,2.0,2.0,1.0,Hot,6.971380493224185e-07
Guatemala,2013,2.0,2.0,2.0,2.0,2.0,1.0,Hot,7.905184168418632e-07
Guinea,2000,3.0,0.0,1.0,2.0,1.0,2.0,Hot,3.451652367798847e-07
Guinea,2001,3.0,0.0,1.0,2.0,1.0,2.0,Hot,3.3336248078508055e-07
Guinea,2002,3.0,0.0,2.0,2.0,1.0,2.0,Hot,3.55363133341028e-07
Guinea,2003,3.0,0.0,2.0,2.0,1.0,2.0,Hot,4.097787308810637e-07
Guinea,2004,3.0,0.0,2.0,2.0,1.0,2.0,Hot,3.11027527449899e-07
Guinea,2005,3.0,0.0,2.0,2.0,1.0,2.0,Hot,3.596767792107945e-07
Guinea,2006,3.0,0.0,2.0,2.0,2.0,2.0,Hot,4.911909956508333e-07
Guinea,2007,3.0,1.0,2.0,2.0,2.0,2.0,Hot,6.495180296098058e-07
Guinea,2008,3.0,1.0,2.0,2.0,1.0,2.0,Hot,4.699834901352251e-07
Guinea,2009,3.0,1.0,2.0,2.0,3.0,2.0,Hot,9.114111090209096e-07
Guinea,2010,3.0,1.0,2.0,2.0,2.0,2.0,Hot,7.362257238401763e-07
Guinea,2011,3.0,1.0,2.0,2.0,3.0,2.0,Hot,1.0634675284626992e-06
Guinea,2012,3.0,1.0,2.0,2.0,2.0,2.0,Hot,8.66642992581743e-07
Guinea,2013,3.0,1.0,2.0,2.0,3.0,2.0,Hot,9.452218908789913e-07
Guyana,2000,3.0,0.0,0.0,0.0,1.0,0.0,Hot,7.028220056822516e-07
Guyana,2001,3.0,0.0,0.0,0.0,0.0,0.0,Hot,4.984634409227286e-07
Guyana,2002,3.0,0.0,0.0,0.0,0.0,0.0,Hot,5.193541463303354e-07
Guyana,2003,4.0,0.0,0.0,0.0,1.0,0.0,Hot,1.0221911752517263e-06
Guyana,2004,3.0,1.0,0.0,0.0,1.0,0.0,Hot,7.877548044998118e-07
Guyana,2005,4.0,0.0,0.0,0.0,0.0,0.0,Hot,5.165622963437935e-07
Guyana,2006,3.0,0.0,0.0,0.0,0.0,0.0,Hot,5.497476880782033e-07
Guyana,2007,3.0,0.0,0.0,0.0,0.0,0.0,Hot,4.979464873007223e-07
Guyana,2008,3.0,0.0,0.0,0.0,0.0,0.0,Hot,4.3958043821802053e-07
Guyana,2009,4.0,1.0,0.0,0.0,0.0,0.0,Hot,4.234222881629738e-07
Guyana,2010,4.0,0.0,0.0,0.0,0.0,0.0,Hot,3.5235372263300414e-07
Guyana,2011,3.0,1.0,0.0,0.0,0.0,0.0,Hot,3.561903606381901e-07
Guyana,2012,3.0,1.0,0.0,0.0,0.0,0.0,Hot,3.997685985675121e-07
Guyana,2013,3.0,1.0,0.0,0.0,0.0,0.0,Hot,3.326441430170814e-07
Haiti,2000,3.0,0.0,1.0,1.0,0.0,1.0,Hot,1.9218153631276798e-07
Haiti,2001,4.0,0.0,1.0,1.0,0.0,1.0,Hot,1.7231001150613006e-07
Haiti,2002,4.0,0.0,1.0,1.0,0.0,1.0,Hot,2.206697120464417e-07
Haiti,2003,4.0,0.0,1.0,1.0,0.0,1.0,Hot,2.007715895693529e-07
Haiti,2004,4.0,0.0,1.0,1.0,1.0,1.0,Hot,3.240747938934148e-07
Haiti,2005,4.0,0.0,1.0,1.0,1.0,1.0,Hot,3.604158663501162e-07
Haiti,2006,4.0,0.0,1.0,1.0,1.0,1.0,Hot,2.801322217165781e-07
Haiti,2007,4.0,0.0,1.0,1.0,1.0,1.0,Hot,3.254384853913973e-07
Haiti,2008,3.0,0.0,1.0,1.0,1.0,1.0,Hot,3.276972199963934e-07
Haiti,2009,4.0,0.0,1.0,1.0,1.0,1.0,Hot,4.926936865527914e-07
Haiti,2010,4.0,1.0,1.0,1.0,1.0,1.0,Hot,3.838824808380476e-07
Haiti,2011,4.0,1.0,1.0,1.0,1.0,1.0,Hot,3.220200997756567e-07
Haiti,2012,4.0,1.0,1.0,1.0,1.0,1.0,Hot,3.613259478845053e-07
Haiti,2013,4.0,1.0,1.0,1.0,1.0,2.0,Hot,2.26847544695312e-07
Honduras,2000,3.0,1.0,1.0,1.0,1.0,0.0,Hot,1.9438997751146703e-06
Honduras,2001,3.0,1.0,1.0,1.0,1.0,0.0,Hot,2.5310645044781185e-06
Honduras,2002,3.0,1.0,1.0,1.0,1.0,0.0,Hot,2.889301957120196e-06
Honduras,2003,3.0,1.0,1.0,1.0,1.0,0.0,Hot,2.1199286284157317e-06
Honduras,2004,3.0,2.0,1.0,1.0,1.0,0.0,Hot,1.7410124508446596e-06
Honduras,2005,3.0,1.0,1.0,1.0,1.0,0.0,Hot,1.4248765393726026e-06
Honduras,2006,3.0,2.0,1.0,1.0,1.0,0.0,Hot,1.6792564172350677e-06
Honduras,2007,3.0,2.0,1.0,1.0,1.0,0.0,Hot,1.750908682876396e-06
Honduras,2008,3.0,2.0,1.0,1.0,1.0,0.0,Hot,1.8019579700293216e-06
Honduras,2009,3.0,2.0,1.0,1.0,1.0,0.0,Hot,2.414222133944918e-06
Honduras,2010,3.0,2.0,1.0,1.0,1.0,0.0,Hot,2.5200348354462088e-06
Honduras,2011,3.0,2.0,1.0,1.0,1.0,0.0,Hot,2.598466705288029e-06
Honduras,2012,3.0,2.0,1.0,1.0,1.0,0.0,Hot,2.2987891327048973e-06
Honduras,2013,3.0,2.0,1.0,1.0,1.0,0.0,Hot,2.304646560880472e-06
Hungary,2000,1.0,3.0,2.0,3.0,2.0,3.0,Moderate,3.958352894936274e-07
Hungary,2001,0.0,3.0,2.0,3.0,2.0,3.0,Moderate,4.362913352993061e-07
Hungary,2002,1.0,3.0,2.0,2.0,2.0,3.0,Moderate,3.922795165002208e-07
Hungary,2003,0.0,3.0,2.0,2.0,2.0,3.0,Moderate,4.049709466699376e-07
Hungary,2004,0.0,3.0,2.0,3.0,2.0,3.0,Moderate,4.045586650444559e-07
Hungary,2005,0.0,3.0,2.0,3.0,2.0,3.0,Cold,3.609266699737115e-07
Hungary,2006,0.0,3.0,2.0,2.0,2.0,3.0,Moderate,3.547313908057753e-07
Hungary,2007,1.0,3.0,2.0,2.0,2.0,3.0,Moderate,3.398061575650807e-07
Hungary,2008,1.0,3.0,2.0,2.0,2.0,3.0,Moderate,3.361103151060627e-07
Hungary,2009,1.0,3.0,2.0,2.0,2.0,3.0,Moderate,2.986005654680525e-07
Hungary,2010,0.0,3.0,1.0,2.0,2.0,3.0,Moderate,2.655443625604992e-07
Hungary,2011,0.0,3.0,1.0,2.0,2.0,3.0,Moderate,2.468640329350517e-07
Hungary,2012,0.0,3.0,1.0,2.0,2.0,3.0,Moderate,2.3154567975726186e-07
Hungary,2013,1.0,2.0,1.0,2.0,2.0,3.0,Moderate,2.271556089825237e-07
India,2000,2.0,4.0,4.0,4.0,4.0,1.0,Hot,5.45716871007491e-05
India,2001,2.0,4.0,4.0,4.0,4.0,1.0,Hot,5.211877702717375e-05
India,2002,3.0,4.0,4.0,4.0,4.0,1.0,Hot,5.412188132974401e-05
India,2003,2.0,4.0,4.0,4.0,4.0,1.0,Hot,5.06391205006159e-05
India,2004,2.0,4.0,4.0,4.0,4.0,1.0,Hot,5.563186894747206e-05
India,2005,2.0,4.0,4.0,4.0,4.0,1.0,Hot,5.420024369666112e-05
India,2006,2.0,4.0,4.0,4.0,4.0,1.0,Hot,4.9524827641954e-05
India,2007,2.0,4.0,4.0,4.0,4.0,1.0,Hot,4.875205208162397e-05
India,2008,2.0,4.0,4.0,4.0,4.0,1.0,Hot,4.981267084643409e-05
India,2009,3.0,4.0,4.0,4.0,4.0,1.0,Hot,5.3764106559831247e-05
India,2010,3.0,4.0,4.0,4.0,4.0,1.0,Hot,5.097635171929131e-05
India,2011,2.0,4.0,4.0,4.0,4.0,1.0,Hot,5.2079423436063184e-05
India,2012,2.0,4.0,4.0,4.0,4.0,1.0,Hot,5.632441764281413e-05
India,2013,3.0,4.0,4.0,4.0,4.0,1.0,Hot,5.113062850424838e-05
Indonesia,2000,3.0,4.0,4.0,4.0,4.0,4.0,Hot,4.755191488452318e-06
Indonesia,2001,3.0,4.0,4.0,4.0,4.0,3.0,Hot,4.727520064982757e-06
Indonesia,2002,3.0,4.0,4.0,4.0,4.0,4.0,Hot,5.294437453717512e-06
Indonesia,2003,3.0,4.0,4.0,4.0,4.0,4.0,Hot,4.07238075190093e-06
Indonesia,2004,3.0,4.0,4.0,4.0,4.0,4.0,Hot,4.546352234666588e-06
Indonesia,2005,3.0,4.0,4.0,4.0,4.0,4.0,Hot,3.913466627096581e-06
Indonesia,2006,3.0,4.0,4.0,4.0,4.0,4.0,Hot,7.372600116101005e-06
Indonesia,2007,3.0,4.0,4.0,4.0,4.0,4.0,Hot,4.968034094870971e-06
Indonesia,2008,3.0,4.0,4.0,4.0,4.0,4.0,Hot,5.536900601688953e-06
Indonesia,2009,3.0,4.0,4.0,4.0,4.0,4.0,Hot,6.965802506462434e-06
Indonesia,2010,3.0,4.0,4.0,4.0,4.0,4.0,Hot,5.722599205291972e-06
Indonesia,2011,3.0,4.0,4.0,4.0,4.0,4.0,Hot,5.971479298124012e-06
Indonesia,2012,3.0,4.0,4.0,4.0,4.0,4.0,Hot,6.264006482657995e-06
Indonesia,2013,3.0,4.0,4.0,4.0,4.0,4.0,Hot,6.228529405796542e-06
Iran,2000,1.0,4.0,4.0,4.0,4.0,1.0,Moderate,1.4326547829831923e-05
Iran,2001,1.0,4.0,4.0,4.0,4.0,1.0,Moderate,1.7114914969924867e-05
Iran,2002,1.0,4.0,4.0,4.0,4.0,0.0,Moderate,1.8898235846835443e-05
Iran,2003,1.0,4.0,4.0,4.0,4.0,1.0,Moderate,1.9043815925029225e-05
Iran,2004,1.0,4.0,4.0,4.0,4.0,0.0,Moderate,2.2373580794164187e-05
Iran,2005,1.0,4.0,4.0,4.0,4.0,0.0,Moderate,2.124530527755256e-05
Iran,2006,1.0,4.0,4.0,4.0,4.0,0.0,Moderate,2.2427316813080125e-05
Iran,2007,1.0,4.0,4.0,4.0,4.0,1.0,Moderate,2.1539850478259007e-05
Iran,2008,1.0,4.0,4.0,4.0,4.0,0.0,Moderate,2.251693159246221e-05
Iran,2009,1.0,4.0,4.0,4.0,4.0,1.0,Moderate,2.238725085184877e-05
Iran,2010,1.0,4.0,4.0,4.0,4.0,1.0,Hot,2.3077722375610893e-05
Iran,2011,1.0,4.0,4.0,4.0,4.0,1.0,Moderate,2.1829165622503333e-05
Iran,2012,1.0,4.0,4.0,4.0,4.0,1.0,Moderate,2.131660930430428e-05
Iran,2013,1.0,4.0,4.0,4.0,4.0,1.0,Hot,2.1324671229446135e-05
Iraq,2000,2.0,3.0,4.0,2.0,3.0,2.0,Hot,1.99281092701785e-06
Iraq,2001,2.0,3.0,4.0,2.0,3.0,2.0,Hot,2.197536125012119e-06
Iraq,2002,2.0,3.0,3.0,3.0,3.0,2.0,Hot,2.0096322784746165e-06
Iraq,2003,2.0,3.0,3.0,2.0,3.0,2.0,Hot,2.004204184861334e-06
Iraq,2004,2.0,3.0,4.0,2.0,3.0,2.0,Hot,2.190575373538153e-06
Iraq,2005,2.0,3.0,4.0,2.0,3.0,2.0,Hot,2.1844567822977195e-06
Iraq,2006,2.0,3.0,4.0,2.0,3.0,0.0,Hot,8.745701834329021e-06
Iraq,2007,2.0,3.0,4.0,2.0,3.0,0.0,Hot,6.745597543757476e-06
Iraq,2008,2.0,3.0,4.0,2.0,3.0,0.0,Hot,8.511491729659851e-06
Iraq,2009,2.0,3.0,4.0,2.0,3.0,0.0,Hot,9.338652712457175e-06
Iraq,2010,2.0,3.0,4.0,2.0,3.0,0.0,Hot,1.083221749931344e-05
Iraq,2011,2.0,3.0,4.0,2.0,3.0,0.0,Hot,1.0955140750565616e-05
Iraq,2012,2.0,3.0,4.0,2.0,3.0,0.0,Hot,1.234717073928258e-05
Iraq,2013,2.0,3.0,4.0,2.0,3.0,0.0,Hot,1.2334184204678306e-05
Israel,2000,1.0,3.0,1.0,1.0,2.0,0.0,Hot,3.1254919502919754e-06
Israel,2001,2.0,3.0,1.0,1.0,2.0,0.0,Hot,3.1761365938043845e-06
Israel,2002,1.0,3.0,1.0,1.0,2.0,0.0,Hot,3.6297218565779296e-06
Israel,2003,1.0,3.0,1.0,1.0,2.0,0.0,Hot,3.660167960864276e-06
Israel,2004,1.0,3.0,1.0,1.0,2.0,0.0,Hot,3.422306374267536e-06
Israel,2005,1.0,3.0,1.0,1.0,2.0,0.0,Hot,3.279443471691789e-06
Israel,2006,1.0,3.0,1.0,1.0,2.0,0.0,Hot,3.484768844002276e-06
Israel,2007,1.0,3.0,1.0,1.0,2.0,0.0,Hot,3.229131032373119e-06
Israel,2008,2.0,3.0,1.0,1.0,2.0,0.0,Hot,3.579023149854793e-06
Israel,2009,2.0,3.0,1.0,1.0,2.0,0.0,Hot,3.339262967402883e-06
Israel,2010,2.0,3.0,1.0,1.0,2.0,0.0,Hot,3.4428906737340752e-06
Israel,2011,1.0,3.0,1.0,1.0,2.0,0.0,Hot,3.421724133997049e-06
Israel,2012,2.0,3.0,1.0,1.0,2.0,0.0,Hot,3.057432995456307e-06
Israel,2013,2.0,3.0,1.0,1.0,2.0,3.0,Hot,4.949651185848398e-07
Italy,2000,1.0,4.0,3.0,4.0,4.0,4.0,Moderate,2.085010720823038e-06
Italy,2001,1.0,4.0,3.0,4.0,4.0,4.0,Moderate,2.1082134307594046e-06
Italy,2002,1.0,4.0,3.0,4.0,4.0,4.0,Moderate,2.023538748007101e-06
Italy,2003,1.0,4.0,3.0,4.0,4.0,4.0,Moderate,2.0477503805782767e-06
Italy,2004,1.0,4.0,3.0,4.0,4.0,4.0,Moderate,1.9286879664874417e-06
Italy,2005,1.0,4.0,3.0,4.0,4.0,4.0,Moderate,1.918744568232169e-06
Italy,2006,1.0,4.0,3.0,3.0,4.0,4.0,Moderate,1.8562479980691483e-06
Italy,2007,1.0,4.0,3.0,3.0,4.0,4.0,Moderate,1.8183780200465893e-06
Italy,2008,1.0,4.0,3.0,3.0,4.0,4.0,Moderate,1.697490203042306e-06
Italy,2009,1.0,4.0,3.0,3.0,4.0,4.0,Moderate,1.6448905246641292e-06
Italy,2010,1.0,4.0,3.0,3.0,4.0,4.0,Moderate,1.6203689712865044e-06
Italy,2011,1.0,4.0,3.0,3.0,4.0,4.0,Moderate,1.531216787914174e-06
Italy,2012,1.0,4.0,3.0,3.0,4.0,4.0,Moderate,1.4071887466670388e-06
Italy,2013,1.0,4.0,3.0,3.0,4.0,2.0,Moderate,4.451741928435464e-06
Jamaica,2000,3.0,2.0,0.0,0.0,1.0,0.0,Hot,1.0456774851991025e-06
Jamaica,2001,3.0,2.0,0.0,0.0,1.0,0.0,Hot,9.497088047596356e-07
Jamaica,2002,4.0,2.0,0.0,0.0,1.0,0.0,Hot,9.302458593612576e-07
Jamaica,2003,4.0,2.0,0.0,0.0,1.0,0.0,Hot,8.125678098203341e-07
Jamaica,2004,3.0,2.0,0.0,0.0,1.0,0.0,Hot,8.085962403818087e-07
Jamaica,2005,3.0,2.0,0.0,0.0,1.0,0.0,Hot,5.644928852543937e-07
Jamaica,2006,4.0,2.0,0.0,0.0,1.0,0.0,Hot,8.570808617014989e-07
Jamaica,2007,4.0,2.0,0.0,0.0,1.0,0.0,Hot,8.945614812023339e-07
Jamaica,2008,3.0,2.0,0.0,0.0,1.0,0.0,Hot,9.32918516049488e-07
Jamaica,2009,3.0,2.0,0.0,0.0,0.0,0.0,Hot,5.08675450758296e-07
Jamaica,2010,3.0,2.0,0.0,0.0,0.0,0.0,Hot,5.215704136227072e-07
Jamaica,2011,3.0,2.0,0.0,0.0,0.0,0.0,Hot,5.874047096821011e-07
Jamaica,2012,3.0,2.0,0.0,0.0,0.0,0.0,Hot,4.215177779241886e-07
Jamaica,2013,4.0,2.0,0.0,0.0,0.0,0.0,Hot,1.1329257315416804e-06
Japan,2000,1.0,4.0,3.0,4.0,4.0,0.0,Moderate,4.972520615711752e-05
Japan,2001,1.0,4.0,3.0,4.0,4.0,0.0,Moderate,4.540954387170718e-05
Japan,2002,1.0,4.0,3.0,4.0,4.0,0.0,Moderate,4.659651238829888e-05
Japan,2003,1.0,4.0,3.0,4.0,4.0,0.0,Moderate,4.737689636689568e-05
Japan,2004,1.0,4.0,3.0,4.0,4.0,0.0,Moderate,4.378718853762334e-05
Japan,2005,1.0,4.0,3.0,4.0,4.0,1.0,Moderate,4.208569251436047e-05
Japan,2006,1.0,4.0,3.0,4.0,4.0,1.0,Moderate,4.047017625916609e-05
Japan,2007,1.0,4.0,3.0,4.0,4.0,1.0,Moderate,3.937111348900476e-05
Japan,2008,1.0,4.0,3.0,4.0,4.0,1.0,Moderate,3.689491720084617e-05
Japan,2009,1.0,4.0,3.0,4.0,4.0,1.0,Moderate,3.53579413285591e-05
Japan,2010,1.0,4.0,3.0,4.0,4.0,1.0,Moderate,3.4926738082465735e-05
Japan,2011,1.0,4.0,3.0,4.0,4.0,1.0,Moderate,3.3330379617512976e-05
Japan,2012,1.0,4.0,3.0,4.0,4.0,1.0,Moderate,3.662027600766413e-05
Japan,2013,1.0,4.0,3.0,4.0,4.0,1.0,Moderate,3.514537366877955e-05
Jordan,2000,1.0,2.0,0.0,0.0,1.0,1.0,Hot,3.240770439402013e-07
Jordan,2001,1.0,2.0,0.0,0.0,1.0,0.0,Hot,6.549926877528916e-07
Jordan,2002,1.0,2.0,0.0,0.0,1.0,1.0,Hot,6.359151452729281e-07
Jordan,2003,1.0,2.0,0.0,1.0,1.0,1.0,Hot,6.712276542202318e-07
Jordan,2004,1.0,2.0,0.0,1.0,1.0,1.0,Hot,6.920325433745413e-07
Jordan,2005,1.0,2.0,0.0,1.0,1.0,1.0,Hot,6.945697948705908e-07
Jordan,2006,1.0,2.0,0.0,1.0,1.0,1.0,Hot,6.58546499318632e-07
Jordan,2007,1.0,2.0,0.0,1.0,1.0,1.0,Hot,6.958164735887367e-07
Jordan,2008,1.0,2.0,1.0,1.0,1.0,1.0,Hot,7.122941255623041e-07
Jordan,2009,1.0,2.0,1.0,1.0,1.0,1.0,Hot,6.631979307285612e-07
Jordan,2010,2.0,2.0,1.0,1.0,1.0,1.0,Hot,6.354279644730274e-07
Jordan,2011,1.0,2.0,1.0,1.0,1.0,1.0,Hot,6.596936389078393e-07
Jordan,2012,2.0,2.0,1.0,1.0,1.0,1.0,Hot,7.651140147334005e-07
Jordan,2013,2.0,2.0,1.0,1.0,1.0,3.0,Hot,1.7709198369917384e-07
Kazakhstan,2000,0.0,3.0,3.0,3.0,3.0,3.0,Cold,6.01965969060377e-07
Kazakhstan,2001,0.0,3.0,3.0,3.0,3.0,3.0,Cold,5.048886038327971e-07
Kazakhstan,2002,0.0,3.0,3.0,3.0,3.0,3.0,Cold,7.432970836456918e-07
Kazakhstan,2003,0.0,3.0,3.0,3.0,3.0,3.0,Cold,8.254772303068914e-07
Kazakhstan,2004,0.0,3.0,3.0,3.0,3.0,3.0,Cold,8.645117541498826e-07
Kazakhstan,2005,0.0,4.0,3.0,3.0,3.0,3.0,Cold,9.32901515009492e-07
Kazakhstan,2006,0.0,4.0,3.0,3.0,3.0,4.0,Cold,1.042644350483011e-06
Kazakhstan,2007,0.0,4.0,3.0,3.0,3.0,3.0,Cold,1.1095305162063951e-06
Kazakhstan,2008,0.0,4.0,3.0,3.0,3.0,4.0,Cold,1.12057212700926e-06
Kazakhstan,2009,0.0,4.0,3.0,3.0,3.0,4.0,Cold,1.1442907076672246e-06
Kazakhstan,2010,0.0,4.0,3.0,3.0,4.0,4.0,Cold,1.3863500932796936e-06
Kazakhstan,2011,0.0,4.0,3.0,3.0,3.0,4.0,Cold,1.2374509554541256e-06
Kazakhstan,2012,0.0,4.0,3.0,3.0,4.0,3.0,Cold,1.4463779520074874e-06
Kazakhstan,2013,0.0,4.0,3.0,3.0,4.0,3.0,Cold,1.4490868734402292e-06
Kenya,2000,2.0,2.0,3.0,3.0,2.0,0.0,Hot,3.3300021164290022e-06
Kenya,2001,2.0,2.0,3.0,3.0,2.0,0.0,Hot,3.165065678739043e-06
Kenya,2002,2.0,2.0,3.0,3.0,2.0,0.0,Hot,3.343877097139586e-06
Kenya,2003,3.0,1.0,3.0,3.0,2.0,0.0,Hot,3.252541683969468e-06
Kenya,2004,3.0,2.0,3.0,3.0,2.0,0.0,Hot,3.261492275412084e-06
Kenya,2005,3.0,2.0,3.0,3.0,2.0,0.0,Hot,3.2546280345524683e-06
Kenya,2006,2.0,2.0,3.0,3.0,2.0,0.0,Hot,3.1058562573312854e-06
Kenya,2007,2.0,2.0,3.0,3.0,2.0,0.0,Hot,3.839401494130299e-06
Kenya,2008,2.0,2.0,3.0,3.0,2.0,0.0,Hot,3.885972180116519e-06
Kenya,2009,3.0,2.0,3.0,3.0,3.0,0.0,Hot,4.290843136733656e-06
Kenya,2010,3.0,2.0,3.0,3.0,3.0,0.0,Hot,4.210479039532551e-06
Kenya,2011,3.0,2.0,3.0,3.0,3.0,0.0,Hot,4.31426417142559e-06
Kenya,2012,3.0,2.0,3.0,3.0,3.0,0.0,Hot,3.812853812159763e-06
Kenya,2013,3.0,2.0,3.0,3.0,2.0,0.0,Hot,3.191122801332845e-06
Kuwait,2000,3.0,3.0,3.0,0.0,2.0,0.0,Hot,2.889866766462848e-06
Kuwait,2001,3.0,3.0,3.0,0.0,3.0,0.0,Hot,3.2471025798935706e-06
Kuwait,2002,3.0,3.0,3.0,0.0,3.0,0.0,Hot,3.453568851209549e-06
Kuwait,2003,3.0,3.0,3.0,0.0,3.0,0.0,Hot,3.5569625017732414e-06
Kuwait,2004,3.0,3.0,3.0,0.0,3.0,0.0,Hot,3.540911548772816e-06
Kuwait,2005,3.0,3.0,3.0,0.0,3.0,1.0,Hot,3.474031283267909e-06
Kuwait,2006,3.0,3.0,3.0,0.0,3.0,1.0,Hot,3.503657997942682e-06
Kuwait,2007,3.0,3.0,3.0,0.0,3.0,1.0,Hot,3.378226152588477e-06
Kuwait,2008,3.0,3.0,3.0,0.0,3.0,1.0,Hot,2.9978733863158484e-06
Kuwait,2009,3.0,3.0,3.0,0.0,3.0,1.0,Hot,2.8636853173653742e-06
Kuwait,2010,4.0,3.0,3.0,0.0,3.0,1.0,Hot,2.8393051815263024e-06
Kuwait,2011,3.0,3.0,3.0,1.0,3.0,1.0,Hot,2.7784102947601805e-06
Kuwait,2012,3.0,3.0,3.0,1.0,3.0,1.0,Hot,3.293778497293859e-06
Kuwait,2013,4.0,3.0,3.0,1.0,3.0,1.0,Hot,2.6955810609408274e-06
Kyrgyzstan,2000,0.0,1.0,1.0,1.0,1.0,2.0,Cold,1.84516289026495e-07
Kyrgyzstan,2001,0.0,1.0,1.0,1.0,1.0,2.0,Cold,1.6183344741123968e-07
Kyrgyzstan,2002,0.0,1.0,1.0,1.0,1.0,2.0,Cold,1.510557043140221e-07
Kyrgyzstan,2003,0.0,1.0,1.0,1.0,1.0,2.0,Cold,1.453863695658307e-07
Kyrgyzstan,2004,0.0,1.0,1.0,1.0,1.0,2.0,Cold,1.3986984346655298e-07
Kyrgyzstan,2005,0.0,1.0,1.0,1.0,1.0,2.0,Cold,1.2064343503986078e-07
Kyrgyzstan,2006,0.0,1.0,1.0,1.0,1.0,2.0,Cold,1.1205454669835361e-07
Kyrgyzstan,2007,0.0,1.0,1.0,1.0,1.0,2.0,Cold,1.1071776886687017e-07
Kyrgyzstan,2008,0.0,2.0,1.0,1.0,1.0,2.0,Cold,1.257591549857081e-07
Kyrgyzstan,2009,0.0,1.0,1.0,1.0,1.0,2.0,Cold,1.1015057964184072e-07
Kyrgyzstan,2010,0.0,1.0,1.0,1.0,1.0,3.0,Cold,1.0794716303673165e-07
Kyrgyzstan,2011,0.0,2.0,1.0,1.0,1.0,3.0,Cold,1.1527916760064277e-07
Kyrgyzstan,2012,0.0,2.0,1.0,1.0,1.0,3.0,Cold,1.2531967176840474e-07
Kyrgyzstan,2013,0.0,2.0,1.0,1.0,1.0,2.0,Cold,1.4915107691569788e-07
Laos,2000,2.0,0.0,1.0,1.0,2.0,2.0,Hot,3.794609915972509e-07
Laos,2001,2.0,0.0,1.0,1.0,2.0,3.0,Hot,3.572897087221616e-07
Laos,2002,2.0,0.0,1.0,1.0,2.0,3.0,Hot,3.687473111603852e-07
Laos,2003,2.0,0.0,1.0,1.0,2.0,3.0,Hot,3.946866729964372e-07
Laos,2004,2.0,0.0,1.0,1.0,2.0,2.0,Hot,4.614246213651214e-07
Laos,2005,2.0,0.0,1.0,1.0,2.0,3.0,Hot,4.6248381812866846e-07
Laos,2006,2.0,0.0,1.0,1.0,2.0,3.0,Hot,4.161949369433569e-07
Laos,2007,2.0,0.0,1.0,1.0,2.0,2.0,Hot,5.032090953389613e-07
Laos,2008,2.0,1.0,1.0,1.0,2.0,3.0,Hot,5.009850676480434e-07
Laos,2009,2.0,1.0,1.0,1.0,2.0,3.0,Hot,5.566618606302549e-07
Laos,2010,3.0,1.0,1.0,1.0,2.0,3.0,Hot,4.850766500660733e-07
Laos,2011,2.0,1.0,1.0,1.0,2.0,3.0,Hot,4.910251231054649e-07
Laos,2012,3.0,1.0,1.0,1.0,2.0,3.0,Hot,5.065314968713309e-07
Laos,2013,3.0,1.0,1.0,1.0,2.0,3.0,Hot,5.141404870732133e-07
Lebanon,2000,1.0,2.0,0.0,0.0,1.0,0.0,Moderate,5.768432015061159e-07
Lebanon,2001,1.0,2.0,0.0,0.0,1.0,0.0,Moderate,6.229664152682651e-07
Lebanon,2002,1.0,2.0,0.0,0.0,1.0,1.0,Moderate,3.564940033508988e-07
Lebanon,2003,1.0,2.0,0.0,0.0,1.0,1.0,Moderate,3.987753336400746e-07
Lebanon,2004,1.0,2.0,0.0,0.0,1.0,1.0,Moderate,3.574863667610853e-07
Lebanon,2005,1.0,2.0,0.0,0.0,1.0,1.0,Moderate,2.707840890971133e-07
Lebanon,2006,1.0,2.0,0.0,0.0,1.0,2.0,Moderate,2.3466584064711665e-07
Lebanon,2007,1.0,2.0,0.0,0.0,1.0,1.0,Moderate,2.2580201035890865e-07
Lebanon,2008,1.0,2.0,0.0,0.0,1.0,2.0,Moderate,2.6527363527227344e-07
Lebanon,2009,1.0,2.0,0.0,0.0,1.0,2.0,Moderate,3.04896390940756e-07
Lebanon,2010,1.0,2.0,0.0,0.0,1.0,2.0,Hot,2.752091891149443e-07
Lebanon,2011,1.0,2.0,0.0,0.0,1.0,2.0,Moderate,2.897283741555873e-07
Lebanon,2012,1.0,2.0,0.0,1.0,1.0,2.0,Moderate,3.062722237187289e-07
Lebanon,2013,1.0,2.0,0.0,1.0,1.0,2.0,Moderate,3.384525441732258e-07
Lesotho,2000,1.0,0.0,0.0,0.0,0.0,1.0,Moderate,7.323196504329864e-08
Lesotho,2001,1.0,0.0,0.0,0.0,0.0,1.0,Moderate,1.3242004848355568e-07
Lesotho,2002,1.0,1.0,0.0,0.0,0.0,1.0,Moderate,8.751908040484342e-08
Lesotho,2003,1.0,1.0,0.0,0.0,0.0,1.0,Moderate,9.281518640155217e-08
Lesotho,2004,1.0,1.0,0.0,0.0,0.0,1.0,Moderate,8.77100354123619e-08
Lesotho,2005,1.0,1.0,0.0,0.0,0.0,1.0,Moderate,6.732623998580877e-08
Lesotho,2006,1.0,1.0,0.0,0.0,0.0,1.0,Moderate,9.1450097378075e-08
Lesotho,2007,1.0,1.0,0.0,0.0,0.0,1.0,Moderate,9.465849911808434e-08
Lesotho,2008,1.0,1.0,0.0,0.0,0.0,2.0,Moderate,7.190080932249015e-08
Lesotho,2009,1.0,1.0,0.0,0.0,0.0,2.0,Moderate,6.73269285371776e-08
Lesotho,2010,1.0,1.0,0.0,0.0,0.0,2.0,Moderate,5.734326325491557e-08
Lesotho,2011,1.0,1.0,0.0,0.0,0.0,2.0,Moderate,5.2848757535949295e-08
Lesotho,2012,1.0,1.0,0.0,0.0,0.0,2.0,Moderate,4.8930352140806226e-08
Lesotho,2013,1.0,1.0,0.0,0.0,0.0,2.0,Moderate,5.9470541011705234e-08
Libya,2000,2.0,3.0,3.0,1.0,3.0,4.0,Hot,3.5447601013121e-07
Libya,2001,2.0,3.0,3.0,1.0,3.0,4.0,Hot,3.3750146086055546e-07
Libya,2002,2.0,3.0,3.0,1.0,3.0,2.0,Hot,7.001912120767549e-07
Libya,2003,2.0,3.0,3.0,1.0,3.0,2.0,Hot,9.511455757410926e-07
Libya,2004,2.0,3.0,3.0,1.0,3.0,2.0,Hot,1.121922232527812e-06
Libya,2005,2.0,3.0,3.0,1.0,3.0,2.0,Hot,7.508750825653494e-07
Libya,2006,2.0,3.0,3.0,1.0,3.0,2.0,Hot,7.242058194883242e-07
Libya,2007,2.0,2.0,3.0,1.0,2.0,2.0,Hot,6.421117242385332e-07
Libya,2008,2.0,3.0,3.0,1.0,3.0,2.0,Hot,8.439938849577859e-07
Libya,2009,2.0,3.0,3.0,1.0,3.0,2.0,Hot,7.528668038119643e-07
Libya,2010,2.0,3.0,3.0,1.0,3.0,3.0,Hot,7.134644129639118e-07
Libya,2011,2.0,3.0,2.0,1.0,2.0,3.0,Hot,4.949434408316639e-07
Libya,2012,2.0,3.0,3.0,1.0,3.0,2.0,Hot,7.066396257063919e-07
Libya,2013,2.0,3.0,3.0,1.0,2.0,2.0,Hot,5.789073340736722e-07
Lithuania,2000,0.0,2.0,1.0,2.0,0.0,1.0,Cold,6.212419486331616e-08
Lithuania,2001,0.0,2.0,1.0,2.0,0.0,1.0,Cold,1.9670485110363986e-07
Lithuania,2002,0.0,2.0,1.0,2.0,0.0,1.0,Cold,1.5832159544086778e-07
Lithuania,2003,0.0,2.0,1.0,2.0,1.0,1.0,Cold,2.0929916419509362e-07
Lithuania,2004,0.0,2.0,1.0,2.0,1.0,1.0,Cold,3.5551339642801265e-07
Lithuania,2005,0.0,2.0,1.0,2.0,1.0,1.0,Cold,2.8157652474103773e-07
Lithuania,2006,0.0,2.0,1.0,2.0,1.0,2.0,Cold,2.4606043399925573e-07
Lithuania,2007,0.0,2.0,1.0,2.0,1.0,2.0,Cold,2.667711087514737e-07
Lithuania,2008,0.0,2.0,1.0,2.0,1.0,2.0,Cold,3.025796208231502e-07
Lithuania,2009,0.0,2.0,1.0,2.0,1.0,2.0,Cold,1.6849712794026582e-07
Lithuania,2010,0.0,2.0,1.0,2.0,1.0,2.0,Cold,2.770953263054225e-07
Lithuania,2011,0.0,2.0,1.0,2.0,1.0,2.0,Cold,2.9379885735899494e-07
Lithuania,2012,0.0,2.0,1.0,2.0,1.0,2.0,Cold,2.708655115912808e-07
Lithuania,2013,0.0,2.0,1.0,2.0,1.0,2.0,Cold,2.1558531912546146e-07
Luxembourg,2000,0.0,2.0,0.0,0.0,0.0,0.0,Moderate,3.583332929052436e-07
Luxembourg,2001,0.0,2.0,0.0,0.0,0.0,0.0,Moderate,3.701718742525228e-07
Luxembourg,2002,0.0,2.0,0.0,0.0,0.0,0.0,Moderate,3.722372246354271e-07
Luxembourg,2003,0.0,2.0,0.0,0.0,0.0,0.0,Moderate,4.0569819965911844e-07
Luxembourg,2004,0.0,2.0,0.0,0.0,1.0,1.0,Cold,4.128838895948526e-07
Luxembourg,2005,0.0,2.0,0.0,0.0,1.0,1.0,Moderate,3.684929571050915e-07
Luxembourg,2006,0.0,2.0,0.0,0.0,1.0,0.0,Moderate,4.495056417748191e-07
Luxembourg,2007,0.0,2.0,0.0,0.0,1.0,1.0,Moderate,3.573347336262342e-07
Luxembourg,2008,0.0,2.0,0.0,0.0,0.0,1.0,Moderate,2.5167114108029495e-07
Luxembourg,2009,0.0,2.0,0.0,0.0,0.0,1.0,Moderate,2.713078266501676e-07
Luxembourg,2010,0.0,2.0,0.0,0.0,0.0,1.0,Cold,2.658562988885308e-07
Luxembourg,2011,0.0,2.0,0.0,0.0,0.0,1.0,Moderate,2.41421709937256e-07
Luxembourg,2012,0.0,2.0,0.0,0.0,0.0,1.0,Moderate,2.4391540194252386e-07
Luxembourg,2013,0.0,2.0,0.0,0.0,0.0,1.0,Cold,2.243229109133651e-07
Madagascar,2000,2.0,1.0,2.0,3.0,3.0,0.0,Hot,7.259368962033677e-06
Madagascar,2001,2.0,0.0,2.0,2.0,3.0,0.0,Hot,5.8112308886027e-06
Madagascar,2002,2.0,0.0,2.0,2.0,3.0,0.0,Hot,4.12362024452215e-06
Madagascar,2003,2.0,0.0,2.0,3.0,3.0,0.0,Hot,4.202447515417156e-06
Madagascar,2004,2.0,0.0,2.0,2.0,2.0,0.0,Hot,3.974081328553118e-06
Madagascar,2005,2.0,0.0,2.0,3.0,2.0,0.0,Hot,3.608863110450625e-06
Madagascar,2006,2.0,0.0,2.0,3.0,2.0,0.0,Hot,3.746932611602263e-06
Madagascar,2007,2.0,0.0,2.0,3.0,2.0,0.0,Hot,3.105667163412785e-06
Madagascar,2008,2.0,0.0,2.0,3.0,2.0,0.0,Hot,2.939714121255215e-06
Madagascar,2009,2.0,0.0,2.0,3.0,2.0,1.0,Hot,2.090590533475436e-06
Madagascar,2010,2.0,0.0,3.0,3.0,2.0,1.0,Hot,1.6328266285773526e-06
Madagascar,2011,2.0,1.0,2.0,3.0,2.0,1.0,Hot,1.9616962202227507e-06
Madagascar,2012,2.0,1.0,3.0,3.0,2.0,1.0,Hot,1.2870362422335826e-06
Madagascar,2013,2.0,1.0,2.0,3.0,2.0,1.0,Hot,1.313273383323473e-06
Malawi,2000,2.0,0.0,1.0,1.0,1.0,0.0,Hot,8.084102202122175e-07
Malawi,2001,2.0,0.0,1.0,1.0,1.0,0.0,Hot,7.186154353784525e-07
Malawi,2002,2.0,0.0,1.0,1.0,1.0,0.0,Hot,8.436042865976686e-07
Malawi,2003,2.0,0.0,1.0,1.0,1.0,0.0,Hot,7.457315162047551e-07
Malawi,2004,2.0,0.0,1.0,1.0,1.0,0.0,Hot,9.368195738485392e-07
Malawi,2005,2.0,0.0,1.0,1.0,1.0,0.0,Hot,9.908616463636722e-07
Malawi,2006,2.0,0.0,1.0,1.0,1.0,0.0,Hot,8.088224715581662e-07
Malawi,2007,2.0,0.0,1.0,1.0,1.0,0.0,Hot,9.940992003731978e-07
Malawi,2008,2.0,0.0,1.0,1.0,1.0,0.0,Hot,1.0190542967825978e-06
Malawi,2009,2.0,0.0,1.0,1.0,1.0,0.0,Hot,7.203460144649436e-07
Malawi,2010,2.0,0.0,1.0,2.0,1.0,0.0,Hot,7.141918853672959e-07
Malawi,2011,2.0,0.0,1.0,2.0,1.0,1.0,Hot,6.18546754003927e-07
Malawi,2012,2.0,0.0,1.0,2.0,1.0,0.0,Hot,6.742538803281473e-07
Malawi,2013,2.0,0.0,1.0,2.0,1.0,0.0,Hot,7.913379135423478e-07
Malaysia,2000,3.0,3.0,3.0,2.0,3.0,0.0,Hot,2.2116640699514015e-05
Malaysia,2001,3.0,3.0,3.0,2.0,3.0,0.0,Hot,2.4247047579863847e-05
Malaysia,2002,3.0,3.0,3.0,2.0,3.0,0.0,Hot,2.970173714718102e-05
Malaysia,2003,3.0,3.0,3.0,3.0,3.0,0.0,Hot,1.2425969028048831e-05
Malaysia,2004,3.0,3.0,3.0,3.0,3.0,0.0,Hot,2.9830873343333792e-05
Malaysia,2005,3.0,3.0,3.0,3.0,3.0,0.0,Hot,2.2128901747035165e-05
Malaysia,2006,3.0,3.0,3.0,3.0,3.0,0.0,Hot,2.2912693760605465e-05
Malaysia,2007,3.0,3.0,3.0,3.0,3.0,0.0,Hot,2.627229091030741e-05
Malaysia,2008,3.0,4.0,3.0,3.0,4.0,0.0,Hot,3.1675429921652414e-05
Malaysia,2009,3.0,4.0,3.0,3.0,4.0,0.0,Hot,2.884158966991941e-05
Malaysia,2010,3.0,4.0,3.0,3.0,4.0,0.0,Hot,3.137876210667115e-05
Malaysia,2011,3.0,4.0,3.0,3.0,4.0,0.0,Hot,1.561991022934546e-05
Malaysia,2012,3.0,4.0,3.0,3.0,4.0,0.0,Hot,3.548701341151015e-05
Malaysia,2013,4.0,4.0,3.0,3.0,4.0,0.0,Hot,3.962284236634747e-05
Mali,2000,4.0,0.0,2.0,3.0,1.0,1.0,Hot,9.326107058756512e-07
Mali,2001,4.0,0.0,2.0,3.0,2.0,1.0,Hot,1.3296723323072446e-06
Mali,2002,4.0,0.0,2.0,3.0,2.0,1.0,Hot,2.0958226602429125e-06
Mali,2003,4.0,0.0,2.0,3.0,1.0,1.0,Hot,1.0103058045120638e-06
Mali,2004,4.0,0.0,2.0,3.0,2.0,1.0,Hot,1.3627542606027052e-06
Mali,2005,4.0,0.0,2.0,3.0,1.0,1.0,Hot,1.0621865225645902e-06
Mali,2006,4.0,0.0,2.0,3.0,1.0,1.0,Hot,1.0468435630485412e-06
Mali,2007,4.0,0.0,2.0,3.0,2.0,1.0,Hot,1.1817828145105237e-06
Mali,2008,4.0,1.0,2.0,3.0,2.0,1.0,Hot,1.1205919437177791e-06
Mali,2009,4.0,0.0,2.0,3.0,2.0,1.0,Hot,1.0611613100997436e-06
Mali,2010,4.0,1.0,2.0,3.0,2.0,1.0,Hot,1.0433702167887918e-06
Mali,2011,4.0,1.0,2.0,3.0,2.0,1.0,Hot,1.089568991224146e-06
Mali,2012,4.0,1.0,2.0,3.0,2.0,1.0,Hot,1.1522223835060083e-06
Mali,2013,4.0,1.0,2.0,3.0,2.0,1.0,Hot,1.2174859073420931e-06
Mauritania,2000,4.0,0.0,1.0,1.0,0.0,0.0,Hot,5.051532415960208e-07
Mauritania,2001,4.0,0.0,1.0,1.0,0.0,0.0,Hot,9.07436257957166e-07
Mauritania,2002,4.0,0.0,1.0,1.0,0.0,0.0,Hot,3.711205362204413e-06
Mauritania,2003,4.0,0.0,1.0,1.0,0.0,0.0,Hot,3.4226876900206785e-06
Mauritania,2004,4.0,0.0,1.0,1.0,0.0,0.0,Hot,3.093492017382643e-06
Mauritania,2005,4.0,0.0,1.0,1.0,0.0,0.0,Hot,2.7192875064683416e-06
Mauritania,2006,4.0,0.0,1.0,1.0,1.0,0.0,Hot,2.3949700722418417e-06
Mauritania,2007,4.0,0.0,1.0,1.0,1.0,0.0,Hot,2.988584863804906e-06
Mauritania,2008,4.0,0.0,1.0,1.0,1.0,0.0,Hot,2.663637124888964e-06
Mauritania,2009,4.0,1.0,1.0,1.0,1.0,0.0,Hot,2.960093289866326e-06
Mauritania,2010,4.0,1.0,1.0,1.0,1.0,0.0,Hot,2.53947364290888e-06
Mauritania,2011,4.0,1.0,1.0,1.0,1.0,0.0,Hot,2.67527091285887e-06
Mauritania,2012,4.0,1.0,1.0,1.0,1.0,0.0,Hot,3.181156080037523e-06
Mauritania,2013,4.0,1.0,1.0,1.0,1.0,0.0,Hot,3.086611040787217e-06
Mauritius,2000,2.0,1.0,0.0,0.0,0.0,0.0,Hot,2.14087727337172e-07
Mauritius,2001,2.0,1.0,0.0,0.0,0.0,0.0,Hot,2.0668917221982585e-07
Mauritius,2002,2.0,1.0,0.0,0.0,0.0,0.0,Hot,1.8206193738009088e-07
Mauritius,2003,2.0,1.0,0.0,0.0,0.0,0.0,Hot,2.1468246858362195e-07
Mauritius,2004,2.0,1.0,0.0,0.0,0.0,0.0,Hot,2.1816353712938329e-07
Mauritius,2005,2.0,1.0,0.0,0.0,0.0,0.0,Hot,2.3529261390087239e-07
Mauritius,2006,2.0,1.0,0.0,0.0,0.0,0.0,Hot,2.3273955885202667e-07
Mauritius,2007,2.0,1.0,0.0,0.0,0.0,0.0,Hot,2.375349650357681e-07
Mauritius,2008,2.0,1.0,0.0,0.0,0.0,0.0,Hot,2.3820294661958207e-07
Mauritius,2009,2.0,1.0,0.0,0.0,0.0,0.0,Hot,2.367746555162221e-07
Mauritius,2010,2.0,1.0,0.0,0.0,0.0,0.0,Hot,2.282064452982183e-07
Mauritius,2011,2.0,1.0,0.0,0.0,0.0,0.0,Hot,2.627694460248487e-07
Mauritius,2012,2.0,1.0,0.0,0.0,0.0,0.0,Hot,2.298479822784574e-07
Mauritius,2013,2.0,1.0,0.0,0.0,0.0,0.0,Hot,2.3581243166297647e-07
Mexico,2000,2.0,4.0,4.0,4.0,4.0,2.0,Hot,5.361487990947295e-06
Mexico,2001,2.0,4.0,4.0,4.0,4.0,3.0,Hot,4.049658046682673e-06
Mexico,2002,2.0,4.0,4.0,4.0,4.0,3.0,Hot,3.982824208893991e-06
Mexico,2003,2.0,4.0,4.0,4.0,4.0,3.0,Hot,4.106494555431446e-06
Mexico,2004,2.0,4.0,4.0,4.0,4.0,3.0,Hot,3.6672178173624902e-06
Mexico,2005,2.0,4.0,4.0,4.0,4.0,3.0,Hot,3.3816581843507704e-06
Mexico,2006,2.0,4.0,4.0,4.0,4.0,3.0,Hot,3.2112663197133245e-06
Mexico,2007,2.0,4.0,4.0,4.0,4.0,3.0,Hot,3.526519385053025e-06
Mexico,2008,2.0,4.0,4.0,4.0,4.0,3.0,Hot,3.0980155782554327e-06
Mexico,2009,2.0,4.0,4.0,4.0,4.0,3.0,Hot,3.323611570859816e-06
Mexico,2010,2.0,4.0,4.0,4.0,4.0,3.0,Hot,2.8647273721817945e-06
Mexico,2011,2.0,4.0,4.0,4.0,4.0,4.0,Hot,2.0358280924804323e-06
Mexico,2012,2.0,4.0,4.0,4.0,4.0,4.0,Hot,2.3192398004621616e-06
Mexico,2013,2.0,4.0,4.0,4.0,4.0,4.0,Hot,1.9970274995084154e-06
Moldova,2000,0.0,1.0,0.0,0.0,0.0,2.0,Moderate,5.05869068452289e-08
Moldova,2001,0.0,1.0,0.0,0.0,0.0,2.0,Moderate,5.364881625151585e-08
Moldova,2002,0.0,1.0,0.0,0.0,0.0,2.0,Moderate,5.8032140437266126e-08
Moldova,2003,0.0,1.0,0.0,0.0,0.0,2.0,Cold,5.5781756920278756e-08
Moldova,2004,0.0,1.0,0.0,0.0,0.0,2.0,Cold,5.799407458695466e-08
Moldova,2005,0.0,1.0,0.0,0.0,0.0,2.0,Cold,6.013478476240808e-08
Moldova,2006,0.0,1.0,0.0,0.0,0.0,2.0,Cold,5.719974578309458e-08
Moldova,2007,0.0,1.0,0.0,0.0,0.0,2.0,Moderate,5.757763481432127e-08
Moldova,2008,0.0,1.0,0.0,0.0,0.0,2.0,Moderate,5.871092901150399e-08
Moldova,2009,0.0,1.0,0.0,0.0,0.0,2.0,Moderate,5.214707768807485e-08
Moldova,2010,0.0,1.0,0.0,0.0,0.0,2.0,Moderate,5.50227890050952e-08
Moldova,2011,0.0,1.0,0.0,0.0,0.0,2.0,Cold,5.7118540620467386e-08
Moldova,2012,0.0,1.0,0.0,0.0,0.0,2.0,Moderate,4.212475776594498e-08
Moldova,2013,1.0,1.0,0.0,0.0,0.0,2.0,Moderate,4.4452647236981426e-08
Montenegro,2006,0.0,1.0,0.0,0.0,0.0,2.0,Moderate,1.1591292838016564e-08
Montenegro,2007,1.0,1.0,0.0,0.0,0.0,2.0,Moderate,1.7527669887913712e-08
Montenegro,2008,1.0,1.0,0.0,0.0,0.0,2.0,Moderate,2.0900031318490842e-08
Montenegro,2009,1.0,0.0,0.0,0.0,0.0,2.0,Moderate,5.9275240396062356e-09
Montenegro,2010,0.0,1.0,0.0,0.0,0.0,2.0,Moderate,1.3620739509614462e-08
Montenegro,2011,0.0,1.0,0.0,0.0,0.0,2.0,Moderate,1.4214124843048725e-08
Montenegro,2012,1.0,1.0,0.0,0.0,0.0,2.0,Moderate,6.892240764332087e-09
Montenegro,2013,1.0,1.0,0.0,0.0,0.0,2.0,Moderate,8.607215379144768e-09
Morocco,2000,1.0,2.0,2.0,2.0,2.0,4.0,Moderate,1.0844631664681675e-07
Morocco,2001,1.0,2.0,2.0,2.0,2.0,4.0,Moderate,1.1535853514818632e-07
Morocco,2002,1.0,2.0,2.0,2.0,2.0,4.0,Moderate,1.8700592577036815e-07
Morocco,2003,1.0,2.0,2.0,3.0,2.0,4.0,Moderate,1.5329304955867306e-07
Morocco,2004,1.0,2.0,2.0,3.0,2.0,4.0,Moderate,1.5461430270490396e-07
Morocco,2005,1.0,2.0,2.0,3.0,2.0,4.0,Moderate,1.4778212074765878e-07
Morocco,2006,1.0,3.0,2.0,3.0,2.0,4.0,Moderate,1.4342137825485786e-07
Morocco,2007,1.0,3.0,2.0,3.0,2.0,4.0,Moderate,1.4452807715403585e-07
Morocco,2008,1.0,3.0,2.0,3.0,2.0,4.0,Moderate,1.4833846506705002e-07
Morocco,2009,1.0,3.0,3.0,3.0,2.0,4.0,Moderate,1.340703231608818e-07
Morocco,2010,1.0,3.0,3.0,3.0,2.0,4.0,Moderate,1.30203088722276e-07
Morocco,2011,1.0,3.0,3.0,3.0,3.0,4.0,Moderate,1.2413357180602424e-07
Morocco,2012,1.0,3.0,3.0,3.0,3.0,4.0,Moderate,1.1886730407256977e-07
Morocco,2013,1.0,3.0,3.0,3.0,3.0,4.0,Moderate,1.084688820301005e-07
Mozambique,2000,2.0,0.0,2.0,3.0,2.0,4.0,Hot,1.5730301074404637e-07
Mozambique,2001,2.0,0.0,2.0,3.0,2.0,4.0,Hot,1.943315411149998e-07
Mozambique,2002,2.0,0.0,2.0,3.0,2.0,4.0,Hot,1.8779435659508238e-07
Mozambique,2003,2.0,0.0,2.0,3.0,2.0,4.0,Hot,1.9198721563221416e-07
Mozambique,2004,2.0,0.0,2.0,3.0,3.0,4.0,Hot,2.0905388615962158e-07
Mozambique,2005,3.0,0.0,2.0,3.0,2.0,4.0,Hot,1.7297638083147557e-07
Mozambique,2006,2.0,1.0,2.0,3.0,2.0,4.0,Hot,1.7175152905784338e-07
Mozambique,2007,2.0,1.0,2.0,3.0,2.0,4.0,Hot,1.710245437479763e-07
Mozambique,2008,2.0,1.0,2.0,3.0,2.0,4.0,Hot,1.6623537647142613e-07
Mozambique,2009,2.0,1.0,2.0,3.0,2.0,4.0,Hot,1.4228753458972457e-07
Mozambique,2010,2.0,1.0,2.0,3.0,2.0,4.0,Hot,1.1816876858687649e-07
Mozambique,2011,2.0,1.0,2.0,3.0,2.0,4.0,Hot,9.867274742464395e-08
Mozambique,2012,2.0,1.0,2.0,3.0,2.0,4.0,Hot,9.2279194742083e-08
Mozambique,2013,2.0,1.0,2.0,3.0,2.0,4.0,Hot,9.428638201449893e-08
Namibia,2000,2.0,0.0,1.0,2.0,1.0,4.0,Hot,4.33976553264713e-08
Namibia,2001,2.0,1.0,1.0,2.0,1.0,4.0,Hot,3.821074293481557e-08
Namibia,2002,2.0,1.0,1.0,1.0,0.0,4.0,Hot,3.228939217100129e-08
Namibia,2003,2.0,1.0,1.0,2.0,1.0,4.0,Hot,3.1937030901068573e-08
Namibia,2004,2.0,1.0,1.0,2.0,1.0,4.0,Hot,3.2317404662569924e-08
Namibia,2005,2.0,1.0,1.0,2.0,1.0,4.0,Hot,3.320328002538907e-08
Namibia,2006,1.0,1.0,1.0,2.0,1.0,4.0,Hot,3.801256290956662e-08
Namibia,2007,2.0,1.0,1.0,2.0,1.0,4.0,Hot,3.6392131464134315e-08
Namibia,2008,2.0,1.0,1.0,2.0,1.0,4.0,Hot,3.3175780034706396e-08
Namibia,2009,2.0,1.0,1.0,2.0,1.0,4.0,Hot,3.8542155279236754e-08
Namibia,2010,2.0,1.0,1.0,2.0,1.0,2.0,Hot,2.0796069211428178e-07
Namibia,2011,1.0,1.0,1.0,2.0,1.0,2.0,Hot,2.645924319575838e-07
Namibia,2012,2.0,1.0,1.0,3.0,1.0,2.0,Hot,1.7160543684722705e-07
Namibia,2013,2.0,1.0,1.0,2.0,1.0,3.0,Hot,1.1326136339922049e-07
Nepal,2000,1.0,1.0,2.0,2.0,2.0,4.0,Moderate,1.77415943611705e-07
Nepal,2001,1.0,1.0,2.0,2.0,2.0,4.0,Moderate,1.7271361576784325e-07
Nepal,2002,1.0,1.0,3.0,2.0,2.0,4.0,Moderate,1.5715749532464081e-07
Nepal,2003,1.0,1.0,3.0,2.0,2.0,4.0,Moderate,1.5646145511628079e-07
Nepal,2004,1.0,1.0,3.0,2.0,2.0,4.0,Moderate,1.4267723048621985e-07
Nepal,2005,1.0,1.0,3.0,2.0,2.0,4.0,Moderate,1.415950744659245e-07
Nepal,2006,1.0,1.0,3.0,2.0,2.0,4.0,Moderate,1.463224291636913e-07
Nepal,2007,1.0,1.0,3.0,2.0,2.0,4.0,Moderate,1.4012428532141024e-07
Nepal,2008,1.0,1.0,3.0,2.0,2.0,4.0,Moderate,1.1741843732707907e-07
Nepal,2009,1.0,1.0,3.0,2.0,2.0,4.0,Moderate,1.1601184259733729e-07
Nepal,2010,1.0,1.0,3.0,2.0,2.0,4.0,Moderate,1.2579034798466106e-07
Nepal,2011,1.0,1.0,3.0,2.0,2.0,4.0,Moderate,1.203535831024383e-07
Nepal,2012,1.0,1.0,3.0,2.0,2.0,4.0,Moderate,1.0367729558510681e-07
Nepal,2013,1.0,1.0,3.0,2.0,2.0,4.0,Moderate,1.133991878942305e-07
Netherlands,2000,0.0,3.0,3.0,3.0,3.0,0.0,Moderate,1.436353619301659e-05
Netherlands,2001,0.0,3.0,3.0,3.0,3.0,0.0,Moderate,9.817563276180669e-06
Netherlands,2002,0.0,3.0,3.0,3.0,3.0,0.0,Moderate,7.414822823240731e-06
Netherlands,2003,0.0,3.0,3.0,3.0,3.0,1.0,Moderate,6.609349194612571e-06
Netherlands,2004,0.0,3.0,3.0,3.0,3.0,0.0,Moderate,8.329749162884895e-06
Netherlands,2005,0.0,3.0,3.0,3.0,3.0,0.0,Moderate,8.103450183566454e-06
Netherlands,2006,0.0,3.0,3.0,3.0,3.0,1.0,Moderate,6.707584780271356e-06
Netherlands,2007,1.0,3.0,3.0,3.0,3.0,0.0,Moderate,7.359748324345462e-06
Netherlands,2008,0.0,3.0,3.0,3.0,3.0,0.0,Moderate,1.0471402822139894e-05
Netherlands,2009,0.0,3.0,3.0,3.0,3.0,0.0,Moderate,8.955356191373945e-06
Netherlands,2010,0.0,3.0,3.0,3.0,3.0,0.0,Cold,8.683638790557573e-06
Netherlands,2011,0.0,3.0,3.0,3.0,3.0,0.0,Moderate,7.884150309301324e-06
Netherlands,2012,0.0,3.0,2.0,3.0,3.0,0.0,Moderate,7.5024469654003395e-06
Netherlands,2013,0.0,3.0,3.0,3.0,3.0,0.0,Cold,7.476059514285235e-06
New Zealand,2000,0.0,2.0,3.0,3.0,3.0,2.0,Moderate,1.1931998342931243e-06
New Zealand,2001,0.0,2.0,3.0,3.0,3.0,2.0,Moderate,1.3136406625574298e-06
New Zealand,2002,0.0,2.0,3.0,3.0,3.0,2.0,Moderate,1.1683015616026266e-06
New Zealand,2003,0.0,2.0,3.0,3.0,3.0,2.0,Moderate,1.101092900218577e-06
New Zealand,2004,0.0,2.0,3.0,3.0,3.0,2.0,Moderate,9.53838003897722e-07
New Zealand,2005,1.0,2.0,3.0,3.0,2.0,2.0,Moderate,9.131657329914814e-07
New Zealand,2006,0.0,2.0,3.0,3.0,3.0,2.0,Moderate,9.62521091465164e-07
New Zealand,2007,0.0,2.0,3.0,3.0,3.0,2.0,Moderate,8.733560050915797e-07
New Zealand,2008,0.0,2.0,3.0,3.0,3.0,2.0,Moderate,8.564210124988782e-07
New Zealand,2009,0.0,2.0,3.0,3.0,3.0,2.0,Moderate,7.460808974113558e-07
New Zealand,2010,0.0,2.0,3.0,3.0,2.0,2.0,Moderate,7.516118203937572e-07
New Zealand,2011,0.0,2.0,3.0,3.0,3.0,2.0,Moderate,7.155288306493115e-07
New Zealand,2012,0.0,2.0,3.0,3.0,3.0,2.0,Moderate,7.659777707138364e-07
New Zealand,2013,0.0,2.0,3.0,3.0,3.0,2.0,Moderate,7.65472127310576e-07
Nicaragua,2000,3.0,1.0,1.0,1.0,3.0,1.0,Hot,3.0283176825648357e-06
Nicaragua,2001,3.0,1.0,1.0,1.0,2.0,1.0,Hot,2.7499103308555525e-06
Nicaragua,2002,3.0,1.0,1.0,1.0,2.0,1.0,Hot,1.684255650805017e-06
Nicaragua,2003,3.0,1.0,1.0,1.0,2.0,1.0,Hot,2.591534367771717e-06
Nicaragua,2004,3.0,1.0,1.0,1.0,2.0,1.0,Hot,1.732877667182232e-06
Nicaragua,2005,3.0,1.0,1.0,1.0,2.0,1.0,Hot,1.7403238884704975e-06
Nicaragua,2006,3.0,1.0,1.0,1.0,2.0,1.0,Hot,9.386731729498676e-07
Nicaragua,2007,3.0,1.0,1.0,1.0,2.0,0.0,Hot,1.839991078592584e-06
Nicaragua,2008,3.0,1.0,1.0,1.0,2.0,0.0,Hot,1.5048451150882848e-06
Nicaragua,2009,3.0,1.0,1.0,1.0,2.0,0.0,Hot,1.4919793847623674e-06
Nicaragua,2010,3.0,1.0,1.0,1.0,1.0,1.0,Hot,1.28832630118763e-06
Nicaragua,2011,3.0,1.0,1.0,1.0,1.0,1.0,Hot,1.1247422709551743e-06
Nicaragua,2012,3.0,1.0,1.0,1.0,1.0,1.0,Hot,1.1340994260133235e-06
Nicaragua,2013,3.0,1.0,1.0,1.0,1.0,1.0,Hot,1.01697470186439e-06
Niger,2000,4.0,0.0,2.0,2.0,1.0,3.0,Hot,2.0183709558950035e-07
Niger,2001,4.0,0.0,2.0,2.0,1.0,3.0,Hot,1.916398677021866e-07
Niger,2002,4.0,0.0,2.0,2.0,1.0,3.0,Hot,2.0553311177752378e-07
Niger,2003,4.0,0.0,2.0,2.0,1.0,3.0,Hot,1.939878051997589e-07
Niger,2004,4.0,0.0,2.0,2.0,1.0,3.0,Hot,1.826617132761647e-07
Niger,2005,4.0,0.0,2.0,2.0,1.0,3.0,Hot,1.6388064350704905e-07
Niger,2006,4.0,0.0,2.0,2.0,1.0,2.0,Hot,3.84303150808394e-07
Niger,2007,4.0,0.0,2.0,3.0,1.0,3.0,Hot,2.039122573218816e-07
Niger,2008,4.0,0.0,2.0,3.0,1.0,2.0,Hot,1.910835323695943e-07
Niger,2009,4.0,0.0,2.0,3.0,1.0,3.0,Hot,1.9566601758607465e-07
Niger,2010,4.0,0.0,2.0,3.0,1.0,0.0,Hot,2.697705702492547e-06
Niger,2011,4.0,0.0,2.0,3.0,2.0,0.0,Hot,2.4256525649945304e-06
Niger,2012,4.0,0.0,2.0,3.0,2.0,0.0,Hot,3.902568627310123e-06
Niger,2013,4.0,1.0,2.0,3.0,2.0,0.0,Hot,4.181842400745291e-06
Nigeria,2000,4.0,3.0,4.0,4.0,4.0,0.0,Hot,2.4814661970075465e-05
Nigeria,2001,4.0,3.0,4.0,4.0,4.0,0.0,Hot,2.3414838838358224e-05
Nigeria,2002,4.0,3.0,4.0,4.0,4.0,0.0,Hot,1.947810211462643e-05
Nigeria,2003,4.0,3.0,4.0,4.0,4.0,0.0,Hot,1.9608898667888883e-05
Nigeria,2004,4.0,3.0,4.0,4.0,4.0,0.0,Hot,1.657211496991745e-05
Nigeria,2005,4.0,3.0,4.0,4.0,4.0,0.0,Hot,1.5475154560757676e-05
Nigeria,2006,4.0,3.0,4.0,4.0,4.0,1.0,Hot,1.3832203625092234e-05
Nigeria,2007,4.0,3.0,4.0,4.0,4.0,1.0,Hot,8.661570115023354e-06
Nigeria,2008,4.0,3.0,4.0,4.0,4.0,1.0,Hot,9.260802384143772e-06
Nigeria,2009,4.0,3.0,4.0,4.0,4.0,1.0,Hot,7.0931381636298575e-06
Nigeria,2010,4.0,3.0,4.0,4.0,4.0,1.0,Hot,7.25908641207099e-06
Nigeria,2011,4.0,3.0,4.0,4.0,4.0,1.0,Hot,6.678368245590965e-06
Nigeria,2012,4.0,3.0,4.0,4.0,4.0,1.0,Hot,6.387947260732896e-06
Nigeria,2013,4.0,3.0,4.0,4.0,4.0,1.0,Hot,6.78256109851088e-06
North America,2000,0.0,4.0,4.0,4.0,4.0,4.0,Cold,2.843272671018975e-05
North America,2001,0.0,4.0,4.0,4.0,4.0,4.0,Cold,2.8542298013725207e-05
North America,2002,0.0,4.0,4.0,4.0,4.0,4.0,Cold,2.950357333041715e-05
North America,2003,0.0,4.0,4.0,4.0,4.0,4.0,Cold,2.717116669272101e-05
North America,2004,0.0,4.0,4.0,4.0,4.0,4.0,Cold,2.482374271343965e-05
North America,2005,0.0,4.0,4.0,4.0,4.0,4.0,Cold,2.663326895692964e-05
North America,2006,0.0,4.0,4.0,4.0,4.0,4.0,Cold,2.5546075523239432e-05
North America,2007,0.0,4.0,4.0,4.0,4.0,4.0,Cold,2.3117407587864493e-05
North America,2008,0.0,4.0,4.0,4.0,4.0,4.0,Cold,2.3855425142924972e-05
North America,2009,0.0,4.0,4.0,4.0,4.0,4.0,Cold,2.120232609009397e-05
North America,2010,0.0,4.0,4.0,4.0,4.0,4.0,Cold,2.238693061957531e-05
North America,2011,0.0,4.0,4.0,4.0,4.0,4.0,Cold,2.2077718110286474e-05
North America,2012,0.0,4.0,4.0,4.0,4.0,4.0,Cold,2.3854886426672064e-05
North America,2013,0.0,4.0,4.0,4.0,4.0,4.0,Cold,1.962761326306989e-05
North Korea,2000,0.0,3.0,3.0,2.0,3.0,2.0,Cold,1.0692407332842602e-06
North Korea,2001,0.0,3.0,3.0,2.0,3.0,2.0,Cold,1.1371664164245465e-06
North Korea,2002,0.0,3.0,3.0,1.0,3.0,2.0,Cold,1.083774756828662e-06
North Korea,2003,0.0,3.0,3.0,1.0,3.0,2.0,Cold,7.752590641432897e-07
North Korea,2004,0.0,3.0,3.0,1.0,3.0,3.0,Cold,8.144509900844598e-07
North Korea,2005,0.0,3.0,3.0,1.0,3.0,2.0,Cold,8.316235028647757e-07
North Korea,2006,0.0,3.0,3.0,2.0,3.0,3.0,Cold,7.595571399828662e-07
North Korea,2007,0.0,3.0,3.0,1.0,3.0,2.0,Cold,8.561566376331767e-07
North Korea,2008,0.0,3.0,3.0,1.0,3.0,2.0,Cold,8.901995621926091e-07
North Korea,2009,0.0,3.0,3.0,1.0,3.0,2.0,Cold,8.610924207516997e-07
North Korea,2010,0.0,3.0,3.0,2.0,3.0,3.0,Cold,5.121330392244507e-07
North Korea,2011,0.0,3.0,3.0,2.0,2.0,3.0,Cold,3.998687805293938e-07
North Korea,2012,0.0,3.0,3.0,1.0,2.0,2.0,Cold,8.213105806014761e-07
North Korea,2013,0.0,2.0,3.0,1.0,2.0,2.0,Cold,7.404429801567105e-07
Oceania,2000,2.0,4.0,4.0,4.0,4.0,4.0,Hot,9.584467849812583e-07
Oceania,2001,2.0,4.0,4.0,4.0,4.0,4.0,Hot,9.33549885505629e-07
Oceania,2002,2.0,4.0,4.0,4.0,4.0,4.0,Hot,1.0476247999723513e-06
Oceania,2003,2.0,4.0,4.0,4.0,4.0,4.0,Hot,9.538191654091424e-07
Oceania,2004,2.0,4.0,4.0,4.0,4.0,4.0,Hot,1.1368469808994677e-06
Oceania,2005,2.0,4.0,4.0,4.0,4.0,4.0,Hot,9.846831095947172e-07
Oceania,2006,2.0,4.0,4.0,4.0,4.0,4.0,Hot,1.0219032560558731e-06
Oceania,2007,2.0,4.0,4.0,4.0,4.0,4.0,Hot,1.0373661910256192e-06
Oceania,2008,2.0,4.0,4.0,4.0,4.0,4.0,Hot,1.205259191928407e-06
Oceania,2009,2.0,4.0,4.0,4.0,4.0,4.0,Hot,1.0872479889587883e-06
Oceania,2010,2.0,4.0,4.0,4.0,4.0,4.0,Hot,1.1861904295941723e-06
Oceania,2011,2.0,4.0,4.0,4.0,4.0,4.0,Hot,1.1307921919835274e-06
Oceania,2012,2.0,4.0,4.0,4.0,4.0,4.0,Hot,1.0083286168065628e-06
Oceania,2013,2.0,4.0,4.0,4.0,4.0,4.0,Hot,8.940147957238232e-07
Oman,2000,4.0,2.0,3.0,0.0,2.0,1.0,Hot,7.023620289162165e-07
Oman,2001,4.0,2.0,3.0,0.0,2.0,1.0,Hot,6.82011338541781e-07
Oman,2002,4.0,2.0,3.0,0.0,2.0,1.0,Hot,8.07454013124361e-07
Oman,2003,4.0,2.0,3.0,0.0,2.0,1.0,Hot,1.068651254292154e-06
Oman,2004,4.0,2.0,3.0,0.0,2.0,1.0,Hot,1.1364300245390822e-06
Oman,2005,4.0,2.0,3.0,0.0,2.0,2.0,Hot,5.318558250838478e-07
Oman,2006,4.0,2.0,3.0,0.0,2.0,2.0,Hot,8.500739053667418e-07
Oman,2007,4.0,2.0,3.0,0.0,2.0,1.0,Hot,9.612828466981492e-07
Oman,2008,4.0,3.0,3.0,0.0,2.0,2.0,Hot,7.184483558804611e-07
Oman,2009,4.0,2.0,3.0,0.0,2.0,2.0,Hot,5.924422596142145e-07
Oman,2010,4.0,3.0,3.0,0.0,2.0,1.0,Hot,1.171676275356397e-06
Oman,2011,4.0,3.0,3.0,0.0,2.0,3.0,Hot,5.143444133979773e-07
Oman,2012,4.0,3.0,3.0,1.0,3.0,2.0,Hot,7.141382877024074e-07
Oman,2013,4.0,3.0,3.0,1.0,3.0,1.0,Hot,1.7530798078674211e-06
Pakistan,2000,2.0,3.0,4.0,4.0,3.0,1.0,Hot,7.747238655979184e-06
Pakistan,2001,2.0,3.0,4.0,4.0,3.0,1.0,Hot,8.425286037825897e-06
Pakistan,2002,2.0,3.0,4.0,4.0,3.0,1.0,Hot,7.84076296101577e-06
Pakistan,2003,2.0,3.0,4.0,4.0,3.0,1.0,Hot,8.763683061201108e-06
Pakistan,2004,2.0,3.0,4.0,4.0,3.0,1.0,Hot,7.649942777620873e-06
Pakistan,2005,2.0,3.0,4.0,4.0,3.0,1.0,Hot,8.411224076153159e-06
Pakistan,2006,2.0,3.0,4.0,4.0,3.0,1.0,Hot,8.754669977155583e-06
Pakistan,2007,2.0,3.0,4.0,4.0,3.0,1.0,Hot,9.677482446522731e-06
Pakistan,2008,2.0,3.0,4.0,4.0,4.0,1.0,Hot,1.0155004449490476e-05
Pakistan,2009,2.0,3.0,4.0,4.0,4.0,1.0,Hot,1.0113690628487609e-05
Pakistan,2010,2.0,3.0,4.0,4.0,4.0,1.0,Hot,1.0485358379239197e-05
Pakistan,2011,2.0,3.0,4.0,4.0,4.0,2.0,Hot,4.82536265495941e-06
Pakistan,2012,2.0,3.0,4.0,4.0,4.0,2.0,Hot,4.860243154934582e-06
Pakistan,2013,2.0,3.0,4.0,4.0,4.0,1.0,Hot,5.3401579492595325e-06
Panama,2000,3.0,1.0,0.0,1.0,1.0,2.0,Hot,2.4785846644130786e-07
Panama,2001,3.0,1.0,0.0,1.0,1.0,2.0,Hot,2.062664620300329e-07
Panama,2002,4.0,1.0,1.0,1.0,1.0,2.0,Hot,1.669434961048303e-07
Panama,2003,4.0,1.0,0.0,1.0,1.0,3.0,Hot,1.25791302803698e-07
Panama,2004,4.0,1.0,0.0,1.0,1.0,2.0,Hot,1.929467135199245e-07
Panama,2005,4.0,1.0,1.0,1.0,1.0,2.0,Hot,1.4188591948658612e-07
Panama,2006,4.0,2.0,1.0,1.0,1.0,2.0,Hot,2.123366511846158e-07
Panama,2007,4.0,2.0,1.0,1.0,1.0,2.0,Hot,1.7005170247089709e-07
Panama,2008,3.0,1.0,1.0,1.0,1.0,2.0,Hot,1.767361695436044e-07
Panama,2009,4.0,2.0,1.0,1.0,1.0,3.0,Hot,1.964094207525897e-07
Panama,2010,4.0,2.0,1.0,1.0,1.0,3.0,Hot,1.5963454225487673e-07
Panama,2011,3.0,2.0,1.0,1.0,1.0,0.0,Hot,1.7665740621361882e-06
Panama,2012,4.0,2.0,1.0,1.0,1.0,0.0,Hot,1.959297070409724e-06
Panama,2013,4.0,2.0,1.0,1.0,1.0,0.0,Hot,1.1772950105606317e-06
Papua New Guinea,2000,3.0,1.0,0.0,1.0,1.0,0.0,Hot,1.207265502713956e-05
Papua New Guinea,2001,3.0,1.0,0.0,1.0,1.0,0.0,Hot,1.5208625615070044e-05
Papua New Guinea,2002,3.0,1.0,0.0,1.0,1.0,0.0,Hot,1.609915315448658e-05
Papua New Guinea,2003,3.0,1.0,0.0,1.0,1.0,0.0,Hot,1.6355355966513134e-05
Papua New Guinea,2004,3.0,1.0,0.0,1.0,1.0,0.0,Hot,1.6222570774925284e-05
Papua New Guinea,2005,3.0,1.0,1.0,1.0,1.0,0.0,Hot,1.726013546391299e-05
Papua New Guinea,2006,2.0,1.0,1.0,1.0,2.0,0.0,Hot,2.5950102327256235e-06
Papua New Guinea,2007,3.0,1.0,0.0,1.0,2.0,0.0,Hot,2.1757680869688283e-06
Papua New Guinea,2008,2.0,1.0,1.0,1.0,2.0,0.0,Hot,2.864431930604018e-06
Papua New Guinea,2009,2.0,1.0,0.0,1.0,2.0,0.0,Hot,2.1374610619985934e-06
Papua New Guinea,2010,3.0,1.0,0.0,1.0,1.0,0.0,Hot,1.947572636095849e-06
Papua New Guinea,2011,3.0,1.0,0.0,1.0,1.0,0.0,Hot,1.604701409056732e-06
Papua New Guinea,2012,3.0,1.0,0.0,1.0,1.0,0.0,Hot,1.9349427098549118e-06
Papua New Guinea,2013,3.0,1.0,0.0,1.0,2.0,0.0,Hot,2.121232634666293e-06
Paraguay,2000,2.0,1.0,2.0,2.0,2.0,4.0,Hot,1.7162409111859355e-07
Paraguay,2001,2.0,1.0,2.0,2.0,2.0,4.0,Hot,1.7885505369612442e-07
Paraguay,2002,2.0,1.0,2.0,2.0,2.0,4.0,Hot,1.7090229043063877e-07
Paraguay,2003,2.0,1.0,2.0,3.0,2.0,4.0,Hot,1.5695073950521078e-07
Paraguay,2004,2.0,1.0,2.0,2.0,2.0,4.0,Hot,1.1419810227026812e-07
Paraguay,2005,2.0,1.0,2.0,2.0,2.0,4.0,Hot,1.1306252926363125e-07
Paraguay,2006,2.0,1.0,2.0,2.0,2.0,4.0,Hot,1.2472717972072053e-07
Paraguay,2007,2.0,1.0,2.0,3.0,2.0,4.0,Hot,1.5401989578963653e-07
Paraguay,2008,2.0,1.0,2.0,3.0,2.0,4.0,Hot,1.196204762386554e-07
Paraguay,2009,2.0,1.0,2.0,3.0,2.0,4.0,Hot,9.592383185045488e-08
Paraguay,2010,2.0,1.0,3.0,3.0,2.0,4.0,Hot,1.072105739139456e-07
Paraguay,2011,2.0,1.0,3.0,3.0,2.0,4.0,Hot,1.1096950224365437e-07
Paraguay,2012,2.0,1.0,3.0,3.0,2.0,4.0,Hot,9.72403760058385e-08
Paraguay,2013,2.0,1.0,3.0,3.0,2.0,4.0,Hot,1.305641812921982e-07
Peru,2000,1.0,2.0,3.0,3.0,3.0,1.0,Hot,3.973962696146597e-06
Peru,2001,1.0,2.0,3.0,3.0,3.0,1.0,Hot,2.303552337583045e-06
Peru,2002,1.0,2.0,3.0,3.0,3.0,1.0,Hot,2.1380215867359465e-06
Peru,2003,1.0,2.0,3.0,3.0,3.0,1.0,Hot,3.798036335105801e-06
Peru,2004,1.0,2.0,3.0,3.0,3.0,1.0,Hot,2.7230970825894003e-06
Peru,2005,1.0,2.0,3.0,3.0,3.0,1.0,Hot,3.5254909789038206e-06
Peru,2006,1.0,2.0,3.0,3.0,3.0,1.0,Hot,4.235242299025553e-06
Peru,2007,1.0,2.0,3.0,3.0,3.0,1.0,Hot,2.0852596524969584e-06
Peru,2008,1.0,2.0,3.0,3.0,3.0,1.0,Hot,2.282773976638325e-06
Peru,2009,1.0,2.0,3.0,3.0,3.0,1.0,Hot,2.132880250517184e-06
Peru,2010,1.0,2.0,3.0,3.0,3.0,1.0,Hot,2.6353540292928195e-06
Peru,2011,1.0,2.0,3.0,3.0,3.0,1.0,Hot,3.7603676157888553e-06
Peru,2012,1.0,3.0,3.0,3.0,3.0,1.0,Hot,2.290884905328114e-06
Peru,2013,1.0,2.0,3.0,3.0,3.0,1.0,Moderate,2.763592410356352e-06
Philippines,2000,4.0,3.0,3.0,3.0,3.0,1.0,Hot,2.978744057245776e-06
Philippines,2001,4.0,3.0,3.0,3.0,3.0,2.0,Hot,2.0811677225126774e-06
Philippines,2002,4.0,3.0,3.0,3.0,3.0,1.0,Hot,2.684261415071591e-06
Philippines,2003,4.0,3.0,3.0,3.0,3.0,1.0,Hot,3.1496646974510677e-06
Philippines,2004,4.0,3.0,3.0,3.0,3.0,1.0,Hot,2.842305479935968e-06
Philippines,2005,4.0,3.0,3.0,3.0,3.0,1.0,Hot,3.020590999762902e-06
Philippines,2006,4.0,3.0,3.0,3.0,3.0,2.0,Hot,2.626521781999552e-06
Philippines,2007,4.0,3.0,3.0,3.0,3.0,2.0,Hot,3.38701106155956e-06
Philippines,2008,3.0,3.0,4.0,3.0,3.0,2.0,Hot,3.2388557759130403e-06
Philippines,2009,4.0,3.0,4.0,3.0,3.0,1.0,Hot,3.136541251862693e-06
Philippines,2010,4.0,3.0,4.0,3.0,3.0,2.0,Hot,3.056646375104545e-06
Philippines,2011,3.0,3.0,4.0,3.0,3.0,1.0,Hot,3.564648382742501e-06
Philippines,2012,4.0,3.0,4.0,3.0,3.0,1.0,Hot,3.38218272617729e-06
Philippines,2013,4.0,3.0,4.0,3.0,3.0,1.0,Hot,3.409206766316243e-06
Poland,2000,0.0,4.0,4.0,4.0,4.0,4.0,Cold,1.1483448557816194e-06
Poland,2001,0.0,4.0,4.0,4.0,4.0,4.0,Cold,1.210022162164131e-06
Poland,2002,0.0,4.0,4.0,4.0,4.0,4.0,Cold,1.0695439391299509e-06
Poland,2003,0.0,4.0,3.0,4.0,4.0,4.0,Cold,1.1312009195992382e-06
Poland,2004,0.0,4.0,3.0,4.0,4.0,4.0,Cold,1.2005418892782554e-06
Poland,2005,0.0,4.0,3.0,4.0,4.0,4.0,Cold,1.1696795277698383e-06
Poland,2006,0.0,4.0,3.0,4.0,4.0,4.0,Cold,1.1134107337237133e-06
Poland,2007,0.0,4.0,3.0,4.0,4.0,4.0,Cold,1.1637998729539994e-06
Poland,2008,0.0,4.0,3.0,4.0,4.0,4.0,Cold,1.2508796150864484e-06
Poland,2009,0.0,4.0,3.0,4.0,4.0,4.0,Cold,9.8929931980992e-07
Poland,2010,0.0,4.0,3.0,4.0,4.0,4.0,Cold,1.2086199301373352e-06
Poland,2011,0.0,4.0,3.0,4.0,4.0,4.0,Cold,1.1162352965678622e-06
Poland,2012,0.0,4.0,3.0,4.0,4.0,4.0,Cold,1.061776963317194e-06
Poland,2013,0.0,4.0,3.0,4.0,4.0,4.0,Cold,1.0208846100916817e-06
Portugal,2000,1.0,3.0,2.0,2.0,2.0,2.0,Moderate,7.571836168805298e-07
Portugal,2001,1.0,3.0,2.0,2.0,2.0,2.0,Moderate,7.244349632335888e-07
Portugal,2002,1.0,3.0,2.0,2.0,2.0,2.0,Moderate,7.376921972988988e-07
Portugal,2003,1.0,3.0,2.0,2.0,2.0,2.0,Moderate,1.045166162542039e-06
Portugal,2004,1.0,3.0,2.0,2.0,2.0,2.0,Moderate,6.744738125389313e-07
Portugal,2005,1.0,3.0,2.0,2.0,2.0,2.0,Moderate,1.049088282341354e-06
Portugal,2006,1.0,3.0,2.0,2.0,2.0,2.0,Moderate,9.59982345858913e-07
Portugal,2007,1.0,3.0,2.0,2.0,2.0,2.0,Moderate,8.105646431221908e-07
Portugal,2008,1.0,3.0,2.0,2.0,2.0,1.0,Moderate,1.0758852790291627e-06
Portugal,2009,1.0,3.0,2.0,2.0,2.0,1.0,Moderate,9.990768434571348e-07
Portugal,2010,1.0,3.0,2.0,2.0,2.0,1.0,Moderate,1.2773596096709212e-06
Portugal,2011,1.0,3.0,2.0,2.0,2.0,2.0,Moderate,8.192700172336096e-07
Portugal,2012,1.0,3.0,1.0,2.0,2.0,2.0,Moderate,7.41904571920625e-07
Portugal,2013,1.0,3.0,1.0,2.0,2.0,1.0,Moderate,9.813985863915996e-07
Qatar,2000,4.0,2.0,3.0,0.0,2.0,0.0,Hot,3.2199338385503046e-06
Qatar,2001,4.0,3.0,3.0,0.0,2.0,0.0,Hot,3.414887682776713e-06
Qatar,2002,4.0,2.0,3.0,0.0,2.0,3.0,Hot,4.0938045754972506e-07
Qatar,2003,4.0,3.0,3.0,0.0,2.0,3.0,Hot,4.03872829418333e-07
Qatar,2004,4.0,3.0,3.0,0.0,2.0,3.0,Hot,3.392467102592647e-07
Qatar,2005,4.0,3.0,2.0,0.0,2.0,4.0,Hot,1.3467582492592073e-07
Qatar,2006,4.0,3.0,2.0,0.0,2.0,4.0,Hot,1.5877393032561585e-07
Qatar,2007,4.0,3.0,3.0,0.0,2.0,4.0,Hot,1.1468223678012944e-07
Qatar,2008,4.0,3.0,2.0,0.0,2.0,4.0,Hot,1.1756696655679415e-07
Qatar,2009,4.0,3.0,2.0,0.0,2.0,3.0,Hot,3.8812335692761485e-07
Qatar,2010,4.0,3.0,2.0,0.0,3.0,3.0,Hot,5.207860559758551e-07
Qatar,2011,4.0,3.0,2.0,0.0,3.0,1.0,Hot,2.036448488068284e-06
Qatar,2012,4.0,3.0,2.0,0.0,3.0,4.0,Hot,3.79168253971096e-07
Qatar,2013,4.0,3.0,3.0,0.0,3.0,4.0,Hot,2.2620340926642167e-07
Romania,2000,0.0,3.0,2.0,3.0,3.0,1.0,Moderate,2.7968579818327e-06
Romania,2001,0.0,3.0,2.0,3.0,3.0,2.0,Cold,1.001136921802867e-06
Romania,2002,0.0,3.0,3.0,3.0,3.0,2.0,Moderate,1.149868578338723e-06
Romania,2003,0.0,3.0,3.0,3.0,3.0,2.0,Cold,9.413883290297074e-07
Romania,2004,0.0,3.0,3.0,3.0,3.0,3.0,Cold,9.464085444069216e-07
Romania,2005,0.0,3.0,3.0,3.0,3.0,4.0,Cold,4.722737489512385e-07
Romania,2006,0.0,3.0,3.0,3.0,3.0,2.0,Cold,1.1061228148075922e-06
Romania,2007,0.0,3.0,3.0,3.0,3.0,1.0,Moderate,3.586131423353009e-06
Romania,2008,0.0,3.0,3.0,3.0,3.0,1.0,Moderate,2.981515412309452e-06
Romania,2009,0.0,3.0,2.0,3.0,3.0,1.0,Moderate,3.1829709276698548e-06
Romania,2010,0.0,3.0,2.0,3.0,3.0,2.0,Cold,1.0152191432022432e-06
Romania,2011,0.0,3.0,2.0,3.0,3.0,3.0,Cold,4.98482432717579e-07
Romania,2012,0.0,3.0,2.0,3.0,3.0,2.0,Moderate,1.3519618260015735e-06
Romania,2013,1.0,3.0,2.0,3.0,3.0,3.0,Moderate,4.42221805041733e-07
Russia,2000,0.0,4.0,4.0,4.0,4.0,2.0,Cold,1.908619333261345e-05
Russia,2001,0.0,4.0,4.0,4.0,4.0,1.0,Cold,3.695518683663205e-05
Russia,2002,0.0,4.0,4.0,4.0,4.0,1.0,Cold,5.527077185465182e-05
Russia,2003,0.0,4.0,4.0,4.0,4.0,1.0,Cold,5.343374530362587e-05
Russia,2004,0.0,4.0,4.0,4.0,4.0,1.0,Cold,5.041578192802962e-05
Russia,2005,0.0,4.0,4.0,4.0,4.0,1.0,Cold,4.95819448963194e-05
Russia,2006,0.0,4.0,4.0,4.0,4.0,1.0,Cold,4.931274115744409e-05
Russia,2007,0.0,4.0,4.0,4.0,4.0,1.0,Cold,5.207975322750941e-05
Russia,2008,0.0,4.0,4.0,4.0,4.0,1.0,Cold,4.203504695603391e-05
Russia,2009,0.0,4.0,4.0,4.0,4.0,1.0,Cold,4.561959638333264e-05
Russia,2010,0.0,4.0,4.0,4.0,4.0,1.0,Cold,5.116799424061266e-05
Russia,2011,0.0,4.0,4.0,4.0,4.0,1.0,Cold,4.383677074101563e-05
Russia,2012,0.0,4.0,4.0,4.0,4.0,1.0,Cold,3.597006816130862e-05
Russia,2013,0.0,4.0,4.0,4.0,4.0,2.0,Cold,3.062903394389179e-05
Rwanda,2000,1.0,0.0,0.0,0.0,0.0,3.0,Moderate,4.1285533914117755e-08
Rwanda,2001,1.0,0.0,0.0,0.0,0.0,3.0,Moderate,3.6793598417567135e-08
Rwanda,2002,1.0,0.0,0.0,1.0,0.0,4.0,Moderate,1.9833498182097052e-08
Rwanda,2003,1.0,0.0,0.0,1.0,0.0,4.0,Hot,1.8139162229390263e-08
Rwanda,2004,1.0,0.0,0.0,1.0,0.0,4.0,Hot,1.7380326689542922e-08
Rwanda,2005,1.0,0.0,0.0,1.0,0.0,4.0,Hot,1.5803085146864647e-08
Rwanda,2006,1.0,0.0,0.0,1.0,0.0,4.0,Hot,1.761995703647036e-08
Rwanda,2007,1.0,0.0,1.0,1.0,0.0,4.0,Moderate,1.6119910012114986e-08
Rwanda,2008,1.0,0.0,1.0,1.0,0.0,4.0,Moderate,1.6629435400026317e-08
Rwanda,2009,1.0,0.0,1.0,1.0,0.0,4.0,Hot,1.7274857964884362e-08
Rwanda,2010,1.0,0.0,1.0,1.0,0.0,4.0,Hot,1.8595262207375155e-08
Rwanda,2011,1.0,0.0,1.0,1.0,0.0,4.0,Moderate,1.8998214723641712e-08
Rwanda,2012,1.0,0.0,1.0,1.0,0.0,4.0,Moderate,1.723176278622304e-08
Rwanda,2013,1.0,0.0,1.0,1.0,0.0,4.0,Hot,1.7639277950213282e-08
Saint Lucia,2000,4.0,0.0,0.0,0.0,0.0,4.0,Hot,5.383383791363398e-10
Saint Lucia,2001,4.0,0.0,0.0,0.0,0.0,4.0,Hot,5.034088761987945e-10
Saint Lucia,2002,4.0,0.0,0.0,0.0,0.0,4.0,Hot,4.936270798911483e-10
Saint Lucia,2003,4.0,0.0,0.0,0.0,0.0,4.0,Hot,5.074009434092784e-10
Saint Lucia,2004,4.0,0.0,0.0,0.0,0.0,4.0,Hot,5.530233740636904e-10
Saint Lucia,2005,4.0,0.0,0.0,0.0,0.0,4.0,Hot,5.27552628584902e-10
Saint Lucia,2006,4.0,0.0,0.0,0.0,0.0,4.0,Hot,5.866694954801044e-10
Saint Lucia,2007,4.0,0.0,0.0,0.0,0.0,4.0,Hot,5.219556572347146e-10
Saint Lucia,2008,4.0,0.0,0.0,0.0,0.0,4.0,Hot,5.619571290058282e-10
Saint Lucia,2009,4.0,0.0,0.0,0.0,0.0,4.0,Hot,5.180051180545542e-10
Saint Lucia,2010,4.0,0.0,0.0,0.0,0.0,4.0,Hot,6.415651280235341e-10
Saint Lucia,2011,4.0,0.0,0.0,0.0,0.0,4.0,Hot,6.524688779001628e-10
Saint Lucia,2012,4.0,0.0,0.0,0.0,0.0,0.0,Hot,2.70545951591959e-08
Saint Lucia,2013,4.0,0.0,0.0,0.0,0.0,0.0,Hot,2.7887388634190225e-08
Saint Vincent And The Grenadines,2000,4.0,0.0,0.0,0.0,0.0,0.0,Hot,9.282574214777909e-09
Saint Vincent And The Grenadines,2001,4.0,0.0,0.0,0.0,0.0,0.0,Hot,8.839834318043137e-09
Saint Vincent And The Grenadines,2002,4.0,0.0,0.0,0.0,0.0,0.0,Hot,8.91552270848817e-09
Saint Vincent And The Grenadines,2003,4.0,0.0,0.0,0.0,0.0,0.0,Hot,9.501990368227076e-09
Saint Vincent And The Grenadines,2004,4.0,0.0,0.0,0.0,0.0,0.0,Hot,1.0627942627077656e-08
Saint Vincent And The Grenadines,2005,4.0,0.0,0.0,0.0,0.0,0.0,Hot,1.0655174604708345e-08
Saint Vincent And The Grenadines,2006,4.0,0.0,0.0,0.0,0.0,0.0,Hot,1.0776515332753117e-08
Saint Vincent And The Grenadines,2007,4.0,0.0,0.0,0.0,0.0,0.0,Hot,1.4663964112305877e-08
Saint Vincent And The Grenadines,2008,4.0,0.0,0.0,0.0,0.0,0.0,Hot,1.4131695044356653e-08
Saint Vincent And The Grenadines,2009,4.0,0.0,0.0,0.0,0.0,0.0,Hot,1.503684354082644e-08
Saint Vincent And The Grenadines,2010,4.0,0.0,0.0,0.0,0.0,0.0,Hot,1.2640392073403556e-08
Saint Vincent And The Grenadines,2011,4.0,0.0,0.0,0.0,0.0,0.0,Hot,1.1393468431358133e-08
Saint Vincent And The Grenadines,2012,4.0,0.0,0.0,0.0,0.0,0.0,Hot,9.878953985414376e-09
Saint Vincent And The Grenadines,2013,4.0,0.0,0.0,0.0,0.0,0.0,Hot,1.3330476422146622e-08
Sao Tome And Principe,2000,3.0,0.0,0.0,0.0,0.0,4.0,Hot,2.6109101940143864e-10
Sao Tome And Principe,2001,3.0,0.0,0.0,0.0,0.0,4.0,Hot,1.6253233750024627e-10
Sao Tome And Principe,2002,3.0,0.0,0.0,0.0,0.0,4.0,Hot,1.8323951128389008e-10
Sao Tome And Principe,2003,3.0,0.0,0.0,0.0,0.0,4.0,Hot,2.3094373342822224e-10
Sao Tome And Principe,2004,3.0,0.0,0.0,0.0,0.0,4.0,Hot,1.6427130315580167e-10
Sao Tome And Principe,2005,3.0,0.0,0.0,0.0,0.0,4.0,Hot,1.6123528741607002e-10
Sao Tome And Principe,2006,3.0,0.0,0.0,0.0,0.0,4.0,Hot,1.5677129352973268e-10
Sao Tome And Principe,2007,3.0,0.0,0.0,0.0,0.0,4.0,Hot,1.4728201864624017e-10
Sao Tome And Principe,2008,3.0,0.0,0.0,0.0,0.0,4.0,Hot,1.599586070656238e-10
Sao Tome And Principe,2009,4.0,0.0,0.0,0.0,0.0,4.0,Hot,1.6855215032844043e-10
Sao Tome And Principe,2010,3.0,0.0,0.0,0.0,0.0,4.0,Hot,3.06218308236893e-10
Sao Tome And Principe,2011,3.0,0.0,0.0,0.0,0.0,4.0,Hot,2.716388206866515e-10
Sao Tome And Principe,2012,3.0,0.0,0.0,0.0,0.0,4.0,Hot,2.300816718754932e-10
Sao Tome And Principe,2013,3.0,0.0,0.0,0.0,0.0,4.0,Hot,3.7122523517578456e-10
Saudi Arabia,2000,3.0,4.0,4.0,2.0,4.0,3.0,Hot,1.6413259963936902e-06
Saudi Arabia,2001,3.0,4.0,4.0,2.0,4.0,4.0,Hot,9.69379512268302e-07
Saudi Arabia,2002,3.0,4.0,4.0,3.0,4.0,3.0,Hot,1.722237880440255e-06
Saudi Arabia,2003,3.0,4.0,4.0,3.0,4.0,3.0,Hot,1.7846322048113347e-06
Saudi Arabia,2004,3.0,4.0,4.0,3.0,4.0,3.0,Hot,2.147665821396935e-06
Saudi Arabia,2005,3.0,4.0,4.0,3.0,4.0,4.0,Hot,1.0596597633875375e-06
Saudi Arabia,2006,3.0,4.0,4.0,3.0,4.0,4.0,Hot,1.3639696005588584e-06
Saudi Arabia,2007,3.0,4.0,4.0,3.0,4.0,4.0,Hot,1.1177996063771213e-06
Saudi Arabia,2008,3.0,4.0,4.0,3.0,4.0,4.0,Hot,1.2656118058303764e-06
Saudi Arabia,2009,3.0,4.0,4.0,3.0,4.0,4.0,Hot,1.3321444516369437e-06
Saudi Arabia,2010,4.0,4.0,4.0,3.0,4.0,4.0,Hot,1.4359451920929184e-06
Saudi Arabia,2011,3.0,4.0,4.0,3.0,4.0,4.0,Hot,1.4379292549634678e-06
Saudi Arabia,2012,4.0,4.0,4.0,3.0,4.0,4.0,Hot,1.5276288814867922e-06
Saudi Arabia,2013,4.0,4.0,4.0,3.0,4.0,0.0,Hot,4.492865967105444e-05
Senegal,2000,4.0,1.0,1.0,2.0,1.0,1.0,Hot,5.515258593536343e-07
Senegal,2001,4.0,1.0,1.0,2.0,1.0,1.0,Hot,2.811305671265369e-07
Senegal,2002,4.0,1.0,1.0,2.0,1.0,1.0,Hot,3.942360670403105e-07
Senegal,2003,4.0,1.0,1.0,2.0,1.0,1.0,Hot,2.296552068512013e-07
Senegal,2004,4.0,1.0,1.0,2.0,1.0,0.0,Hot,1.6751974985941903e-06
Senegal,2005,4.0,1.0,1.0,2.0,1.0,0.0,Hot,1.252267874502604e-06
Senegal,2006,4.0,1.0,1.0,2.0,1.0,0.0,Hot,6.412503739333333e-07
Senegal,2007,4.0,1.0,1.0,2.0,1.0,0.0,Hot,2.408808033582705e-06
Senegal,2008,4.0,1.0,1.0,2.0,1.0,0.0,Hot,1.7319044513727545e-06
Senegal,2009,4.0,1.0,1.0,2.0,1.0,0.0,Hot,1.54011006727245e-06
Senegal,2010,4.0,1.0,1.0,2.0,1.0,0.0,Hot,1.1961759703282343e-06
Senegal,2011,4.0,2.0,2.0,2.0,1.0,0.0,Hot,1.0243460403019766e-06
Senegal,2012,4.0,2.0,1.0,2.0,1.0,0.0,Hot,1.1113276780799638e-06
Senegal,2013,4.0,2.0,1.0,2.0,1.0,0.0,Hot,1.141891263230469e-06
Serbia,2006,0.0,3.0,1.0,2.0,2.0,1.0,Moderate,8.296880296412258e-07
Serbia,2007,1.0,3.0,1.0,2.0,2.0,0.0,Moderate,2.1284780676686976e-06
Serbia,2008,1.0,3.0,1.0,2.0,2.0,1.0,Moderate,7.876720730823512e-07
Serbia,2009,1.0,3.0,1.0,2.0,1.0,1.0,Moderate,9.257849294331012e-07
Serbia,2010,0.0,3.0,1.0,2.0,1.0,1.0,Moderate,8.880065807266212e-07
Serbia,2011,0.0,3.0,1.0,2.0,2.0,1.0,Moderate,9.503497419147692e-07
Serbia,2012,1.0,2.0,1.0,2.0,1.0,0.0,Moderate,1.9942124616232097e-06
Serbia,2013,1.0,2.0,1.0,2.0,1.0,1.0,Moderate,8.944269500338155e-07
Sierra Leone,2000,3.0,0.0,0.0,0.0,1.0,2.0,Hot,4.15862990691833e-07
Sierra Leone,2001,3.0,0.0,0.0,0.0,2.0,2.0,Hot,6.505933754329677e-07
Sierra Leone,2002,4.0,0.0,0.0,0.0,2.0,2.0,Hot,9.0507523177066e-07
Sierra Leone,2003,4.0,0.0,1.0,0.0,2.0,2.0,Hot,8.83758686068283e-07
Sierra Leone,2004,4.0,0.0,1.0,0.0,2.0,2.0,Hot,7.006344312319573e-07
Sierra Leone,2005,4.0,0.0,1.0,1.0,2.0,2.0,Hot,7.421547553013268e-07
Sierra Leone,2006,3.0,0.0,1.0,1.0,2.0,2.0,Hot,5.013884372920171e-07
Sierra Leone,2007,3.0,0.0,1.0,1.0,1.0,2.0,Hot,3.808765031938318e-07
Sierra Leone,2008,4.0,0.0,1.0,1.0,1.0,2.0,Hot,2.704698164207957e-07
Sierra Leone,2009,4.0,0.0,1.0,1.0,1.0,2.0,Hot,3.973981717714769e-07
Sierra Leone,2010,4.0,0.0,1.0,1.0,1.0,2.0,Hot,3.624784838212547e-07
Sierra Leone,2011,3.0,0.0,1.0,1.0,1.0,4.0,Hot,6.900477867740821e-08
Sierra Leone,2012,3.0,0.0,1.0,1.0,1.0,3.0,Hot,2.082972790285387e-07
Sierra Leone,2013,4.0,0.0,1.0,1.0,1.0,3.0,Hot,1.484193255038197e-07
Slovakia,2000,0.0,2.0,1.0,1.0,2.0,3.0,Cold,2.829196483163136e-07
Slovakia,2001,0.0,2.0,1.0,2.0,2.0,2.0,Cold,6.992096135183562e-07
Slovakia,2002,0.0,2.0,1.0,1.0,2.0,2.0,Cold,6.820383819491818e-07
Slovakia,2003,0.0,2.0,1.0,1.0,2.0,2.0,Cold,6.450960017553103e-07
Slovakia,2004,0.0,2.0,1.0,2.0,2.0,2.0,Cold,7.137619404189519e-07
Slovakia,2005,0.0,2.0,1.0,1.0,2.0,2.0,Cold,7.449247777420492e-07
Slovakia,2006,0.0,2.0,1.0,2.0,2.0,2.0,Cold,7.420790158357845e-07
Slovakia,2007,0.0,2.0,1.0,1.0,2.0,2.0,Cold,7.460231622357592e-07
Slovakia,2008,0.0,2.0,1.0,2.0,2.0,2.0,Cold,7.663481080428833e-07
Slovakia,2009,0.0,2.0,1.0,1.0,2.0,2.0,Cold,7.900532174542538e-07
Slovakia,2010,0.0,2.0,1.0,1.0,2.0,1.0,Cold,8.44202469042066e-07
Slovakia,2011,0.0,2.0,1.0,2.0,2.0,1.0,Cold,9.89608476164673e-07
Slovakia,2012,0.0,2.0,1.0,2.0,2.0,2.0,Cold,8.371503863003603e-07
Slovakia,2013,0.0,2.0,1.0,2.0,2.0,2.0,Cold,7.807303374649882e-07
Slovenia,2000,1.0,2.0,1.0,0.0,1.0,2.0,Moderate,1.7836298583044433e-07
Slovenia,2001,0.0,2.0,1.0,0.0,1.0,2.0,Moderate,2.0651301696116322e-07
Slovenia,2002,0.0,2.0,1.0,0.0,1.0,2.0,Moderate,1.9604410250569786e-07
Slovenia,2003,0.0,2.0,1.0,0.0,1.0,2.0,Moderate,1.876380533642575e-07
Slovenia,2004,0.0,2.0,1.0,0.0,1.0,2.0,Moderate,1.860139006072171e-07
Slovenia,2005,0.0,2.0,1.0,0.0,1.0,2.0,Cold,1.86874365272433e-07
Slovenia,2006,0.0,2.0,1.0,0.0,1.0,2.0,Moderate,1.8939798746722265e-07
Slovenia,2007,1.0,2.0,1.0,0.0,1.0,2.0,Moderate,2.299871433954538e-07
Slovenia,2008,0.0,2.0,1.0,0.0,1.0,2.0,Moderate,2.1248502698422447e-07
Slovenia,2009,0.0,2.0,1.0,0.0,1.0,2.0,Moderate,1.9823130330188282e-07
Slovenia,2010,0.0,2.0,0.0,0.0,1.0,2.0,Moderate,2.2367090864562207e-07
Slovenia,2011,0.0,2.0,0.0,0.0,1.0,0.0,Moderate,1.1971003921620212e-06
Slovenia,2012,0.0,2.0,0.0,0.0,1.0,0.0,Moderate,1.201753837640811e-06
Slovenia,2013,1.0,2.0,0.0,0.0,1.0,0.0,Moderate,1.2103557470048143e-06
Somalia,2000,4.0,0.0,3.0,2.0,1.0,2.0,Hot,4.787264244853862e-07
Somalia,2001,4.0,0.0,3.0,2.0,1.0,2.0,Hot,4.783867278026915e-07
Somalia,2002,4.0,0.0,3.0,2.0,1.0,2.0,Hot,4.854825635022627e-07
Somalia,2003,4.0,0.0,3.0,2.0,1.0,2.0,Hot,4.7571345454337645e-07
Somalia,2004,4.0,0.0,3.0,3.0,1.0,2.0,Hot,4.890079906995178e-07
Somalia,2005,4.0,0.0,3.0,3.0,1.0,2.0,Hot,4.990801836411318e-07
Somalia,2006,4.0,0.0,3.0,2.0,1.0,2.0,Hot,4.882622617156126e-07
Somalia,2007,4.0,0.0,3.0,2.0,1.0,2.0,Hot,4.97806298478594e-07
Somalia,2008,4.0,0.0,3.0,2.0,1.0,2.0,Hot,4.659701466133208e-07
Somalia,2009,4.0,0.0,3.0,2.0,1.0,2.0,Hot,4.555688076453017e-07
Somalia,2010,4.0,0.0,3.0,2.0,1.0,2.0,Hot,4.29759497030738e-07
Somalia,2011,4.0,0.0,3.0,2.0,1.0,2.0,Hot,4.369306769673847e-07
Somalia,2012,4.0,0.0,3.0,2.0,2.0,2.0,Hot,4.7177697233644697e-07
Somalia,2013,4.0,0.0,3.0,2.0,2.0,2.0,Hot,4.614238106096094e-07
South Africa,2000,1.0,4.0,4.0,4.0,4.0,4.0,Moderate,1.145626089943991e-06
South Africa,2001,1.0,4.0,4.0,4.0,4.0,4.0,Moderate,1.102106156271932e-06
South Africa,2002,1.0,4.0,4.0,4.0,4.0,4.0,Moderate,9.966613961736308e-07
South Africa,2003,1.0,4.0,4.0,4.0,4.0,4.0,Moderate,1.0527516868885045e-06
South Africa,2004,1.0,4.0,4.0,4.0,4.0,4.0,Moderate,1.135021121408346e-06
South Africa,2005,1.0,4.0,4.0,4.0,4.0,4.0,Moderate,1.0557163919482957e-06
South Africa,2006,1.0,4.0,4.0,3.0,4.0,4.0,Moderate,1.1488096064565654e-06
South Africa,2007,1.0,4.0,4.0,4.0,4.0,4.0,Moderate,1.1405498952641417e-06
South Africa,2008,1.0,4.0,4.0,4.0,4.0,4.0,Moderate,8.838967599717032e-07
South Africa,2009,1.0,4.0,4.0,3.0,4.0,4.0,Moderate,8.370093366936302e-07
South Africa,2010,1.0,4.0,4.0,4.0,4.0,4.0,Moderate,8.179551558194439e-07
South Africa,2011,1.0,4.0,4.0,4.0,4.0,4.0,Moderate,7.622202602754212e-07
South Africa,2012,1.0,4.0,4.0,4.0,4.0,4.0,Moderate,7.475026789224605e-07
South Africa,2013,1.0,4.0,4.0,4.0,4.0,4.0,Moderate,7.241456460322659e-07
South America,2000,2.0,4.0,4.0,4.0,4.0,2.0,Hot,4.298846612477495e-05
South America,2001,2.0,4.0,4.0,4.0,4.0,2.0,Hot,3.691663544400781e-05
South America,2002,2.0,4.0,4.0,4.0,4.0,2.0,Hot,4.32478000823595e-05
South America,2003,2.0,4.0,4.0,4.0,4.0,2.0,Hot,4.8134643426165846e-05
South America,2004,2.0,4.0,4.0,4.0,4.0,2.0,Hot,4.210431133009823e-05
South America,2005,2.0,4.0,4.0,4.0,4.0,2.0,Hot,4.047801093414209e-05
South America,2006,2.0,4.0,4.0,4.0,4.0,2.0,Hot,3.8796918848928326e-05
South America,2007,2.0,4.0,4.0,4.0,4.0,2.0,Hot,3.474082866536401e-05
South America,2008,2.0,4.0,4.0,4.0,4.0,2.0,Hot,2.9755688036847076e-05
South America,2009,2.0,4.0,4.0,4.0,4.0,2.0,Hot,3.313885559222923e-05
South America,2010,2.0,4.0,4.0,4.0,4.0,2.0,Hot,3.030447479084863e-05
South America,2011,2.0,4.0,4.0,4.0,4.0,2.0,Hot,3.004593680827655e-05
South America,2012,2.0,4.0,4.0,4.0,4.0,3.0,Hot,2.665980705126516e-05
South America,2013,2.0,4.0,4.0,4.0,4.0,3.0,Hot,2.2896568904340845e-05
South Korea,2000,1.0,4.0,3.0,3.0,4.0,1.0,Moderate,9.32676032261785e-06
South Korea,2001,1.0,4.0,3.0,3.0,4.0,1.0,Moderate,9.586835116715933e-06
South Korea,2002,1.0,4.0,3.0,3.0,4.0,1.0,Moderate,9.86744331550226e-06
South Korea,2003,1.0,4.0,3.0,3.0,4.0,1.0,Moderate,1.4231082756373124e-05
South Korea,2004,1.0,4.0,3.0,3.0,4.0,0.0,Moderate,1.8317538428943698e-05
South Korea,2005,1.0,4.0,3.0,3.0,4.0,1.0,Moderate,1.687421424195657e-05
South Korea,2006,1.0,4.0,3.0,3.0,4.0,1.0,Moderate,1.461011214050569e-05
South Korea,2007,1.0,4.0,3.0,3.0,4.0,1.0,Moderate,1.5171394081987032e-05
South Korea,2008,1.0,4.0,3.0,3.0,4.0,1.0,Moderate,1.5368867303768615e-05
South Korea,2009,1.0,4.0,3.0,3.0,4.0,1.0,Moderate,1.5253255821439747e-05
South Korea,2010,1.0,4.0,3.0,3.0,4.0,1.0,Moderate,1.7396460585717736e-05
South Korea,2011,1.0,4.0,3.0,3.0,4.0,1.0,Moderate,1.784294254944993e-05
South Korea,2012,1.0,4.0,3.0,3.0,4.0,1.0,Moderate,1.8269769491823044e-05
South Korea,2013,1.0,4.0,3.0,3.0,4.0,1.0,Moderate,1.8239191595117626e-05
Spain,2000,1.0,4.0,3.0,4.0,4.0,0.0,Moderate,1.2539022029278991e-05
Spain,2001,1.0,4.0,3.0,4.0,4.0,2.0,Moderate,4.551470732561437e-06
Spain,2002,1.0,4.0,3.0,4.0,4.0,1.0,Moderate,5.58755779228694e-06
Spain,2003,1.0,4.0,3.0,4.0,4.0,1.0,Moderate,5.7064974895537605e-06
Spain,2004,1.0,4.0,3.0,4.0,4.0,2.0,Moderate,3.69392048831824e-06
Spain,2005,1.0,4.0,3.0,4.0,4.0,1.0,Moderate,7.583399328126436e-06
Spain,2006,1.0,4.0,3.0,4.0,4.0,1.0,Moderate,1.150228793265138e-05
Spain,2007,1.0,4.0,3.0,4.0,4.0,1.0,Moderate,9.459819208551852e-06
Spain,2008,1.0,4.0,3.0,4.0,4.0,1.0,Moderate,8.682490944172852e-06
Spain,2009,1.0,4.0,3.0,4.0,4.0,1.0,Moderate,8.255497358194009e-06
Spain,2010,1.0,4.0,3.0,4.0,4.0,1.0,Moderate,9.116194394454088e-06
Spain,2011,1.0,4.0,3.0,4.0,4.0,1.0,Moderate,8.404553653152146e-06
Spain,2012,1.0,4.0,3.0,3.0,3.0,1.0,Moderate,7.739977796216951e-06
Spain,2013,1.0,4.0,3.0,4.0,3.0,2.0,Moderate,2.5530608687455924e-06
Sri Lanka,2000,4.0,2.0,1.0,1.0,1.0,1.0,Hot,9.516092602081216e-07
Sri Lanka,2001,4.0,2.0,1.0,1.0,1.0,4.0,Hot,7.33696989819118e-08
Sri Lanka,2002,4.0,2.0,1.0,1.0,1.0,3.0,Hot,1.8680399927428362e-07
Sri Lanka,2003,4.0,2.0,1.0,1.0,1.0,3.0,Hot,1.725591540240775e-07
Sri Lanka,2004,4.0,2.0,1.0,1.0,2.0,4.0,Hot,1.5600757152746058e-07
Sri Lanka,2005,4.0,2.0,1.0,1.0,1.0,4.0,Hot,6.297821250676259e-08
Sri Lanka,2006,4.0,2.0,1.0,1.0,1.0,2.0,Hot,3.464580938813786e-07
Sri Lanka,2007,4.0,2.0,1.0,1.0,2.0,1.0,Hot,1.41177656833026e-06
Sri Lanka,2008,4.0,2.0,2.0,1.0,2.0,2.0,Hot,4.78361136972777e-07
Sri Lanka,2009,4.0,2.0,1.0,1.0,2.0,2.0,Hot,4.070356396080113e-07
Sri Lanka,2010,4.0,2.0,2.0,1.0,2.0,2.0,Hot,4.2576853583586885e-07
Sri Lanka,2011,4.0,2.0,2.0,1.0,2.0,3.0,Hot,3.348041245873045e-07
Sri Lanka,2012,4.0,2.0,2.0,1.0,1.0,2.0,Hot,5.574009178501498e-07
Sri Lanka,2013,4.0,2.0,2.0,1.0,1.0,1.0,Hot,1.2052717658262176e-06
Sudan,2012,4.0,2.0,3.0,4.0,3.0,2.0,Hot,1.8884648977725288e-06
Sudan,2013,4.0,2.0,3.0,4.0,3.0,2.0,Hot,1.4623485986759226e-06
Suriname,2000,3.0,1.0,0.0,0.0,0.0,3.0,Hot,3.9565889133079854e-08
Suriname,2001,3.0,1.0,0.0,0.0,0.0,3.0,Hot,2.5445255288768572e-08
Suriname,2002,3.0,0.0,0.0,0.0,0.0,2.0,Hot,5.4131699792276626e-08
Suriname,2003,4.0,0.0,0.0,0.0,0.0,2.0,Hot,6.982776262376715e-08
Suriname,2004,4.0,0.0,0.0,0.0,0.0,3.0,Hot,2.9299572072766665e-08
Suriname,2005,4.0,0.0,0.0,0.0,0.0,3.0,Hot,2.7513528434668942e-08
Suriname,2006,4.0,0.0,0.0,0.0,0.0,1.0,Hot,6.24003127274991e-08
Suriname,2007,3.0,0.0,0.0,0.0,0.0,3.0,Hot,1.973223321884211e-08
Suriname,2008,3.0,1.0,0.0,0.0,0.0,3.0,Hot,4.635024779855239e-08
Suriname,2009,4.0,1.0,0.0,0.0,0.0,2.0,Hot,4.131199475271554e-08
Suriname,2010,4.0,1.0,0.0,0.0,0.0,1.0,Hot,8.461450699933846e-08
Suriname,2011,4.0,1.0,0.0,0.0,0.0,1.0,Hot,9.234516284538609e-08
Suriname,2012,4.0,1.0,0.0,0.0,0.0,1.0,Hot,1.258375458418029e-07
Suriname,2013,4.0,1.0,0.0,0.0,0.0,1.0,Hot,1.2227869418422742e-07
Switzerland,2000,0.0,2.0,1.0,1.0,2.0,4.0,Cold,5.7518576226080754e-08
Switzerland,2001,0.0,2.0,1.0,1.0,2.0,4.0,Cold,6.202636682320806e-08
Switzerland,2002,0.0,2.0,1.0,1.0,2.0,4.0,Cold,7.5837954304004e-08
Switzerland,2003,0.0,2.0,1.0,1.0,2.0,3.0,Cold,3.410112372881847e-07
Switzerland,2004,0.0,2.0,1.0,1.0,2.0,3.0,Cold,3.653409690287928e-07
Switzerland,2005,0.0,3.0,1.0,1.0,2.0,1.0,Cold,1.5198692966656828e-06
Switzerland,2006,0.0,2.0,1.0,1.0,2.0,3.0,Cold,3.476156742557825e-07
Switzerland,2007,0.0,2.0,1.0,1.0,2.0,4.0,Cold,1.8816087835327676e-07
Switzerland,2008,0.0,2.0,1.0,1.0,2.0,1.0,Cold,1.6786693116637516e-06
Switzerland,2009,0.0,2.0,1.0,1.0,2.0,0.0,Cold,2.141932882698462e-06
Switzerland,2010,0.0,2.0,1.0,1.0,2.0,1.0,Cold,1.2173473891204214e-06
Switzerland,2011,0.0,2.0,1.0,1.0,2.0,1.0,Cold,1.283906686882162e-06
Switzerland,2012,0.0,2.0,1.0,1.0,2.0,0.0,Cold,1.937891469362043e-06
Switzerland,2013,0.0,2.0,1.0,1.0,2.0,3.0,Cold,3.063283923331511e-07
Syria,2000,1.0,3.0,3.0,2.0,3.0,4.0,Moderate,2.9057939777400466e-07
Syria,2001,1.0,3.0,3.0,2.0,2.0,4.0,Moderate,9.5342334893085e-08
Syria,2002,1.0,2.0,2.0,2.0,2.0,4.0,Moderate,1.2222604931617505e-07
Syria,2003,1.0,3.0,2.0,2.0,2.0,2.0,Moderate,6.712706112720973e-07
Syria,2004,1.0,3.0,2.0,2.0,2.0,2.0,Moderate,1.0010089475233965e-06
Syria,2005,1.0,3.0,2.0,2.0,2.0,2.0,Moderate,1.0037961288418626e-06
Syria,2006,1.0,3.0,2.0,2.0,2.0,1.0,Moderate,1.339871373741244e-06
Syria,2007,1.0,3.0,2.0,2.0,3.0,3.0,Moderate,6.717260894878668e-07
Syria,2008,1.0,3.0,2.0,2.0,3.0,3.0,Moderate,4.721037797512707e-07
Syria,2009,1.0,3.0,2.0,2.0,3.0,3.0,Moderate,4.650064346604289e-07
Syria,2010,1.0,3.0,2.0,2.0,2.0,3.0,Hot,6.247376790640352e-07
Syria,2011,1.0,3.0,2.0,2.0,2.0,3.0,Moderate,4.2668078114435234e-07
Syria,2012,1.0,3.0,2.0,2.0,2.0,3.0,Moderate,2.9836674764312654e-07
Syria,2013,1.0,2.0,2.0,2.0,2.0,3.0,Hot,2.4682339208876345e-07
Taiwan,2000,2.0,4.0,2.0,2.0,3.0,3.0,Hot,1.644904416759364e-06
Taiwan,2001,2.0,4.0,2.0,2.0,3.0,3.0,Hot,1.6158122755647071e-06
Taiwan,2002,2.0,4.0,2.0,2.0,3.0,3.0,Hot,1.7628872326478931e-06
Taiwan,2003,2.0,4.0,2.0,2.0,3.0,3.0,Hot,1.6051246494240385e-06
Taiwan,2004,2.0,4.0,2.0,2.0,3.0,2.0,Hot,2.087608145084194e-06
Taiwan,2005,2.0,4.0,2.0,2.0,3.0,2.0,Hot,2.0710273338116766e-06
Taiwan,2006,2.0,4.0,2.0,2.0,3.0,3.0,Hot,1.8731185021556329e-06
Taiwan,2007,2.0,4.0,2.0,2.0,3.0,3.0,Hot,1.871354283807688e-06
Taiwan,2008,2.0,4.0,2.0,2.0,3.0,3.0,Hot,1.7816013745150135e-06
Taiwan,2009,2.0,4.0,2.0,2.0,3.0,3.0,Hot,1.7971255418560404e-06
Taiwan,2010,2.0,4.0,2.0,2.0,3.0,3.0,Hot,1.7073261690947244e-06
Taiwan,2011,2.0,4.0,2.0,2.0,3.0,3.0,Hot,1.8238023837057293e-06
Taiwan,2012,2.0,4.0,2.0,2.0,3.0,3.0,Hot,1.769592560471244e-06
Taiwan,2013,2.0,4.0,2.0,2.0,3.0,3.0,Hot,1.8639317634686315e-06
Tajikistan,2000,0.0,1.0,0.0,0.0,0.0,3.0,Cold,4.778065773100973e-08
Tajikistan,2001,0.0,1.0,0.0,0.0,0.0,3.0,Cold,4.5036740405607065e-08
Tajikistan,2002,0.0,0.0,0.0,0.0,0.0,3.0,Cold,4.554506542602018e-08
Tajikistan,2003,0.0,1.0,0.0,0.0,0.0,3.0,Cold,5.0347687395616517e-08
Tajikistan,2004,0.0,1.0,1.0,1.0,0.0,3.0,Cold,5.651283011845452e-08
Tajikistan,2005,0.0,1.0,1.0,1.0,0.0,3.0,Cold,5.98582458743038e-08
Tajikistan,2006,0.0,1.0,1.0,1.0,0.0,3.0,Cold,5.4131863154341735e-08
Tajikistan,2007,0.0,1.0,1.0,1.0,0.0,3.0,Cold,6.51067810578595e-08
Tajikistan,2008,0.0,1.0,1.0,1.0,0.0,3.0,Cold,7.31443697259504e-08
Tajikistan,2009,0.0,1.0,1.0,1.0,0.0,3.0,Cold,5.946048780490028e-08
Tajikistan,2010,0.0,1.0,1.0,1.0,0.0,3.0,Cold,5.4099593460959275e-08
Tajikistan,2011,0.0,1.0,1.0,1.0,0.0,3.0,Cold,5.127543785783894e-08
Tajikistan,2012,0.0,1.0,1.0,1.0,0.0,3.0,Cold,6.478023022419677e-08
Tajikistan,2013,0.0,1.0,1.0,1.0,0.0,3.0,Cold,7.045796035472756e-08
Tanzania,2000,2.0,1.0,3.0,3.0,3.0,2.0,Hot,7.217258944648478e-07
Tanzania,2001,2.0,1.0,3.0,3.0,3.0,0.0,Hot,4.161141488320986e-06
Tanzania,2002,2.0,1.0,3.0,3.0,3.0,1.0,Hot,1.688968039501126e-06
Tanzania,2003,2.0,1.0,3.0,3.0,3.0,0.0,Hot,4.796279869507456e-06
Tanzania,2004,2.0,1.0,3.0,3.0,3.0,1.0,Hot,2.7439728727809497e-06
Tanzania,2005,2.0,1.0,3.0,3.0,3.0,0.0,Hot,1.156612127628238e-05
Tanzania,2006,2.0,1.0,3.0,3.0,3.0,0.0,Hot,8.75342495476471e-06
Tanzania,2007,2.0,1.0,3.0,3.0,3.0,0.0,Hot,7.46537315343437e-06
Tanzania,2008,2.0,1.0,3.0,3.0,3.0,0.0,Hot,6.174981230258228e-06
Tanzania,2009,2.0,1.0,3.0,3.0,3.0,0.0,Hot,8.240066225674627e-06
Tanzania,2010,2.0,2.0,3.0,3.0,3.0,2.0,Hot,1.8341878083763577e-06
Tanzania,2011,2.0,2.0,3.0,3.0,3.0,2.0,Hot,2.0901732479132967e-06
Tanzania,2012,2.0,2.0,3.0,4.0,3.0,1.0,Hot,3.118894703686056e-06
Tanzania,2013,2.0,2.0,3.0,4.0,3.0,0.0,Hot,6.8413508059490585e-06
Thailand,2000,3.0,3.0,4.0,3.0,4.0,4.0,Hot,1.0183989940454624e-06
Thailand,2001,3.0,3.0,4.0,3.0,4.0,4.0,Hot,1.0469161586580644e-06
Thailand,2002,3.0,3.0,4.0,3.0,4.0,3.0,Hot,1.4743946213913948e-06
Thailand,2003,3.0,4.0,4.0,4.0,4.0,4.0,Hot,1.2557069391757049e-06
Thailand,2004,3.0,4.0,4.0,4.0,4.0,3.0,Hot,1.5541599251369075e-06
Thailand,2005,3.0,4.0,4.0,3.0,4.0,4.0,Hot,1.343172145899125e-06
Thailand,2006,3.0,4.0,4.0,3.0,4.0,4.0,Hot,1.334615604071705e-06
Thailand,2007,3.0,4.0,4.0,4.0,4.0,4.0,Hot,1.4558697630151289e-06
Thailand,2008,3.0,4.0,4.0,4.0,4.0,4.0,Hot,1.4605671290353214e-06
Thailand,2009,3.0,4.0,4.0,4.0,4.0,3.0,Hot,2.8038661537995545e-06
Thailand,2010,4.0,4.0,4.0,4.0,4.0,2.0,Hot,4.8714766021218985e-06
Thailand,2011,3.0,4.0,4.0,4.0,4.0,3.0,Hot,3.138340103011905e-06
Thailand,2012,4.0,4.0,4.0,4.0,4.0,2.0,Hot,4.74073868259803e-06
Thailand,2013,4.0,4.0,4.0,4.0,4.0,2.0,Hot,4.792581803047246e-06
Togo,2000,4.0,0.0,0.0,1.0,0.0,2.0,Hot,7.654541410355333e-08
Togo,2001,4.0,0.0,0.0,1.0,0.0,2.0,Hot,6.772940469238565e-08
Togo,2002,4.0,0.0,0.0,1.0,0.0,2.0,Hot,6.570778492819308e-08
Togo,2003,4.0,0.0,0.0,1.0,0.0,3.0,Hot,3.622677534818436e-08
Togo,2004,4.0,0.0,0.0,1.0,0.0,2.0,Hot,9.449190701722227e-08
Togo,2005,4.0,0.0,1.0,1.0,0.0,3.0,Hot,6.554523989422388e-08
Togo,2006,4.0,0.0,1.0,1.0,0.0,2.0,Hot,9.965358949953641e-08
Togo,2007,4.0,0.0,1.0,1.0,0.0,0.0,Hot,5.17610177223104e-07
Togo,2008,4.0,0.0,1.0,1.0,0.0,1.0,Hot,2.5531533579791976e-07
Togo,2009,4.0,1.0,1.0,1.0,0.0,0.0,Hot,3.635329628733559e-07
Togo,2010,4.0,1.0,1.0,1.0,0.0,1.0,Hot,1.972471686786005e-07
Togo,2011,4.0,1.0,1.0,1.0,1.0,4.0,Hot,2.96121781771844e-08
Togo,2012,4.0,1.0,1.0,1.0,0.0,3.0,Hot,4.9480944700318046e-08
Togo,2013,4.0,0.0,1.0,1.0,0.0,2.0,Hot,7.599247793055372e-08
Trinidad And Tobago,2000,3.0,2.0,1.0,1.0,1.0,0.0,Hot,1.5585966199406006e-06
Trinidad And Tobago,2001,4.0,2.0,1.0,1.0,1.0,0.0,Hot,1.33636300042616e-06
Trinidad And Tobago,2002,3.0,2.0,1.0,1.0,1.0,1.0,Hot,7.473298161230191e-07
Trinidad And Tobago,2003,4.0,2.0,1.0,1.0,1.0,1.0,Hot,5.845400210418665e-07
Trinidad And Tobago,2004,3.0,2.0,1.0,1.0,1.0,1.0,Hot,6.661607782576706e-07
Trinidad And Tobago,2005,4.0,2.0,1.0,1.0,2.0,1.0,Hot,7.173416706025683e-07
Trinidad And Tobago,2006,4.0,2.0,1.0,1.0,2.0,1.0,Hot,1.325015159994798e-06
Trinidad And Tobago,2007,3.0,3.0,1.0,1.0,2.0,2.0,Hot,5.112394235054584e-07
Trinidad And Tobago,2008,3.0,2.0,1.0,1.0,2.0,2.0,Hot,5.010252073798005e-07
Trinidad And Tobago,2009,4.0,2.0,1.0,1.0,2.0,2.0,Hot,4.988248794971423e-07
Trinidad And Tobago,2010,4.0,3.0,1.0,1.0,2.0,2.0,Hot,5.618333905000643e-07
Trinidad And Tobago,2011,4.0,3.0,1.0,1.0,2.0,2.0,Hot,7.045582567237336e-07
Trinidad And Tobago,2012,4.0,3.0,1.0,1.0,2.0,2.0,Hot,5.48329730204741e-07
Trinidad And Tobago,2013,4.0,3.0,1.0,1.0,2.0,1.0,Hot,9.35979533459744e-07
Turkey,2000,1.0,4.0,3.0,4.0,3.0,1.0,Moderate,7.3789405932241215e-06
Turkey,2001,1.0,4.0,3.0,4.0,3.0,1.0,Moderate,7.730711678266807e-06
Turkey,2002,1.0,4.0,3.0,4.0,3.0,1.0,Moderate,6.188138931425994e-06
Turkey,2003,1.0,4.0,3.0,4.0,4.0,1.0,Moderate,8.283570624724543e-06
Turkey,2004,1.0,4.0,3.0,4.0,4.0,1.0,Moderate,9.365726181663509e-06
Turkey,2005,1.0,4.0,3.0,4.0,4.0,1.0,Moderate,5.995363013323367e-06
Turkey,2006,1.0,4.0,3.0,4.0,4.0,0.0,Moderate,1.636609151827284e-05
Turkey,2007,1.0,4.0,3.0,4.0,4.0,2.0,Moderate,4.801472198063419e-06
Turkey,2008,1.0,4.0,3.0,4.0,4.0,3.0,Moderate,1.5994678249414677e-06
Turkey,2009,1.0,4.0,3.0,4.0,4.0,3.0,Moderate,1.6767542725997865e-06
Turkey,2010,1.0,4.0,3.0,4.0,4.0,3.0,Moderate,1.724780124432335e-06
Turkey,2011,1.0,4.0,3.0,4.0,4.0,3.0,Moderate,1.954269537347111e-06
Turkey,2012,1.0,4.0,4.0,4.0,4.0,2.0,Moderate,3.85239932184004e-06
Turkey,2013,1.0,4.0,4.0,4.0,4.0,4.0,Moderate,1.3619845082477188e-06
Turkmenistan,2000,1.0,2.0,2.0,1.0,2.0,2.0,Moderate,4.962048197634345e-07
Turkmenistan,2001,1.0,2.0,2.0,1.0,2.0,2.0,Moderate,4.658636132675203e-07
Turkmenistan,2002,1.0,2.0,2.0,2.0,2.0,2.0,Moderate,4.6756767849258004e-07
Turkmenistan,2003,1.0,2.0,3.0,2.0,2.0,2.0,Moderate,7.143839015295678e-07
Turkmenistan,2004,1.0,3.0,3.0,2.0,3.0,1.0,Moderate,1.2907333878939885e-06
Turkmenistan,2005,1.0,3.0,2.0,2.0,2.0,1.0,Moderate,1.2233477950875072e-06
Turkmenistan,2006,1.0,3.0,3.0,2.0,2.0,1.0,Moderate,1.2141512382186113e-06
Turkmenistan,2007,1.0,3.0,2.0,2.0,2.0,4.0,Moderate,3.10900817591064e-07
Turkmenistan,2008,1.0,3.0,3.0,2.0,3.0,3.0,Moderate,6.585100340131703e-07
Turkmenistan,2009,1.0,3.0,2.0,2.0,2.0,3.0,Moderate,5.266635756513826e-07
Turkmenistan,2010,1.0,3.0,2.0,2.0,2.0,4.0,Moderate,1.877182175418107e-07
Turkmenistan,2011,1.0,3.0,2.0,2.0,3.0,0.0,Moderate,5.589427324198409e-06
Turkmenistan,2012,1.0,3.0,3.0,2.0,3.0,4.0,Moderate,2.100965122705129e-07
Turkmenistan,2013,1.0,3.0,3.0,2.0,3.0,4.0,Moderate,2.042085669811537e-07
Uganda,2000,2.0,0.0,2.0,2.0,1.0,2.0,Hot,5.062037410220232e-07
Uganda,2001,2.0,0.0,2.0,2.0,1.0,2.0,Hot,3.6943503051732667e-07
Uganda,2002,2.0,0.0,2.0,2.0,1.0,2.0,Hot,5.333143017438955e-07
Uganda,2003,2.0,0.0,2.0,2.0,1.0,4.0,Hot,1.3769320017306545e-07
Uganda,2004,2.0,0.0,2.0,2.0,1.0,4.0,Hot,1.313056894276717e-07
Uganda,2005,2.0,1.0,2.0,3.0,1.0,4.0,Hot,1.298102657351162e-07
Uganda,2006,2.0,1.0,2.0,2.0,1.0,4.0,Hot,1.290894295349922e-07
Uganda,2007,2.0,1.0,2.0,3.0,2.0,4.0,Hot,1.5226414098362786e-07
Uganda,2008,2.0,1.0,3.0,3.0,2.0,4.0,Hot,1.6574702812504597e-07
Uganda,2009,2.0,1.0,3.0,3.0,2.0,4.0,Hot,1.6539159386840325e-07
Uganda,2010,2.0,1.0,3.0,3.0,2.0,4.0,Hot,1.685398907464384e-07
Uganda,2011,2.0,1.0,3.0,3.0,2.0,4.0,Hot,1.7720796490390865e-07
Uganda,2012,2.0,1.0,3.0,3.0,2.0,4.0,Hot,1.6536664954180822e-07
Uganda,2013,2.0,1.0,3.0,3.0,2.0,4.0,Hot,1.7290230565867184e-07
Ukraine,2000,0.0,4.0,4.0,4.0,4.0,4.0,Cold,1.3040839138278488e-06
Ukraine,2001,0.0,4.0,4.0,4.0,4.0,4.0,Cold,1.316597849764597e-06
Ukraine,2002,0.0,4.0,4.0,4.0,4.0,4.0,Cold,1.3362270250973932e-06
Ukraine,2003,0.0,4.0,4.0,4.0,4.0,4.0,Cold,1.408928245253576e-06
Ukraine,2004,0.0,4.0,4.0,4.0,4.0,4.0,Cold,1.2997970581780336e-06
Ukraine,2005,0.0,4.0,4.0,4.0,4.0,4.0,Cold,1.2270219585093498e-06
Ukraine,2006,0.0,4.0,4.0,4.0,4.0,4.0,Cold,1.4212917157708247e-06
Ukraine,2007,0.0,4.0,4.0,4.0,4.0,4.0,Moderate,1.3635675860971495e-06
Ukraine,2008,0.0,4.0,4.0,4.0,4.0,4.0,Cold,1.2169869292191838e-06
Ukraine,2009,0.0,4.0,4.0,4.0,4.0,4.0,Cold,1.1153210250673085e-06
Ukraine,2010,0.0,4.0,4.0,4.0,4.0,4.0,Cold,1.1569483026012362e-06
Ukraine,2011,0.0,4.0,4.0,4.0,4.0,4.0,Cold,1.1862065708713069e-06
Ukraine,2012,0.0,4.0,4.0,4.0,4.0,4.0,Cold,1.1227477484317764e-06
Ukraine,2013,0.0,4.0,4.0,4.0,4.0,4.0,Moderate,1.1163034498678728e-06
United Arab Emirates,2000,4.0,3.0,3.0,1.0,3.0,4.0,Hot,3.386766149286041e-07
United Arab Emirates,2001,4.0,3.0,3.0,1.0,3.0,4.0,Hot,3.06660157500656e-07
United Arab Emirates,2002,4.0,3.0,2.0,1.0,3.0,1.0,Hot,2.7612902833626145e-06
United Arab Emirates,2003,4.0,3.0,3.0,1.0,3.0,0.0,Hot,7.131212392695204e-06
United Arab Emirates,2004,4.0,3.0,3.0,1.0,3.0,1.0,Hot,3.501602323643285e-06
United Arab Emirates,2005,4.0,3.0,3.0,1.0,3.0,1.0,Hot,2.910545749716505e-06
United Arab Emirates,2006,4.0,3.0,3.0,1.0,3.0,0.0,Hot,6.025474031252581e-06
United Arab Emirates,2007,4.0,3.0,3.0,1.0,3.0,0.0,Hot,8.100788443102788e-06
United Arab Emirates,2008,4.0,3.0,3.0,1.0,3.0,3.0,Hot,8.553366664155995e-07
United Arab Emirates,2009,4.0,3.0,3.0,1.0,3.0,2.0,Hot,1.5583246218880133e-06
United Arab Emirates,2010,4.0,3.0,3.0,1.0,3.0,2.0,Hot,1.7019485906333452e-06
United Arab Emirates,2011,4.0,4.0,3.0,1.0,3.0,0.0,Hot,8.7178690354432e-06
United Arab Emirates,2012,4.0,4.0,3.0,1.0,3.0,0.0,Hot,1.31441907033469e-05
United Arab Emirates,2013,4.0,4.0,3.0,1.0,3.0,3.0,Hot,1.041582170438977e-06
Usa,2000,0.0,4.0,4.0,4.0,4.0,4.0,Cold,2.011291013652366e-05
Usa,2001,0.0,4.0,4.0,4.0,4.0,4.0,Cold,1.9918853190265787e-05
Usa,2002,0.0,4.0,4.0,4.0,4.0,4.0,Cold,2.0909883575257037e-05
Usa,2003,0.0,4.0,4.0,4.0,4.0,4.0,Cold,1.943801203609302e-05
Usa,2004,0.0,4.0,4.0,4.0,4.0,4.0,Cold,1.663374010095602e-05
Usa,2005,0.0,4.0,4.0,4.0,4.0,4.0,Cold,1.7628631761830852e-05
Usa,2006,0.0,4.0,4.0,4.0,4.0,4.0,Cold,1.7565846131056847e-05
Usa,2007,0.0,4.0,4.0,4.0,4.0,4.0,Cold,1.5027100342465862e-05
Usa,2008,0.0,4.0,4.0,4.0,4.0,4.0,Cold,1.5515369649362392e-05
Usa,2009,0.0,4.0,4.0,4.0,4.0,4.0,Cold,1.3663548080627012e-05
Usa,2010,0.0,4.0,4.0,4.0,4.0,4.0,Cold,1.4622637785404716e-05
Usa,2011,0.0,4.0,4.0,4.0,4.0,4.0,Cold,1.389681345222779e-05
Usa,2012,0.0,4.0,4.0,4.0,4.0,4.0,Moderate,1.4915492989185208e-05
Usa,2013,0.0,4.0,4.0,4.0,4.0,4.0,Moderate,1.2531781618285803e-05
Uruguay,2000,1.0,1.0,2.0,2.0,1.0,4.0,Moderate,6.965355095543869e-08
Uruguay,2001,1.0,1.0,2.0,2.0,1.0,3.0,Moderate,1.892016299983124e-07
Uruguay,2002,1.0,1.0,2.0,2.0,1.0,3.0,Moderate,1.9450887725504373e-07
Uruguay,2003,1.0,1.0,2.0,2.0,1.0,4.0,Moderate,4.727371221253504e-08
Uruguay,2004,1.0,1.0,3.0,2.0,1.0,4.0,Moderate,3.899570212694573e-08
Uruguay,2005,1.0,1.0,3.0,2.0,1.0,3.0,Moderate,2.189757589090497e-07
Uruguay,2006,1.0,1.0,3.0,3.0,1.0,4.0,Moderate,5.617586442914884e-08
Uruguay,2007,1.0,1.0,3.0,3.0,2.0,4.0,Moderate,1.8346762150503197e-07
Uruguay,2008,1.0,2.0,3.0,3.0,2.0,4.0,Moderate,2.217571756857057e-07
Uruguay,2009,1.0,2.0,3.0,3.0,2.0,3.0,Moderate,2.622942524789721e-07
Uruguay,2010,1.0,1.0,3.0,3.0,2.0,3.0,Moderate,3.608389334868169e-07
Uruguay,2011,1.0,2.0,3.0,3.0,2.0,4.0,Moderate,1.4970138076807584e-07
Uruguay,2012,1.0,2.0,3.0,3.0,2.0,1.0,Moderate,9.458460527821728e-07
Uruguay,2013,1.0,2.0,3.0,3.0,2.0,2.0,Moderate,6.359867916884651e-07
Uzbekistan,2000,1.0,3.0,3.0,3.0,3.0,2.0,Moderate,1.3417494598604607e-06
Uzbekistan,2001,1.0,3.0,3.0,3.0,3.0,1.0,Moderate,3.488878670072169e-06
Uzbekistan,2002,1.0,3.0,3.0,3.0,3.0,1.0,Moderate,3.698158593234824e-06
Uzbekistan,2003,1.0,3.0,3.0,3.0,3.0,1.0,Moderate,4.29640598809852e-06
Uzbekistan,2004,1.0,3.0,3.0,3.0,3.0,1.0,Moderate,3.17737500194511e-06
Uzbekistan,2005,1.0,3.0,3.0,3.0,3.0,1.0,Moderate,3.4549162895541767e-06
Uzbekistan,2006,1.0,3.0,3.0,3.0,3.0,4.0,Moderate,6.471520033029806e-07
Uzbekistan,2007,1.0,3.0,3.0,3.0,3.0,4.0,Moderate,6.294398667908243e-07
Uzbekistan,2008,1.0,3.0,3.0,3.0,3.0,4.0,Moderate,6.180103748200974e-07
Uzbekistan,2009,1.0,3.0,3.0,3.0,3.0,4.0,Moderate,5.33204882373562e-07
Uzbekistan,2010,1.0,3.0,3.0,3.0,3.0,4.0,Moderate,5.404222062842002e-07
Uzbekistan,2011,1.0,3.0,3.0,3.0,3.0,4.0,Moderate,6.029833864223148e-07
Uzbekistan,2012,1.0,3.0,3.0,3.0,3.0,4.0,Moderate,4.227233760872588e-07
Uzbekistan,2013,1.0,3.0,3.0,3.0,3.0,4.0,Moderate,6.358437828973937e-07
Venezuela,2000,3.0,3.0,4.0,3.0,3.0,3.0,Hot,1.293694885017731e-06
Venezuela,2001,3.0,3.0,4.0,3.0,3.0,3.0,Hot,1.1640764292562208e-06
Venezuela,2002,3.0,3.0,3.0,3.0,3.0,3.0,Hot,1.379263466459071e-06
Venezuela,2003,3.0,3.0,3.0,3.0,3.0,3.0,Hot,1.3800247882080544e-06
Venezuela,2004,3.0,3.0,4.0,3.0,3.0,3.0,Hot,1.3027852434125387e-06
Venezuela,2005,3.0,3.0,4.0,3.0,3.0,3.0,Hot,1.3098874123950994e-06
Venezuela,2006,3.0,3.0,4.0,3.0,3.0,3.0,Hot,1.3443418541440902e-06
Venezuela,2007,3.0,3.0,4.0,3.0,3.0,3.0,Hot,1.4857176659035517e-06
Venezuela,2008,3.0,3.0,4.0,3.0,3.0,3.0,Hot,1.4475659428433295e-06
Venezuela,2009,3.0,3.0,4.0,3.0,3.0,3.0,Hot,1.558926606981238e-06
Venezuela,2010,3.0,4.0,4.0,3.0,3.0,3.0,Hot,1.72276135062662e-06
Venezuela,2011,3.0,3.0,4.0,3.0,3.0,3.0,Hot,1.634851139328898e-06
Venezuela,2012,3.0,3.0,4.0,3.0,3.0,3.0,Hot,1.5775746214715247e-06
Venezuela,2013,3.0,4.0,4.0,3.0,3.0,3.0,Hot,1.608487905254676e-06
Vietnam,2000,2.0,3.0,4.0,3.0,4.0,4.0,Hot,1.123664011643236e-06
Vietnam,2001,2.0,3.0,4.0,3.0,3.0,4.0,Hot,5.834386963217125e-07
Vietnam,2002,2.0,3.0,4.0,3.0,3.0,4.0,Hot,5.215822426118509e-07
Vietnam,2003,2.0,3.0,4.0,3.0,3.0,4.0,Hot,6.23093298290624e-07
Vietnam,2004,2.0,3.0,4.0,3.0,3.0,4.0,Hot,6.235831721050713e-07
Vietnam,2005,2.0,3.0,4.0,3.0,3.0,4.0,Hot,6.784848353051162e-07
Vietnam,2006,2.0,3.0,4.0,3.0,3.0,4.0,Hot,7.700126519043075e-07
Vietnam,2007,2.0,3.0,4.0,3.0,3.0,4.0,Hot,1.0425494120938469e-06
Vietnam,2008,2.0,3.0,4.0,3.0,3.0,3.0,Hot,1.4628734321352686e-06
Vietnam,2009,2.0,3.0,4.0,4.0,4.0,3.0,Hot,1.817111703324792e-06
Vietnam,2010,3.0,3.0,4.0,4.0,4.0,3.0,Hot,1.571361277020857e-06
Vietnam,2011,2.0,3.0,4.0,4.0,4.0,3.0,Hot,1.5155096774601252e-06
Vietnam,2012,2.0,3.0,4.0,4.0,4.0,4.0,Hot,9.803530442510929e-07
Vietnam,2013,3.0,3.0,4.0,4.0,4.0,4.0,Hot,1.4341614206311352e-06
Yemen,2000,4.0,2.0,2.0,2.0,1.0,3.0,Hot,1.4028297614978158e-07
Yemen,2001,4.0,2.0,2.0,2.0,1.0,1.0,Hot,5.952721814838924e-07
Yemen,2002,4.0,2.0,2.0,2.0,1.0,3.0,Hot,1.565044749216169e-07
Yemen,2003,4.0,2.0,2.0,2.0,1.0,4.0,Hot,1.4728827371074958e-07
Yemen,2004,4.0,2.0,2.0,2.0,1.0,4.0,Hot,1.530496481620622e-07
Yemen,2005,4.0,2.0,2.0,2.0,2.0,4.0,Hot,1.7062881383714487e-07
Yemen,2006,4.0,2.0,2.0,2.0,2.0,1.0,Hot,1.233472378003901e-06
Yemen,2007,4.0,2.0,2.0,2.0,2.0,1.0,Hot,7.229642558856895e-07
Yemen,2008,3.0,2.0,2.0,2.0,2.0,1.0,Hot,8.191291461707412e-07
Yemen,2009,4.0,2.0,2.0,2.0,2.0,1.0,Hot,1.3679977648929631e-06
Yemen,2010,4.0,2.0,2.0,2.0,2.0,1.0,Hot,8.072941201038156e-07
Yemen,2011,4.0,2.0,2.0,2.0,2.0,1.0,Hot,7.28147596281395e-07
Yemen,2012,4.0,2.0,2.0,2.0,1.0,1.0,Hot,7.623397397067062e-07
Yemen,2013,4.0,2.0,2.0,2.0,2.0,1.0,Hot,6.792537331201809e-07
Zambia,2000,2.0,0.0,2.0,3.0,2.0,3.0,Hot,3.274634484077954e-07
Zambia,2001,2.0,0.0,2.0,3.0,2.0,2.0,Hot,5.198263133809568e-07
Zambia,2002,2.0,1.0,2.0,3.0,2.0,2.0,Hot,9.051276970280294e-07
Zambia,2003,2.0,1.0,2.0,3.0,2.0,2.0,Hot,8.574726497168084e-07
Zambia,2004,2.0,1.0,2.0,3.0,2.0,2.0,Hot,7.871620107944188e-07
Zambia,2005,2.0,1.0,2.0,3.0,3.0,2.0,Hot,7.356465923231239e-07
Zambia,2006,2.0,1.0,2.0,3.0,2.0,1.0,Hot,1.5276377528182554e-06
Zambia,2007,2.0,1.0,2.0,3.0,3.0,1.0,Hot,1.3139047656790484e-06
Zambia,2008,2.0,1.0,2.0,3.0,3.0,2.0,Hot,1.265880340738179e-06
Zambia,2009,2.0,1.0,2.0,3.0,3.0,2.0,Hot,1.241485588044817e-06
Zambia,2010,2.0,1.0,2.0,3.0,3.0,2.0,Hot,1.1204374812679595e-06
Zambia,2011,2.0,1.0,2.0,3.0,3.0,2.0,Hot,9.198969833759454e-07
Zambia,2012,2.0,1.0,2.0,3.0,3.0,4.0,Hot,4.2229422090866853e-07
Zambia,2013,2.0,1.0,2.0,3.0,3.0,3.0,Hot,4.774359997364092e-07
Zimbabwe,2000,2.0,2.0,2.0,2.0,2.0,1.0,Hot,1.8299858297229693e-06
Zimbabwe,2001,2.0,2.0,2.0,2.0,2.0,3.0,Hot,2.936361920121405e-07
Zimbabwe,2002,2.0,2.0,2.0,2.0,2.0,3.0,Hot,2.369935693686694e-07
Zimbabwe,2003,2.0,2.0,2.0,2.0,2.0,3.0,Hot,3.432639530752386e-07
Zimbabwe,2004,2.0,2.0,2.0,2.0,2.0,3.0,Hot,2.5015684828141305e-07
Zimbabwe,2005,2.0,2.0,2.0,2.0,2.0,3.0,Hot,2.393510404176493e-07
Zimbabwe,2006,2.0,2.0,2.0,2.0,2.0,3.0,Hot,2.043281108050275e-07
Zimbabwe,2007,2.0,2.0,2.0,2.0,2.0,3.0,Hot,2.5555634132686335e-07
Zimbabwe,2008,2.0,2.0,2.0,2.0,1.0,4.0,Hot,8.956599266745855e-08
Zimbabwe,2009,2.0,2.0,2.0,2.0,1.0,4.0,Hot,6.770230619050167e-08
Zimbabwe,2010,2.0,2.0,2.0,2.0,2.0,2.0,Hot,5.020816550765334e-07
Zimbabwe,2011,2.0,2.0,2.0,2.0,1.0,1.0,Hot,9.717191289647897e-07
Zimbabwe,2012,2.0,2.0,2.0,2.0,1.0,2.0,Hot,3.0101230552819573e-07
Zimbabwe,2013,1.0,2.0,2.0,2.0,1.0,2.0,Hot,2.3471915616048242e-07
