Country,Year,Avg_Temp,co2,methane,nitrous_oxide,total_ghg,Food_Production_Tonnes,Temp_Category,Carbon_Intensity_Index
Afghanistan,2000,-0.5605340634432892,-0.1448641003951897,-0.11846738324684954,-0.11690925075705773,-0.22998734019134184,-0.11650879348712596,Moderate,1.9754964065537733e-07
Afghanistan,2001,-0.5396787991634332,-0.14466717687759864,-0.14943939955522612,-0.14574582397186672,-0.23544305657244863,-0.11514897717118115,Moderate,1.8326084086486386e-07
Afghanistan,2002,-0.5575698004858787,-0.14223248611465428,-0.10338676797627874,-0.11089186285044446,-0.21026056677742977,-0.06580062582675787,Moderate,2.226886902034421e-07
Afghanistan,2003,-0.60383214705969,-0.1402722020077248,-0.09615919199406972,-0.10034189704014847,-0.20667566157907238,-0.05272815268513671,Moderate,2.2505945075021e-07
Afghanistan,2004,-0.5402121184402894,-0.14316339728872124,-0.09699314306893998,-0.10206115072775226,-0.21566241163233174,-0.015770291489696966,Moderate,1.916437600651639e-07
Afghanistan,2005,-0.5990694818896247,-0.13731834924385847,-0.09120181616011863,-0.09041711438898115,-0.21436459759194276,0.014682881912359752,Moderate,1.843102705286701e-07
Afghanistan,2006,-0.5532598365624475,-0.13491051168785836,-0.08608228317272056,-0.10159226335840577,-0.2132528851875341,0.05101447735282278,Moderate,1.7568652362225237e-07
Afghanistan,2007,-0.5896805820621782,-0.12917287647077255,-0.07843773165307638,-0.105655953892742,-0.20924680260248443,0.02724626990751797,Moderate,1.902959860090939e-07
Afghanistan,2008,-0.5814699457533681,-0.1161580221717979,-0.050361378799110484,-0.08228973332030867,-0.19547038412846887,0.05467733462216974,Moderate,2.073141286873749e-07
Afghanistan,2009,-0.5784002592179743,-0.09705644096546233,-0.04243884358784286,-0.05861092116831103,-0.1826734479490865,0.062019662642631326,Moderate,2.281531619376709e-07
Afghanistan,2010,-0.5359145572907384,-0.07936017758920862,0.0009729429206819824,-0.02578880531405686,-0.1635980302611055,0.1114609751337332,Moderate,2.438781725260489e-07
Afghanistan,2011,-0.5590333278037635,-0.0521041725408057,0.011652149740548515,-0.01523883950376089,-0.1468880623146636,0.09116609985205525,Moderate,2.802960449342726e-07
Afghanistan,2012,-0.6361599771788964,-0.0671330173605983,0.006833765752409149,-0.01351958581615708,-0.15674655161014645,0.12429845185681816,Moderate,2.507373207696771e-07
Afghanistan,2013,-0.48345392447020785,-0.07465191530498531,0.007829873980726446,-0.012425515287681923,-0.16063509631984013,0.17206292765715578,Moderate,2.287120624977864e-07
Africa,2000,0.11593182815336646,8.151102995475235,26.1574314306894,25.642434306925857,17.058335516762615,0.9118340542978398,Hot,1.3517561371466512e-05
Africa,2001,0.13476544029072068,8.056776630549104,25.761258339510754,25.041398847318547,16.611456514659178,0.9195314464336298,Hot,1.3101952859859833e-05
Africa,2002,0.1437078402584734,7.874479159673645,25.003497961452933,26.061463319331832,17.30104143454977,1.002946666739811,Hot,1.2915632301127216e-05
Africa,2003,0.14848910958935962,8.690413852674356,26.456819866567827,27.098095145062025,18.34019379057199,1.053431792424694,Hot,1.325406006638016e-05
Africa,2004,0.1388397515104251,9.186240416761771,26.65075982209044,27.39107160300869,18.471517879224937,1.1210251596002985,Hot,1.2815816042258994e-05
Africa,2005,0.1582066829246361,9.295524017955845,27.164983320978507,28.819693269512552,18.45529765242581,1.184604782230404,Hot,1.2342382302262069e-05
Africa,2006,0.13310966997769044,9.556358168074224,26.67241938472943,28.20396600566572,18.670088324815918,1.2581589140593177,Hot,1.1983089531918694e-05
Africa,2007,0.13553441227130456,9.816288260225479,26.701769829503338,29.41603985542639,19.023485536719566,1.1642987584631443,Hot,1.2864483731403913e-05
Africa,2008,0.1283284006468045,10.284491825436254,27.30404466271312,30.141643059490082,20.797509176524745,1.2941978609875122,Hot,1.3069574967230377e-05
Africa,2009,0.14855732484570158,10.23702430662782,26.9188519273536,29.822252613070233,21.673156553103855,1.3404438494208546,Hot,1.3283369993242244e-05
Africa,2010,0.18174714774959416,10.732779262163385,27.980981282431433,31.305187066523395,22.931100766689767,1.4395395601330403,Hot,1.3353137454675928e-05
Africa,2011,0.1306973304579569,11.168024991384597,28.121988510007412,32.087056754908666,24.127930182502038,1.4842109731642281,Hot,1.37364007573614e-05
Africa,2012,0.12618892215243935,11.155583005500434,29.180712564862862,32.26304581420338,23.594562893782488,1.6024442567225725,Hot,1.2707376931642429e-05
Africa,2013,0.1621197580838953,11.308207682702507,28.96849518161601,32.54390934844192,23.42542099373376,1.7147603411997645,Hot,1.199886899864297e-05
Albania,2000,-0.6908562099913648,-0.1271588859499546,-0.261930133432172,-0.2751587379114975,-0.2735008411304205,4.326735467937327,Moderate,8.24179658304513e-09
Albania,2001,-0.6950359447890523,-0.12540447642959762,-0.2632737212750186,-0.27781576633779426,-0.2731188430355136,4.537956165006005,Moderate,7.987910431854111e-09
Albania,2002,-0.7047473167373886,-0.12068726307639291,-0.26422349888806523,-0.26695320894793395,-0.2706603424759843,4.78851338686194,Moderate,8.145611503324881e-09
Albania,2003,-0.6997862071852371,-0.11571941979170865,-0.2638296886582654,-0.2659372863143499,-0.26506260116215574,3.117977217635932,Moderate,1.3584175208830036e-08
Albania,2004,-0.7272025388478136,-0.1168472544833667,-0.26547442550037065,-0.27023542053335936,-0.27060157353830633,3.2427550631987128,Moderate,1.1460472823468944e-08
Albania,2005,-0.7652356449519937,-0.116095364688928,-0.26584507042253525,-0.26921949789977534,-0.2548270111832391,3.204076611258761,Moderate,1.6410791597717892e-08
Albania,2006,-0.748132219770952,-0.11922823883242259,-0.26660952557449963,-0.27211097001074536,-0.26722725703329503,3.5345950501354233,Moderate,1.1597557399654269e-08
Albania,2007,-0.6801464147456581,-0.11839578941715118,-0.26945885841363976,-0.27383022369834914,-0.25218730639920267,3.964466572814076,Moderate,1.4335910593825452e-08
Albania,2008,-0.6753341384800715,-0.11442151478940374,-0.2735127872498147,-0.2789098368662694,-0.2568349498872371,4.5157427489472175,Moderate,1.172668275460652e-08
Albania,2009,-0.6835881844974631,-0.11511969816995396,-0.27599147516679023,-0.27992575949985343,-0.26316730292204055,4.818975001577866,Moderate,9.708189933805961e-09
Albania,2010,-0.6887105301100592,-0.1111185703352623,-0.2752501853224611,-0.28047279476409104,-0.2625551264878948,4.83767146476707,Moderate,9.805628364351968e-09
Albania,2011,-0.7134292584536533,-0.10791408763991642,-0.27631578947368424,-0.27711243528377455,-0.2602484456840337,4.953055122670402,Moderate,1.0084184071778618e-08
Albania,2012,-0.6892438493869154,-0.11010709954036263,-0.2748100444773907,-0.27742502686333886,-0.2613650554999155,4.952923567296037,Moderate,9.850522820135944e-09
Albania,2013,-0.5980369509640834,-0.10638345484409478,-0.2740919199406968,-0.2792224284458337,-0.2596117821925221,5.350332665321763,Moderate,9.532622249682567e-09
Algeria,2000,0.07456857726230474,0.6025949148977117,1.1819403261675314,0.008205528963563576,0.46030770436285906,-0.28102263527938237,Hot,3.016469809273613e-06
Algeria,2001,0.1260772971875162,0.6157261330934448,0.9804716456634543,0.03079027058708607,0.4287340925953587,-0.29676163342507533,Hot,3.0555074912394405e-06
Algeria,2002,0.09174021769968861,0.6482990731168069,0.8816252779836916,0.01453550844974113,0.4271865105698383,-0.24882008317194676,Hot,2.6025447036730915e-06
Algeria,2003,0.10146399242190496,0.687862798014653,1.0385934025203853,0.03516655270098663,0.48585750001836525,-0.2453134415142498,Hot,2.7803451715082523e-06
Algeria,2004,0.06591764248074079,0.6589956005495956,0.989204966641957,0.08697860701377359,0.45500870514889347,-0.21312194492500983,Hot,2.435399038324761e-06
Algeria,2005,0.08873254503369668,0.8264790522608163,0.9963398813936248,0.04430985640324315,0.5418300157451779,-0.2186881791342916,Hot,2.754610218216116e-06
Algeria,2006,0.08711398304230725,0.7748671885139884,1.0986610452186805,0.04259060271563934,0.5328726501607575,-0.19451472645592055,Hot,2.55295568010264e-06
Algeria,2007,0.07703052787755962,0.8084426482632691,0.9954132690882135,0.11644036338771126,0.5332007767294596,-0.18015774982111243,Hot,2.461361252236825e-06
Algeria,2008,0.06846641251315855,0.8178144174868085,1.072715900667161,0.0980756080883071,0.5542596460640729,-0.16903983791708682,Hot,2.454054703259495e-06
Algeria,2009,0.08365360912968209,0.8870240828510947,0.9226742031134173,0.14512064081273812,0.5627321679126497,-0.14673407535139762,Hot,2.349437335507991e-06
Algeria,2010,0.16263447319993118,0.900620756633861,1.0392188658265382,0.16872130506984465,0.5952901593862563,-0.09694365858403088,Hot,2.1840241485799072e-06
Algeria,2011,0.08289703992297874,0.9620966983982063,1.0450796886582654,0.1821627429911107,0.6301205497834119,-0.046491064223864814,Hot,2.052154192224886e-06
Algeria,2012,0.06880748879486864,1.059466426778018,1.0576121200889548,0.22303409201914623,0.6879197999897154,-0.030976639548119998,Hot,2.116544580281101e-06
Algeria,2013,0.15562690595751744,1.1126447275965934,1.041790214974055,0.23030184624401678,0.7166627079257258,0.022354992648054135,Hot,1.9835703913687547e-06
Angola,2000,-0.049825043370950235,-0.01106352126102662,0.9898767605633804,0.7206798866855524,0.26355909583989384,0.4792836398597211,Hot,6.276282969463142e-07
Angola,2001,-0.039239275864047005,-0.01184226426240956,0.95454966641957,0.7853081957604766,0.3116418816834362,0.44040768196951585,Hot,7.064114348312305e-07
Angola,2002,-0.007792042690347802,-0.010302680397606515,0.9524879540400296,0.8444661521930252,0.3640441844463109,0.42443732010448043,Hot,7.78341819533279e-07
Angola,2003,0.002706905399392281,0.002264620452297517,0.9758617494440326,1.0138907883168897,0.38371708633401813,0.3971146356794818,Hot,8.236025126176928e-07
Angola,2004,-0.03403631222122847,-0.0019244798310038484,1.0905300222386953,1.010452280941682,0.39728781352616077,0.4037923291362497,Hot,8.34029327967459e-07
Angola,2005,-0.004771967250475619,-0.016505771201725777,1.0780670867309117,0.9933378919605351,0.3977040935013798,0.42757415236143786,Hot,8.147489519525113e-07
Angola,2006,-0.08060252675510898,-0.0007697919324015457,0.8514640474425501,0.892292663866367,0.3818315829168493,0.3091604513247777,Hot,9.029574477203652e-07
Angola,2007,-0.04488253797961957,0.0031955316263644726,0.8197970719051149,0.9756764677151508,0.482541952451032,0.2700712179694431,Hot,1.0825028656887226e-06
Angola,2008,-0.05528226387831651,0.013596673782766492,0.8231097108969606,0.903858552310247,0.6439165579033201,0.28420489477047634,Hot,1.2819561498839691e-06
Angola,2009,-0.053111778449250156,0.030764824089116825,0.8017049666419569,0.9044055875744847,0.7182004951282999,1.1256532615613786,Hot,6.986624085340826e-07
Angola,2010,-0.02594970365122169,0.05148654878108817,0.9375,0.967080199277132,0.7984788639964346,1.0920692959463596,Hot,7.684620194052205e-07
Angola,2011,-0.07445695229738133,0.055192291339393185,0.9001806893995553,1.007638956725603,0.7055308916472199,1.0734905535180939,Hot,7.118591310759569e-07
Angola,2012,-0.06748659337660891,0.07796381082810813,0.8950379911045219,0.9482465566083813,0.6825130577233403,1.1585045812692079,Hot,6.616034424740287e-07
Angola,2013,-0.03887029334110593,0.07589611389340171,0.917693661971831,0.9949789977532479,0.6966567820578433,1.305896008610485,Hot,6.184948183225779e-07
Antigua And Barbuda,2000,0.2873877742757164,-0.1510582401303276,-0.3418967753891772,-0.3675295496727557,-0.3063477798809439,4.409648389029896,Hot,4.744070159115052e-10
Antigua And Barbuda,2001,0.31430799498307793,-0.15088816981968076,-0.3418967753891772,-0.3675295496727557,-0.3062498316514806,3.889131675435206,Hot,5.551139176424611e-10
Antigua And Barbuda,2002,0.32233879107062297,-0.15062858881921978,-0.3418967753891772,-0.36745140177786456,-0.3060882170728661,3.8294526841191137,Hot,6.051207423553286e-10
Antigua And Barbuda,2003,0.33365632223646796,-0.15036900781875878,-0.3418967753891772,-0.36745140177786456,-0.30593639731719796,4.441595632445338,Hot,5.663421138619018e-10
Antigua And Barbuda,2004,0.30666788627276503,-0.15019893750811192,-0.34187361008154193,-0.3673732538829735,-0.3058433464992078,4.7072304145092705,Hot,5.582661943978008e-10
Antigua And Barbuda,2005,0.3399321258199397,-0.14993935650765094,-0.3418967753891772,-0.3673732538829735,-0.30569152674353967,4.6528303705388625,Hot,5.977016256434997e-10
Antigua And Barbuda,2006,0.3301277330675003,-0.14960816695533868,-0.34187361008154193,-0.36729510598808246,-0.305495630284613,4.670712178617991,Hot,6.389070497527102e-10
Antigua And Barbuda,2007,0.3333028431808776,-0.14944704771367323,-0.34187361008154193,-0.36729510598808246,-0.3053878872322034,4.565123399793474,Hot,6.763003217750268e-10
Antigua And Barbuda,2008,0.2928449947830829,-0.14941124343774756,-0.34185044477390664,-0.36729510598808246,-0.3053438105289449,4.485989238280044,Hot,6.96957166137561e-10
Antigua And Barbuda,2009,0.31605678610021115,-0.14925012419608216,-0.34194310600444777,-0.3672169580931913,-0.3052850415912669,4.350826066935421,Hot,7.298918990602742e-10
Antigua And Barbuda,2010,0.3501458101104311,-0.14931278167895204,-0.3423600815418829,-0.3676076975676467,-0.30543686134693504,4.938272773221632,Hot,6.20250605440749e-10
Antigua And Barbuda,2011,0.31745829954869415,-0.14934858595487768,-0.3423832468495182,-0.36768584546253785,-0.30546624581577403,4.8843452112886405,Hot,6.201435446370803e-10
Antigua And Barbuda,2012,0.32767818522612574,-0.14925012419608216,-0.3423832468495182,-0.36768584546253785,-0.3053976820551497,4.436727982515229,Hot,6.913593615893458e-10
Antigua And Barbuda,2013,0.3139948249425985,-0.14925012419608216,-0.3423832468495182,-0.3676076975676467,-0.3053585027633644,4.695341750676771,Hot,6.66050229274386e-10
Argentina,2000,-0.6161481015229058,1.1289446242117465,2.295195515196442,2.533164012894403,1.3074227616993037,5.720255698639411,Moderate,2.972226446135517e-07
Argentina,2001,-0.5700159840748386,1.0541942471479657,2.276084136397331,2.49323043860506,1.2541683093400982,5.283017249813619,Moderate,3.088757326346496e-07
Argentina,2002,-0.5839070908208621,0.9640211782292102,2.3570237212750182,2.540822506593729,1.6220128850895856,5.334017881526256,Moderate,3.782958747885023e-07
Argentina,2003,-0.5590085222560027,1.048975773931802,2.5285164936990365,2.8413011624499367,1.9236052784300857,5.869284867474911,Moderate,4.010741260553212e-07
Argentina,2004,-0.5646765899193354,1.2531854616737605,2.556268532246108,2.864823678812152,2.1768602205304384,6.253711560563704,Moderate,4.214459664154488e-07
Argentina,2005,-0.5891844711069631,1.2934026146072497,2.5070422535211265,2.835908957702452,2.2300314168946,6.266996850578618,Moderate,4.296269808463378e-07
Argentina,2006,-0.5558272107556856,1.4063113987387947,2.5624768346923643,2.9392204747484616,2.2845885807056674,6.470887889907413,Moderate,4.2616330019773836e-07
Argentina,2007,-0.6252579389380436,1.4011376808675378,2.4956449221645665,3.112865097196444,1.8295113117961501,6.422200202528762,Moderate,3.538145573291764e-07
Argentina,2008,-0.5621588268216188,1.524948867018444,2.4361564121571533,3.0133828270000977,1.6725149922008722,6.494283277827973,Moderate,3.244900220400004e-07
Argentina,2009,-0.557811654576546,1.4424379131477778,2.3036508524833206,2.6021686040832277,2.3405659938439536,6.418829146968689,Moderate,4.386034400884901e-07
Argentina,2010,-0.5917146369785604,1.5117460402708596,2.099703484062268,2.6841457458239715,2.0390862409673365,7.075256960484991,Moderate,3.553397025650344e-07
Argentina,2011,-0.5723042958557684,1.5454289128479168,2.0756810600444777,2.7692488033603597,2.041750432808739,7.35733213140903,Moderate,3.430945673152987e-07
Argentina,2012,-0.5463080818024953,1.5618183201528844,2.1472850259451444,2.7328318843411155,1.800249278243984,6.94540595227535,Moderate,3.2469710073788296e-07
Argentina,2013,-0.6379800842458418,1.5422154790835898,2.1881717939214234,2.843411155611996,1.6675881962588675,7.416851757850358,Moderate,2.86322925929207e-07
Armenia,2000,-0.9757541274105955,-0.1229876878046161,-0.3093958487768718,-0.3305655953892742,-0.27877535328702013,4.998657247291899,Cold,6.1526197474738915e-09
Armenia,2001,-0.9366667855265832,-0.12261174290739675,-0.3083302446256486,-0.3300967080199277,-0.2746174509463023,5.054333552870565,Moderate,6.947067807783017e-09
Armenia,2002,-0.9990589395318266,-0.1266934303629211,-0.3076352853965901,-0.32400117221842334,-0.27446563119063416,5.25263820925187,Cold,6.740885478412476e-09
Armenia,2003,-1.0125965672222597,-0.12330097521896555,-0.30675500370644926,-0.3249389469571163,-0.27123823702981786,5.0769163994270174,Cold,7.611648729226231e-09
Armenia,2004,-0.9904886227804852,-0.12119747400833347,-0.305758895478132,-0.32118784800234446,-0.2639557861692202,5.256187860095457,Cold,8.823853202314545e-09
Armenia,2005,-0.9893537689704305,-0.11506599175606548,-0.3053419199406968,-0.3221256227410374,-0.2512078241045695,5.390452335287741,Cold,1.1099848900566101e-08
Armenia,2006,-0.9656830750197284,-0.11483326396254874,-0.3044384729429207,-0.3000879163817524,-0.2598468579432341,5.482837587523732,Moderate,9.27921695951008e-09
Armenia,2007,-1.004249500400765,-0.1085854178135224,-0.30703298739807267,-0.3086060369248803,-0.2610761082229987,5.6541930886539395,Cold,8.795494494057989e-09
Armenia,2008,-0.9914870460778556,-0.10433366004735119,-0.3064770200148258,-0.31016899482270194,-0.2603072146217117,5.705703558616935,Cold,8.865135418749263e-09
Armenia,2009,-0.9814159936869885,-0.11517340458384244,-0.3083070793180134,-0.30712122692194976,-0.2666591573024078,6.003350167501422,Cold,7.345948607206766e-09
Armenia,2010,-0.8573324424007432,-0.11614012003383506,-0.3084460711638251,-0.31079417798183057,-0.2690539915127859,6.060696621847975,Moderate,6.864551281841368e-09
Armenia,2011,-1.0339603452312114,-0.1097580078500875,-0.30853873239436624,-0.30813714955553384,-0.2657237517110331,6.194472061759856,Cold,7.298599922458335e-09
Armenia,2012,-0.9435627278040737,-0.1027851251135667,-0.30735730170496667,-0.29586793005763407,-0.261291594327818,6.4211051859163275,Moderate,7.795827346389058e-09
Armenia,2013,-0.8696670010247795,-0.1046917028066077,-0.30522609340252044,-0.2906320210999316,-0.2627999970615531,6.47299793924574,Moderate,7.490602032031894e-09
Asia,2000,-1.0997012481841568,83.36808138311918,72.03667068198665,71.07441633291003,74.24875422095651,5.5895263431876385,Cold,1.400528893027854e-05
Asia,2001,-1.0849419472665065,85.04288009595545,72.08839881393625,71.11903878089284,73.60072383741573,5.7021526169504035,Cold,1.363450291723079e-05
Asia,2002,-1.0704741115350451,89.66070077919056,71.89292994810971,72.20091823776497,77.23642988498429,5.929447694364095,Cold,1.3805406548297335e-05
Asia,2003,-1.0787591644871377,98.63165903588036,74.81354243884358,73.65290612484125,81.27985523251684,5.746648420545059,Cold,1.494520326741866e-05
Asia,2004,-1.0821203162087203,104.46905391676403,76.9537157153447,76.68582592556413,85.73949199150788,6.013866274742425,Cold,1.5122978281849052e-05
Asia,2005,-1.0688865564783567,112.16098497563073,79.59430596738324,78.92749829051479,90.02363980518096,6.228631440361037,Cold,1.5374863348288187e-05
Asia,2006,-1.0882162795709263,119.70610060106429,82.24946719792437,81.62617954478851,97.90448088662737,6.399534270185537,Cold,1.6306670698410566e-05
Asia,2007,-1.0365897332938514,126.21814650214603,83.17462008895478,83.71054019732341,99.57734849245429,6.619261846046601,Cold,1.6077983550435593e-05
Asia,2008,-1.0615689198889335,132.70701808563487,84.40981745737584,84.27500244212172,104.27256053812755,6.768983608862484,Cold,1.6490607828827634e-05
Asia,2009,-1.0855806901213458,137.49143606475204,85.26193013343217,84.47967177884145,108.91219675840334,7.030521007497757,Cold,1.6630055381094372e-05
Asia,2010,-1.0756646724039833,147.8648209562427,87.51158265381764,85.96666992282894,113.43361926053983,7.189705142829237,Cold,1.6963499856049584e-05
Asia,2011,-1.075782498755847,158.89567976655613,91.54311063750926,87.57331249389469,121.24950597361764,7.405909224240645,Cold,1.7638112595691274e-05
Asia,2012,-1.0865481064840155,164.8898705227872,92.15958580429948,88.84485689166746,124.64567962603365,7.718733100032252,Cold,1.7447132622995364e-05
Asia,2013,-0.9661388769598322,167.1007577079893,92.26758246849518,89.61148774054898,125.94995824956719,7.876880014119173,Moderate,1.729942390911732e-05
Australia,2000,-0.09827027814770779,2.977725264839754,3.9447970719051155,6.96008596268438,3.4693409798251134,-0.4421266343723005,Hot,3.2641092825140195e-05
Australia,2001,-0.0920874953683391,3.0472750708253336,4.226765196441809,7.752036729510599,3.2965309185829827,-0.4496212577756412,Hot,3.2992599505079855e-05
Australia,2002,-0.04237097626884286,3.0898553059699156,4.072298925129726,7.242278011136074,3.1206893596389627,-0.45769991942851457,Hot,3.3523321259297014e-05
Australia,2003,-0.04389651745612928,3.164677291585548,3.06938009636768,4.395662791833545,3.2890084945602003,-0.4561164396339426,Hot,3.470497866958281e-05
Australia,2004,-0.05531327081301769,3.265117236625984,3.5583765752409193,6.070997362508547,3.422800878595618,-0.43763631331057656,Hot,3.119401373500017e-05
Australia,2005,-0.009925319797772841,3.2926596758817923,3.1050546701260195,4.43364266875061,2.8137930696730242,-0.44333425939026777,Hot,2.722214570951272e-05
Australia,2006,-0.05698764528686857,3.348970850843862,3.5474425500370645,5.830536289928689,2.937741656647379,-0.42922337803348487,Hot,2.558503669111448e-05
Australia,2007,-0.04044234493044372,3.416309742791033,3.4919153076352853,5.4974699619029,3.1073047340828,-0.4388609139236689,Hot,2.881103798685182e-05
Australia,2008,-0.0598526860532359,3.4644933471179797,3.074986100815419,4.3451792517339065,3.596291680032518,-0.4295753041166588,Hot,3.084941164573753e-05
Australia,2009,-0.0252737524747411,3.488643331229832,3.170681986656783,4.666523395526033,3.16540762380044,-0.423914450038751,Hot,2.6424762706068265e-05
Australia,2010,-0.07084774509819146,3.4711797956470956,2.9387277613046705,3.796268438018951,4.1392236133591584,-0.42348325590089136,Hot,3.373692116594277e-05
Australia,2011,-0.0940037239328577,3.460868164180508,4.146381578947369,7.613714955553384,3.945795449815,-0.4160478996883269,Hot,3.0771248509560824e-05
Australia,2012,-0.07484143828767315,3.4709918231984855,4.162319310600445,7.672872911985933,3.5912914229184163,-0.41515998707211255,Hot,2.8051510424013195e-05
Australia,2013,-0.06603236813913439,3.4069469246364754,3.2151362120088955,4.619947250170948,3.089605489018779,-0.4088724894195442,Hot,2.352412701882754e-05
Austria,2000,-1.1121784387078173,0.438360701226744,-0.07760378057820612,-0.016411057927127083,0.08140967091843608,-0.5486581980684766,Cold,1.6408839006762316e-05
Austria,2001,-1.1788557510887312,0.4740486132556381,-0.08017512972572277,-0.014301064765067878,0.10073485659154854,-0.5488677802496253,Cold,1.7354539834941685e-05
Austria,2002,-1.1248044625180424,0.4901336842152374,-0.08124073387694591,-0.009612191071603025,0.109163301736867,-0.547927142079428,Cold,1.712219624463244e-05
Austria,2003,-1.155011418303704,0.5386842823704222,-0.0679206819866568,-0.022975481097977892,0.1444148695207148,-0.5491129225410406,Cold,1.938139922437216e-05
Austria,2004,-1.1999032583637332,0.5414054073407717,-0.09574221645663457,-0.060799062225261304,0.13745564781734618,-0.5465846505393457,Cold,1.745280868809202e-05
Austria,2005,-1.2219739944838666,0.5537489314661403,-0.10005096367679765,-0.06244016801797401,0.14280362114604328,-0.5469222389415239,Cold,1.786600728794015e-05
Austria,2006,-1.17225747538437,0.5331704238778717,-0.10380374351371391,-0.06322164696688484,0.13325366877336983,-0.5458644699760884,Cold,1.687750635877584e-05
Austria,2007,-1.1202464431170034,0.5089667333521306,-0.11052168272794664,-0.06775422487056755,0.12257241435039512,-0.5413645259107118,Cold,1.434014283647908e-05
Austria,2008,-1.1332383487566997,0.5033633641697659,-0.11390381764269833,-0.048998730096708,0.12302787361739949,-0.5335067982162784,Cold,1.1711449247646108e-05
Austria,2009,-1.1470736430202617,0.44818897496833565,-0.11740177909562642,-0.0793201133144476,0.08719351386824495,-0.5270956440705653,Cold,9.335810449525224e-06
Austria,2010,-1.2190283356872766,0.4902410970430144,-0.11494625648628617,-0.07181791540490379,0.11088229316394822,-0.5183855937626871,Cold,8.403427630239967e-06
Austria,2011,-1.129244655567218,0.47137224363019553,-0.12018161601186066,-0.059157956432548606,0.09955947783798877,-0.49956597748824,Cold,6.16778505291526e-06
Austria,2012,-1.1474209206889123,0.4478130300711163,-0.12544014084507044,-0.07369346488228974,0.0849064227102765,-0.48682061947643507,Cold,5.09805355366899e-06
Austria,2013,-1.1143954345389349,0.4522796134928414,-0.1226371386212009,-0.06994236592751782,0.08965201442777418,-0.48423671043633926,Cold,5.014554024894344e-06
Azerbaijan,2000,-0.773799760316395,0.11219269861303185,-0.17693661971830987,-0.20920191462342483,-0.10751287407041006,-0.43101695992321476,Moderate,1.6028164953897334e-06
Azerbaijan,2001,-0.7391774170293187,0.10010875548812416,-0.17126111934766497,-0.20037120250073262,-0.11322325584812147,-0.4166412215736836,Moderate,1.4169245900413178e-06
Azerbaijan,2002,-0.7886644848120283,0.10149617118024319,-0.1735544848035582,-0.19208752564227802,-0.11264046388281473,-0.41081583864857096,Moderate,1.3710893346716486e-06
Azerbaijan,2003,-0.8219659326808443,0.11866432148659353,-0.1677168272794663,-0.18607013773566472,-0.10312479339045348,-0.42325246093321484,Moderate,1.5546684286148222e-06
Azerbaijan,2004,-0.7747299683574234,0.13446295823878765,-0.1650064862861379,-0.17497313666113118,-0.09176769618418185,-0.4030066332932061,Moderate,1.4488636335719314e-06
Azerbaijan,2005,-0.7696882407750495,0.1518369831317105,-0.14262879911045223,-0.16840871349028033,-0.07734481939570839,-0.3741012888202274,Moderate,1.3242771292923737e-06
Azerbaijan,2006,-0.7678278246929928,0.15477293375761397,-0.12323943661971831,-0.16059392400117223,-0.07102226118385124,-0.3769782325928065,Moderate,1.3801658761874914e-06
Azerbaijan,2007,-0.7825189103543009,0.1146273893759762,-0.048554484803558194,-0.15809319136465763,-0.07723217893182556,-0.3663304351492027,Moderate,1.275858175463574e-06
Azerbaijan,2008,-0.7936317957511199,0.14148059632021553,-0.029049295774647918,-0.1417602813324216,-0.056854049791982456,-0.3394375455299009,Moderate,1.2306197784016127e-06
Azerbaijan,2009,-0.7753128987298011,0.1062670909473364,-0.06270848776871758,-0.14082250659372864,-0.08321681575203424,-0.31501071832360034,Moderate,9.986036604811696e-07
Azerbaijan,2010,-0.6747760136554545,0.09235712975022041,-0.05680133432171983,-0.14246361238644134,-0.0898968850014325,-0.27144795810465616,Moderate,8.304553414912414e-07
Azerbaijan,2011,-0.8350694632854639,0.11617592430976069,-0.06613695329873982,-0.13449252710755105,-0.07726156340066456,-0.285990997249648,Moderate,9.22506977894268e-07
Azerbaijan,2012,-0.7399587917837827,0.13909066090217825,-0.06370459599703489,-0.12683403340822505,-0.06048303169359835,-0.27654729342466805,Moderate,9.58288689194698e-07
Azerbaijan,2013,-0.6590585984555447,0.14615305432851317,-0.06016030392883621,-0.12323923024323531,-0.05847509298960033,-0.2684246387992393,Moderate,9.405525582129764e-07
Bahamas,2000,0.18001075940634145,-0.1361010038623863,-0.3379355077835434,-0.3655758523004786,-0.29706718513929464,-0.553887148019036,Hot,5.88480548746505e-07
Bahamas,2001,0.18979654799795992,-0.13681708938089934,-0.3378660118606375,-0.36549770440558754,-0.2975030547604064,-0.5555778086594867,Hot,6.122784165305719e-07
Bahamas,2002,0.2296528618625556,-0.13602939531053498,-0.3377270200148258,-0.36518511282602323,-0.29706228772782145,-0.5552072684522784,Hot,6.258071386802445e-07
Bahamas,2003,0.23442172841956127,-0.1357071568272041,-0.33775018532246115,-0.3658102959851519,-0.29694474985246544,-0.5552637934738579,Hot,6.34010023055502e-07
Bahamas,2004,0.20982082642783056,-0.1359040803447952,-0.33733320978502596,-0.36448178177200347,-0.2969055705606801,-0.5530400268145634,Hot,5.750215442426958e-07
Bahamas,2005,0.20624262616334108,-0.13718408320913728,-0.3373795404002965,-0.36510696493113215,-0.29762059263576235,-0.5521678125838141,Hot,5.196274524953642e-07
Bahamas,2006,0.19984899622800636,-0.13764058772718935,-0.3372868791697554,-0.36502881703624107,-0.2978556683864743,-0.5525983672376525,Hot,5.175684607726201e-07
Bahamas,2007,0.2235879054350507,-0.13747946848552392,-0.3370783914010378,-0.36471622545667676,-0.29761569522428916,-0.5541156308838497,Hot,5.657736549302914e-07
Bahamas,2008,0.21354165859194413,-0.13704981717441608,-0.33675407709414384,-0.3639347465077659,-0.29728756865558703,-0.55343354800374,Hot,5.65515632064424e-07
Bahamas,2009,0.20382408525666765,-0.13495526703276542,-0.33703206078576725,-0.36479437335156784,-0.29589670379720795,-0.5516935275803597,Hot,5.911258760703883e-07
Bahamas,2010,0.16363909788424186,-0.1342660347211966,-0.337008895478132,-0.36502881703624107,-0.2954167574728377,-0.551587216906946,Hot,6.111803632220674e-07
Bahamas,2011,0.2212437811716591,-0.13534911406794758,-0.3365687546330616,-0.3645599296668946,-0.29614157437086625,-0.5522690679074498,Hot,5.934940785190245e-07
Bahamas,2012,0.20734027165175503,-0.1359040803447952,-0.3366150852483321,-0.36518511282602323,-0.29657254658050486,-0.5537364933772249,Hot,6.100640894953754e-07
Bahamas,2013,0.22187012125261837,-0.13639638913877292,-0.33638343217197925,-0.3643254859822213,-0.2967684430394315,-0.5528137616671761,Hot,5.762508519764428e-07
Bangladesh,2000,0.15776018306494247,0.08331655007899319,1.3687222016308378,1.2097294129139395,0.3015483166372414,-0.49886942901898573,Hot,9.138559305358724e-06
Bangladesh,2001,0.17166369258484654,0.12382013721988748,1.3729382876204597,1.2509915014164306,0.32199990694918196,-0.5047336990275585,Hot,1.0220307108751326e-05
Bangladesh,2002,0.17488841379374515,0.13226099526936003,1.3997868791697552,1.2945980267656538,0.33192206259381607,-0.5041828259145624,Hot,1.0301733215615044e-05
Bangladesh,2003,0.16748395778715908,0.14558913698268416,1.4174156782802076,1.2636514603887858,0.34042396891123194,-0.5083503678986765,Hot,1.107995014812777e-05
Bangladesh,2004,0.17533491365343878,0.1678056901945515,1.4030531875463306,1.2795154830516753,0.35111012074567993,-0.5059124089195678,Hot,1.0871640579059216e-05
Bangladesh,2005,0.18617493802488924,0.18337159915322887,1.4389825796886584,1.3391423268535703,0.3634613924810042,-0.5048898810030523,Hot,1.091637468935261e-05
Bangladesh,2006,0.20356362700517952,0.219256434699714,1.4646729058561898,1.4191657712220376,0.39298298884124794,-0.49977036915104384,Hot,1.0632421166953647e-05
Bangladesh,2007,0.17216600492700188,0.22775099916307504,1.4829734988880652,1.4290905538732048,0.4124012253323506,-0.49336062358318256,Hot,1.0081036759689762e-05
Bangladesh,2008,0.17557056635716586,0.2516145490675224,1.5501297257227575,1.5909348441926345,0.45230043660423275,-0.4901358455970244,Hot,1.0240299355849535e-05
Bangladesh,2009,0.21392614458223566,0.2860493114390186,1.5744996293550777,1.5631923415063007,0.46549896052441486,-0.49418416397035564,Hot,1.0932385676894434e-05
Bangladesh,2010,0.21656173403181606,0.32944409386090934,1.6031551148999261,1.6149262479241964,0.49763577461132913,-0.49074775772644624,Hot,1.0928322061750725e-05
Bangladesh,2011,0.16184689705852692,0.3433809082649696,1.619324499629355,1.7012796717788414,0.5137727454154107,-0.49136433178173516,Hot,1.1228154158232591e-05
Bangladesh,2012,0.18629276437675305,0.38017875284755887,1.6316947739065977,1.6629090553873205,0.5362420692542956,-0.4963325018046948,Hot,1.2252804448048005e-05
Bangladesh,2013,0.21858338617431794,0.4254622108245278,1.6457097850259452,1.6747875354107649,0.5575017324593087,-0.4913423723632957,Hot,1.182229324647356e-05
Barbados,2000,0.2881319407085397,-0.14251892032205948,-0.33865363232023726,-0.3646380775617857,-0.3006129110458667,1.2542423879314946,Hot,4.920993290038167e-09
Barbados,2001,0.3119266623980455,-0.1425368224600223,-0.3389084507042254,-0.36495066914135,-0.3007647308015348,1.3354696427004984,Hot,4.619913290214736e-09
Barbados,2002,0.31521959886328554,-0.14244731177020817,-0.33918643439584883,-0.3655758523004786,-0.30078432044742753,1.4171431255511184,Hot,4.419235918627932e-09
Barbados,2003,0.3281680947944005,-0.14208031794197024,-0.3392095997034841,-0.3655758523004786,-0.30064229551470567,1.3551226714321483,Hot,4.6463254986665115e-09
Barbados,2004,0.31219332203647376,-0.14182073694150926,-0.3392095997034841,-0.36448178177200347,-0.3003778352951547,1.3139763465124092,Hot,4.9095207892138e-09
Barbados,2005,0.34581104063923906,-0.14144479204428992,-0.3392559303187547,-0.36518511282602323,-0.3002358103624329,1.4122035886889694,Hot,4.749714533769637e-09
Barbados,2006,0.3327943294517819,-0.14106884714707058,-0.3395802446256487,-0.36518511282602323,-0.3001231698985501,1.526302238562443,Hot,4.5540044544710224e-09
Barbados,2007,0.3226860687392732,-0.1410867492850334,-0.3396960711638251,-0.36518511282602323,-0.3001966310706476,1.7068410582618272,Hot,4.1566095907522705e-09
Barbados,2008,0.2957038341625104,-0.13872366707394032,-0.3393254262416605,-0.36487252124645886,-0.2985608956386102,1.8201131783276583,Hot,4.750732309170951e-09
Barbados,2009,0.3192567017613487,-0.13901905235032697,-0.3396960711638251,-0.36526326072091436,-0.2989918678482488,1.8631756660673828,Hot,4.462240370295961e-09
Barbados,2010,0.35827582838901934,-0.1402095445248549,-0.33976556708673095,-0.36518511282602323,-0.29971668474627733,2.169844630900502,Hot,3.658196956332098e-09
Barbados,2011,0.32483174862057906,-0.13968143145495154,-0.3396960711638251,-0.3653414086158054,-0.2994620193496727,2.5848973452030344,Hot,3.27117914669664e-09
Barbados,2012,0.32121634003444877,-0.14032590842161327,-0.3398118977020015,-0.36518511282602323,-0.2998782993248918,3.110310385451154,Hot,2.674171710102031e-09
Barbados,2013,0.3141064499075217,-0.14045122338735308,-0.3399045589325427,-0.36502881703624107,-0.2999958372002478,3.3723764441201216,Hot,2.462209638713756e-09
Belarus,2000,-1.1252075526691545,0.3381982393247314,0.037249814677538934,0.7570186578099052,0.12433548248073482,-0.5131880055855731,Cold,7.957344899335976e-06
Belarus,2001,-1.1860493599393507,0.3300617176206268,0.032686249073387644,0.7539708899091531,0.11952622441408596,-0.50717215721714,Cold,7.1828449231566025e-06
Belarus,2002,-1.1406800130849268,0.32862059551461936,0.027589881393624883,0.7292761551235714,0.1174497219494636,-0.5025975797963765,Cold,6.703553996868406e-06
Belarus,2003,-1.2133850735717047,0.34018537663860504,0.02742772424017785,0.7478753541076487,0.127352287948205,-0.4958025487358961,Cold,6.279490913356308e-06
Belarus,2004,-1.1999218625245538,0.368264880033298,0.03664751667902152,0.7636612288756471,0.15284821207750646,-0.49284258968201256,Cold,6.410806640528347e-06
Belarus,2005,-1.1952894264802327,0.3774218236012836,0.020848776871756826,0.7932011331444759,0.15902874535664172,-0.4942858408520227,Cold,6.611215931776618e-06
Belarus,2006,-1.1935034270414582,0.3990207530534334,0.026802260934025164,0.8339161863827292,0.17131635074281484,-0.4877753076902792,Cold,6.285287151622113e-06
Belarus,2007,-1.1238432475423132,0.38529876430492715,0.02314214232765008,0.82602324899873,0.1689557984127489,-0.48732638423513064,Cold,6.222755966408446e-06
Belarus,2008,-1.1087676758907132,0.4090638524505789,0.044824870274277215,0.8677542248705674,0.19188547893011146,-0.48436996752793987,Cold,6.311645060826795e-06
Belarus,2009,-1.1782976262641143,0.38844954058638453,0.0549944403261675,0.8703331054019733,0.18271262724087187,-0.47997992458294014,Cold,5.913145756463658e-06
Belarus,2010,-1.1901422753198756,0.40534020775431107,0.06314862861378798,0.86431571749536,0.19379057199317304,-0.4789771697347133,Cold,5.984148435491196e-06
Belarus,2011,-1.1491201007105243,0.39493906559790903,0.06090159377316526,0.9065937286314348,0.18646404442931686,-0.4665719543175187,Cold,5.229400976610351e-06
Belarus,2012,-1.2051806386498345,0.4060294400658799,0.06736471460340988,0.8971378333496142,0.19804642256335417,-0.4551137063968043,Cold,4.8452466891129e-06
Belarus,2013,-1.098665616565145,0.41999310767688436,0.07466178650852481,0.8797108527889029,0.21567710386675124,-0.45320950834894946,Cold,4.936279554538626e-06
Belgium,2000,-0.892698952120642,0.9805448515688986,4.6330615270545116e-05,0.39034873498095135,0.43829873720245166,-0.47099553058166815,Moderate,8.222551215473128e-06
Belgium,2001,-0.9292313225852966,0.9743596629027421,-0.012208117123795428,0.37589137442610143,0.428239454036569,-0.4687248545305848,Moderate,7.940352124673854e-06
Belgium,2002,-0.8925873271557186,0.9815026159499097,-0.021613232023721313,0.37675100126990324,0.43121708021225386,-0.4618593202149519,Moderate,7.493629016049256e-06
Belgium,2003,-0.9049032816189343,0.994114672144721,-0.036717012601927376,0.3106378821920484,0.43434162873213356,-0.46440882184961363,Moderate,7.696950979683488e-06
Belgium,2004,-0.9359846329631626,0.998769228015056,-0.03444681245366939,0.30868418481977133,0.44364181311967554,-0.48423926468549333,Moderate,9.47439916553074e-06
Belgium,2005,-0.9155014518997177,0.9705375564476788,-0.040469792438843626,0.31509231220084005,0.4203252370959329,-0.47028594864075846,Moderate,7.970850595728728e-06
Belgium,2006,-0.8881595368804235,0.9548015771783547,-0.045010192735359555,0.31087232587672164,0.40889467871756374,-0.46666046511145415,Moderate,7.586076944424132e-06
Belgium,2007,-0.8844201005554895,0.9243052851586802,-0.04570515196441811,0.33595780013675874,0.3929438095494627,-0.46573145682659806,Moderate,7.354985022180719e-06
Belgium,2008,-0.9320901619647238,0.9217184262230517,-0.045357672349888814,0.32689264432939336,0.38976049209190483,-0.46117268414508183,Moderate,7.031359833784662e-06
Belgium,2009,-0.9228935051324231,0.8107520240604734,-0.04514918458117128,0.2920386832079711,0.3281314661135857,-0.45772174038851027,Moderate,6.223899282885132e-06
Belgium,2010,-1.0171607880102387,0.8712254460989004,-0.04795218680504078,0.37800136758816055,0.36470533499518826,-0.4753569785397747,Cold,7.732802715772872e-06
Belgium,2011,-0.8725258404042068,0.7870495933976915,-0.04964325426241662,0.3733906417895868,0.31734246863820126,-0.4716760372703656,Moderate,6.935451792291665e-06
Belgium,2012,-0.9434821097738513,0.7631233860103743,-0.05738046701260194,0.3609651265019048,0.30533891311747174,-0.4770153827871255,Moderate,7.1687013327120725e-06
Belgium,2013,-0.9651900647579834,0.7660772387742407,-0.055411415863602695,0.365028817036241,0.30756723533776226,-0.45154525254486594,Moderate,5.724331772072652e-06
Belize,2000,0.16779402713416852,-0.15069124630208963,-0.3371942179392143,-0.36205919703038,-0.27786933216448445,-0.5482733046951619,Hot,1.2670597951460336e-06
Belize,2001,0.18557340349169102,-0.1502347417840376,-0.336846738324685,-0.3621373449252711,-0.2735694048910448,-0.544813774529801,Hot,1.286090331084981e-06
Belize,2002,0.20517598760962882,-0.15036900781875878,-0.3366614158636027,-0.35721402754713294,-0.2727221527061871,-0.5392519258399968,Hot,1.1189246524158818e-06
Belize,2003,0.2109804857856461,-0.15036900781875878,-0.3362907709414381,-0.35189997069453943,-0.2786578154116642,-0.5329276478164071,Hot,7.963128524448417e-07
Belize,2004,0.20195746778767087,-0.1507270505780153,-0.33645292809488514,-0.3621373449252711,-0.2837560207552298,-0.530754139530238,Hot,6.281945189965773e-07
Belize,2005,0.2149741789751278,-0.15049432278449856,-0.3362212750185323,-0.3604962391325583,-0.285357474306955,-0.5257870293581687,Hot,5.294521105049751e-07
Belize,2006,0.19930947556420997,-0.15027054605996323,-0.3348081912527799,-0.36143401387125135,-0.2819586707445779,-0.5295579166587131,Hot,6.567318354593955e-07
Belize,2007,0.21049057621737102,-0.15000201399052085,-0.33404373610081545,-0.3602617954478851,-0.2819096966298463,-0.5320945337737364,Hot,6.958131196319102e-07
Belize,2008,0.18562921597415244,-0.15036900781875878,-0.3336499258710156,-0.3609651265019048,-0.2815668778267246,-0.5248469451351908,Hot,6.052935057765794e-07
Belize,2009,0.2141369917382025,-0.1496439712312643,-0.3333256115641216,-0.3590895770245189,-0.2749455775150044,-0.5156873413039976,Hot,6.404193099151552e-07
Belize,2010,0.1839672442741821,-0.14941124343774756,-0.3333024462564863,-0.3600273517632119,-0.2745831690659902,-0.5200975435942227,Hot,6.982732576318329e-07
Belize,2011,0.20929990992485456,-0.14911585816136094,-0.33244532987398073,-0.3556510696493113,-0.27469580952987294,-0.508238318091568,Hot,5.744546232803189e-07
Belize,2012,0.20123810690260857,-0.15000201399052085,-0.3331866197183099,-0.35822995018071696,-0.2780652286234111,-0.5168640413080514,Hot,5.922028982616424e-07
Belize,2013,0.23687747764787576,-0.15000201399052085,-0.33263065233506306,-0.3528377454332324,-0.27752651336136286,-0.5059912514456809,Hot,5.09345908628515e-07
Benin,2000,0.3428715832295891,-0.14105094500910773,-0.240015752409192,-0.1883364266875061,-0.16846605726543235,-0.5008717034617475,Hot,2.152192545572011e-06
Benin,2001,0.34571181844819593,-0.13911751410912251,-0.2508571163825056,-0.22209631728045326,-0.16513092005220642,-0.49944665739330607,Hot,2.1625645696798544e-06
Benin,2002,0.3564030095330822,-0.13534911406794758,-0.24362954040029655,-0.19787046986421802,-0.1588867204239199,-0.5013011511286992,Hot,2.3127236511046694e-06
Benin,2003,0.3671996241959517,-0.13280701047722626,-0.24453298739807267,-0.21451597147601836,-0.18777165329265214,-0.5027481584874067,Hot,1.9026638283980876e-06
Benin,2004,0.36030988330540126,-0.13101679668094365,-0.2439770200148258,-0.21959558464393863,-0.18921149226576292,-0.5033836276108811,Hot,1.8963641415147769e-06
Benin,2005,0.38124576561547957,-0.13194770785501062,-0.23352946627131213,-0.18544495457653606,-0.2142127778362746,-0.5025652215872558,Hot,1.4818828036917484e-06
Benin,2006,0.38057601582593964,-0.12424083746201393,-0.23517420311341738,-0.2034971182963759,-0.2069548140330428,-0.5017034364367449,Hot,1.577616488428566e-06
Benin,2007,0.3750815869969318,-0.11904921745279431,-0.23188472942920685,-0.19724528670508937,-0.14799487730759905,-0.5041512355513879,Hot,2.579403223864177e-06
Benin,2008,0.3468342694843699,-0.11915663028057127,-0.23348313565604153,-0.214203379896454,-0.13860164210206696,-0.5083111266429413,Hot,2.8978394159341257e-06
Benin,2009,0.38145041138450597,-0.11641760317225887,-0.23012416604892516,-0.20568525935332618,-0.1975077073013059,-0.5065954013939445,Hot,1.845800830136878e-06
Benin,2010,0.39406403242085075,-0.11235381785469732,-0.2210433654558933,-0.2037315619810491,-0.17521469027545492,-0.5073695908468228,Hot,2.2418466987815167e-06
Benin,2011,0.37438703165963055,-0.11413508058199852,-0.2162481467753892,-0.19826120933867342,-0.1581863905832572,-0.49629722241169116,Hot,2.1779928117190056e-06
Benin,2012,0.3513674833376482,-0.11482431289356734,-0.21335248332097853,-0.1941975188043372,-0.12605447390781602,-0.49722365886356784,Hot,2.6749398943929903e-06
Benin,2013,0.3817883869727464,-0.11336528864959701,-0.20341456634544108,-0.18372570088893228,-0.1643130523361877,-0.4947010565110967,Hot,2.0482241171437985e-06
Bhutan,2000,-0.8209489052226533,-0.15068229523310825,-0.3239668272794663,-0.35760476702158833,-0.2536761194870451,-0.5483964776331104,Moderate,2.2815093860799896e-06
Bhutan,2001,-0.7891481929933631,-0.15008257361135358,-0.32445329873980727,-0.35776106281137054,-0.265189933860458,-0.5477980475897777,Moderate,1.7634027515088208e-06
Bhutan,2002,-0.8074112775322204,-0.14981404154191116,-0.32443013343217203,-0.35815180228582594,-0.2522656649827733,-0.5467281237200102,Moderate,2.2077154341264632e-06
Bhutan,2003,-0.8035230079207217,-0.14981404154191116,-0.3242216456634544,-0.35791735860115265,-0.2526917397809388,-0.548700149445469,Moderate,2.348230437301665e-06
Bhutan,2004,-0.8053462156811374,-0.15033320354283314,-0.32424481097108976,-0.3576829149164794,-0.24925375692677632,-0.5451063626898434,Moderate,2.204754504611985e-06
Bhutan,2005,-0.7876474573538373,-0.14934858595487768,-0.32229892512972574,-0.35713587965224186,-0.25942568055654186,-0.5432591497925708,Moderate,1.7230620230858636e-06
Bhutan,2006,-0.7572792655077311,-0.15055698026736844,-0.3207931801334322,-0.35588551333398455,-0.2561640045154134,-0.5442737042951362,Moderate,1.8962953453825007e-06
Bhutan,2007,-0.7687766368948417,-0.15068229523310825,-0.32053836174944406,-0.3554166259646381,-0.24705971658679804,-0.5455242802454819,Moderate,2.3177340589594863e-06
Bhutan,2008,-0.7868722839863139,-0.14845347905673636,-0.31988973313565605,-0.3552603301748559,-0.24014946899816103,-0.5429262077177051,Moderate,2.3773458939182604e-06
Bhutan,2009,-0.7378751257718791,-0.1481222895044241,-0.32090900667160865,-0.35572921754420234,-0.24423880757825447,-0.543908024143801,Moderate,2.302891950403545e-06
Bhutan,2010,-0.7503399135216593,-0.14613515219055037,-0.32056152705707935,-0.35572921754420234,-0.23203445818712518,-0.5408434475687155,Moderate,2.5032330858458235e-06
Bhutan,2011,-0.791045817397061,-0.14522214315444623,-0.3200982209043736,-0.35533847806974694,-0.24298017282965087,-0.5393432219685842,Moderate,2.0570374658540407e-06
Bhutan,2012,-0.8000130229125746,-0.1439421402901042,-0.32026037805782065,-0.3550258864901827,-0.23813663288268985,-0.539169511244854,Moderate,2.198987249945411e-06
Bhutan,2013,-0.7217546204208574,-0.142876963081316,-0.31882412898443296,-0.35455699912083616,-0.25712879457562704,-0.5369064244862206,Moderate,1.5120399594587809e-06
Bolivia,2000,-0.14533880502374363,-0.0786709452776398,0.10730170496664192,0.0872911985933379,0.26029252238729217,0.030716373170318785,Hot,1.0852910551153626e-06
Bolivia,2001,-0.13366159341536762,-0.07589611389340173,0.07883154188287618,0.10292077757155417,0.2529317129431239,0.06307600845265667,Hot,1.0170155976705063e-06
Bolivia,2002,-0.10600340766212368,-0.06101048617731175,0.11029002965159376,0.1714564813910325,0.312964182781191,0.0920011087504308,Hot,1.0770488094593008e-06
Bolivia,2003,-0.13152831630794232,-0.0559262789958691,0.11360266864343958,0.12980365341408612,0.8649416350987684,0.08803812859517203,Hot,2.0459755451546213e-06
Bolivia,2004,-0.1085893860161825,-0.05531760630513301,0.13185693106004448,0.25147992575949984,0.5273042933157679,0.08683655031439841,Hot,1.4598675652375448e-06
Bolivia,2005,-0.12341690219017502,-0.04380653159503576,0.14654373610081542,0.25601250366318257,0.39160681621728827,0.011382242652587509,Hot,1.379854393671503e-06
Bolivia,2006,-0.11610546698769197,-0.04352009738763054,0.13296886582653814,0.23624108625573895,0.3169702653662406,-0.12164995522552643,Hot,1.5935310144481045e-06
Bolivia,2007,-0.14145673679918536,-0.04019925079552627,0.13382598220904368,0.25390251050112334,0.292708488928177,-0.14076828382276296,Hot,1.598964047845097e-06
Bolivia,2008,-0.13701654375000977,-0.037621342928879295,0.14026593773165308,0.21834521832568132,0.33132457839408974,-0.20877157721589848,Hot,2.016655953089605e-06
Bolivia,2009,-0.12292699262190021,-0.03220594619512438,0.14872127501853222,0.20412230145550453,0.3229646970093957,-0.15337637795639825,Hot,1.7295301285285392e-06
Bolivia,2010,-0.11786045949176534,-0.021679489072982564,0.19139177168272797,0.4392693171827684,0.3376716236633128,-0.16340598652560695,Hot,1.812822214001492e-06
Bolivia,2011,-0.10974904537399777,-0.010562261398067494,0.1833534099332839,0.2760183647552994,0.3163727811665144,-0.20602340416369594,Hot,1.9548987043874897e-06
Bolivia,2012,-0.10589798408414042,0.003079167729606087,0.1988046701260193,0.2740646673830223,0.31731308416936227,-0.20173520191354877,Hot,1.935418939845716e-06
Bolivia,2013,-0.17780616634910398,0.004896234732832942,0.21138343217197925,0.2623424831493601,0.32783272401372254,-0.20005947396805374,Hot,1.959190167738254e-06
Bosnia And Herzegovina,2000,-0.8098112142780735,-0.031588322435406865,-0.2552353595255745,-0.28969424636123864,-0.23509534035785384,-0.2561715721952314,Moderate,2.652815300885049e-07
Bosnia And Herzegovina,2001,-0.8669197866102758,-0.03551784171824722,-0.2554670126019274,-0.2945394158444857,-0.23989480360155635,-0.29866616681349556,Moderate,2.858730824855016e-07
Bosnia And Herzegovina,2002,-0.8313734366691112,-0.02737236894516129,-0.25648628613787994,-0.29500830321383215,-0.22520746659353197,-0.2599398889106808,Moderate,3.046571799263229e-07
Bosnia And Herzegovina,2003,-0.8583990809544556,-0.025716421183599864,-0.2471969977761305,-0.29750903585034677,-0.22443857299224496,-0.27986049224364257,Moderate,3.281442642171979e-07
Bosnia And Herzegovina,2004,-0.8953717498918637,-0.015834441028119803,-0.24532060785767235,-0.28328611898017,-0.2211475124822775,-0.2839879166735786,Moderate,3.458252833062251e-07
Bosnia And Herzegovina,2005,-0.9471843377771441,-0.01060701674297455,-0.24247127501853227,-0.28148871739767506,-0.21742058235119824,-0.38263093997100184,Moderate,5.443868759825051e-07
Bosnia And Herzegovina,2006,-0.889945536319198,0.0013963667611004338,-0.23533636026686436,-0.28156686529256614,-0.2105593088772929,-0.3858671079083688,Moderate,5.954023178468574e-07
Bosnia And Herzegovina,2007,-0.8207008497450458,0.0021751097624833717,-0.2384868421052632,-0.2845364852984273,-0.2051378743764983,-0.3865672602677044,Moderate,6.307179114302673e-07
Bosnia And Herzegovina,2008,-0.8166141357514609,0.02438271190536927,-0.23329781319495926,-0.2740646673830223,-0.19372200823254868,-0.37802841237923607,Moderate,6.702665175366129e-07
Bosnia And Herzegovina,2009,-0.8311997978347858,0.029592234052551705,-0.2338537805782061,-0.2648432157858748,-0.18726721991091608,-0.3787490599348605,Moderate,7.105809444555092e-07
Bosnia And Herzegovina,2010,-0.8750498048888634,0.0350434350622323,-0.23447924388435878,-0.26695320894793395,-0.18628284020480973,-0.3713022770152202,Moderate,6.903171792726941e-07
Bosnia And Herzegovina,2011,-0.8401980102850004,0.05848628472455322,-0.22896590066716088,-0.2562469473478558,-0.17131145333134173,-0.33972673405584564,Moderate,6.714662144078388e-07
Bosnia And Herzegovina,2012,-0.8186729962156037,0.04392289549179411,-0.23234803558191255,-0.2506202989156979,-0.1761256088094637,-0.2889928263411512,Moderate,5.33427318616886e-07
Bosnia And Herzegovina,2013,-0.7553816411040332,0.040906385245057866,-0.23392327650111194,-0.25601250366318257,-0.1799308975241136,-0.22598729405321155,Moderate,4.2486693481432987e-07
Botswana,2000,-0.08616517084045854,-0.12041873100695052,-0.1955151964418088,-0.034228777962293615,-0.2323919692246663,0.033165392772604656,Hot,1.444540328805687e-07
Botswana,2001,-0.050581612577653055,-0.11980110724723303,-0.15956263899184583,0.06173683696395428,-0.21568200127822437,0.04271505151050672,Hot,1.7349660053519625e-07
Botswana,2002,-0.0033146413195309014,-0.11865537041761215,-0.1591456634544107,0.0909641496532187,-0.22218086630311545,0.06872571960374034,Hot,1.5482732001034392e-07
Botswana,2003,0.027158974104558534,-0.11999803076482411,-0.2566947739065975,-0.2160007814789489,-0.2578095347703971,0.1846323788388927,Hot,7.70007511784871e-08
Botswana,2004,-0.050910286085482884,-0.11937145593612519,-0.25083395107487033,-0.20826413988473186,-0.25973911489082446,0.14446997541274958,Hot,7.819092317987389e-08
Botswana,2005,0.025199335831458475,-0.11757229107086116,-0.2342939214232765,-0.1580150434697665,-0.2533577877412893,0.11692634477735542,Hot,9.19617574164986e-08
Botswana,2006,-0.09125030813141378,-0.11724110151854888,-0.2078159747961453,-0.07666308488815081,-0.24007600782606353,0.14822057007132827,Hot,1.0922469150844046e-07
Botswana,2007,-0.04686078041353923,-0.11639074996531464,-0.231004447739066,-0.14308879554556997,-0.23094723284008234,0.12968839131415663,Hot,1.270712201261024e-07
Botswana,2008,-0.053508667213422484,-0.11392920599542602,-0.11758710155670869,0.20130897723942556,-0.1842357222090264,0.1621702061050348,Hot,1.9475523430343558e-07
Botswana,2009,-0.06626492014939128,-0.11972949869538171,-0.2363787991104522,-0.1736446224479828,-0.24328381234098717,0.18359324623252232,Hot,9.924942215374201e-08
Botswana,2010,-0.02232809367815128,-0.113624869650058,-0.07975815418828766,0.30469864218032633,-0.17096373711674692,0.21525489332736683,Hot,2.0111481945794118e-07
Botswana,2011,-0.08000719360885089,-0.11817201269261585,-0.01658636026686437,0.5058513236299698,-0.15774562355067226,0.15013035642903436,Hot,2.402263360494425e-07
Botswana,2012,-0.04689178734824068,-0.1087912924000949,-0.1853456263899185,-0.02969620005861091,-0.21836578276551924,0.08715910891352767,Hot,1.5718610152359954e-07
Botswana,2013,-0.08963174614002435,-0.10354596597698683,-0.20461916234247596,-0.06533164012894402,-0.20529948895511277,0.11492142816631307,Hot,1.727695015353235e-07
Brazil,2000,0.16120815420368764,2.8907656296853252,9.323387694588584,9.272794764091042,13.520935209694915,-0.2730051897857943,Hot,5.283291608040537e-05
Brazil,2001,0.18412227894768668,2.94431987540112,9.608436805040771,9.576790075217348,13.322942658657766,-0.22193088144803366,Hot,4.4568145931356176e-05
Brazil,2002,0.2061434039722982,2.9586326347023997,10.094282802075611,9.976438409690337,14.29145964900252,-0.25498523914772786,Hot,5.26472856082709e-05
Brazil,2003,0.19279801927701118,2.9307052994803904,10.57959599703484,10.370460095731172,18.530854916633814,-0.1751421787399193,Hot,5.440916082001016e-05
Brazil,2004,0.18353314718836872,3.0809847966093358,11.122891957005189,11.034951645990038,15.920446448029892,-0.23678500285331386,Hot,5.538311927552446e-05
Brazil,2005,0.2065650982842313,3.1072740862077453,11.185322461082283,11.036749047572531,14.663231948753486,-0.27097859855756057,Hot,5.681708626013352e-05
Brazil,2006,0.18505868837565514,3.1475538966241046,11.083348776871757,10.806759792908078,13.49825039975121,-0.22850508496057834,Hot,4.5994920657790713e-05
Brazil,2007,0.19629560151127817,3.3418099956587315,11.042485174203113,11.8063495164599,13.139059550074808,-0.16021909266420167,Hot,3.744388984366819e-05
Brazil,2008,0.1771209130922128,3.539315332733612,10.964533914010378,11.252749829051481,12.505442248499556,-0.12646140027312205,Hot,3.3001303944842464e-05
Brazil,2009,0.19127867947666488,3.334667042611564,10.934488510007412,10.907023542053336,11.604210794384628,-0.20041021297285283,Hot,3.671801447934624e-05
Brazil,2010,0.20704260507862587,3.7866423197590375,11.421261119347664,12.316889713783336,11.554296376650122,-0.16914966280307267,Hot,3.375592453084305e-05
Brazil,2011,0.17850382237987492,3.98036135465478,11.36093865826538,12.131757350786364,11.342982866405963,-0.17264699274754705,Hot,3.344196978253412e-05
Brazil,2012,0.19994821841904922,4.298634514426886,11.397655670867309,12.260545081566866,11.951011193033922,0.0012298841215121316,Hot,2.4591001991321224e-05
Brazil,2013,0.17249157774136178,4.603874917762054,11.388551704966641,12.225691120445443,12.27206100215731,0.0280074675794232,Hot,2.411656269337144e-05
Bulgaria,2000,-0.8277642294699213,0.25302881796658566,-0.07848406226834696,-0.09698153755983198,-0.04005103102755037,-0.3244795893672554,Moderate,1.234806507316711e-06
Bulgaria,2001,-0.8488241395188038,0.28454553185014125,-0.085711638250556,-0.0809612191071603,-0.030887974161257076,-0.274169145430314,Moderate,1.064241911278778e-06
Bulgaria,2002,-0.8446195991733552,0.2587754042526529,-0.0944449592290586,-0.05017094852007427,-0.04219119984132388,-0.1990985824075266,Moderate,8.176461379446279e-07
Bulgaria,2003,-0.8987453043873265,0.2977125543217999,-0.09147979985174207,-0.042043567451401795,-0.01607330445493033,-0.20596415750628985,Moderate,9.145200297720948e-07
Bulgaria,2004,-0.8772637000265111,0.2891732345135318,-0.0920357672349889,-0.05267168115658887,-0.0380675793809182,-0.20787828281469745,Moderate,8.501057900186797e-07
Bulgaria,2005,-0.9115015573232957,0.29868822084077395,-0.0969468124536694,-0.08025788805314057,-0.029903594455150735,-0.2007951424780924,Moderate,8.592543102058743e-07
Bulgaria,2006,-0.8864975651804528,0.309760693170782,-0.09727112676056342,-0.12550551919507666,-0.028512729596771605,-0.19618701290646942,Moderate,8.530734063784777e-07
Bulgaria,2007,-0.7974642528801569,0.34406118950755693,-0.09715530022238697,-0.10143596756862362,-0.0053920500319556055,-0.1468407434302415,Moderate,8.173957565358209e-07
Bulgaria,2008,-0.8217426827509975,0.3293545831710952,-0.1022053372868792,-0.08932304386050599,-0.007684038601397209,-0.07849984495865471,Moderate,6.998160114853694e-07
Bulgaria,2009,-0.8287192430587103,0.25527553628092037,-0.10785767234988883,-0.08682231122399138,-0.04122640978111019,-0.04465066369757345,Moderate,5.821591676289843e-07
Bulgaria,2010,-0.8382197678510801,0.27376844479651985,-0.11198109710896964,-0.08791638175246654,-0.02445277548551714,-0.0954923543056366,Moderate,6.841507123065521e-07
Bulgaria,2011,-0.891688126049391,0.3212449146739349,-0.10690789473684212,-0.04227801113607505,0.017963705283572398,-0.10657899921870741,Moderate,8.049188874167048e-07
Bulgaria,2012,-0.8187784197935871,0.2778948875969513,-0.12180318754633064,-0.10698446810589038,-0.005847509298960012,-0.07856742997946908,Moderate,7.041856925232576e-07
Bulgaria,2013,-0.7157640806366345,0.22692750081678503,-0.1286601186063751,-0.0834619517436749,-0.049811572093569935,-0.05115030685596738,Moderate,5.704271872907279e-07
Burkina Faso,2000,0.4138464567600547,-0.14590242439703363,-0.07591271312083027,0.10456188336426687,-0.13395889602550573,-0.3289853952560498,Hot,8.173052421580064e-07
Burkina Faso,2001,0.42432059930203403,-0.1447119322225057,-0.0625463306152706,0.07025495750708215,-0.13216644342632702,-0.28320315894463205,Hot,6.966710803502102e-07
Burkina Faso,2002,0.44262709354947233,-0.14468507901556146,-0.05365085248332099,0.09479339650288171,-0.12936022665220298,-0.21098810501136486,Hot,5.678045438608947e-07
Burkina Faso,2003,0.4355823179854176,-0.1436378039447361,-0.002247034840622714,0.1858356940509915,-0.10901148198119884,-0.21972244975624042,Hot,6.478366507040889e-07
Burkina Faso,2004,0.443445676625577,-0.14432703625630494,0.007899369903632304,0.2038878577708313,-0.10714556820992265,-0.23591770704539322,Hot,6.850235279209135e-07
Burkina Faso,2005,0.46198782357674295,-0.14435388946324917,0.01732765011119346,0.2253003809709876,-0.09665531283440136,-0.20835159685066235,Hot,6.667168212982484e-07
Burkina Faso,2006,0.4383171296260408,-0.1433424186683495,0.017767790956263886,0.2096708019927713,-0.05536523670414002,-0.20234224740734363,Hot,7.839247541725997e-07
Burkina Faso,2007,0.44300537815282404,-0.13977094214476565,0.02629262416604892,0.22287779622936407,-0.07495488259680345,-0.1554838027669909,Hot,6.426744906275785e-07
Burkina Faso,2008,0.4062683619191429,-0.13796282621052022,0.03921886582653813,0.23374035361922435,-0.07322119893530274,-0.09493748172321163,Hot,5.659891645494515e-07
Burkina Faso,2009,0.4504284383202302,-0.13780170696885477,0.05209877687175683,0.24733808733027254,-0.07512629199836424,-0.04945189367710141,Hot,5.129233283274939e-07
Burkina Faso,2010,0.46573966267555766,-0.13646799769062423,0.06731838398813933,0.27328318843411153,-0.05716258671479188,-0.09917222557091429,Hot,6.100059021501707e-07
Burkina Faso,2011,0.4487664666202593,-0.13500002237767247,0.07440696812453669,0.272814301064765,-0.061482103634124194,-0.10987154197775235,Hot,6.132736764276875e-07
Burkina Faso,2012,0.4167176989133619,-0.1308556774392782,0.07683932542624167,0.2752368858063886,-0.05220150889247487,-0.08508489457170776,Hot,6.042077140245653e-07
Burkina Faso,2013,0.47293947291311705,-0.12909231684993983,0.08735637509266125,0.2975090358503468,-0.05441024146687268,-0.07529016728101277,Hot,5.872851301672194e-07
Burundi,2000,-0.18115801599027648,-0.15181012992476628,-0.2936202742772424,-0.30946566376868223,-0.27807012603488424,0.7140732555937278,Hot,2.7216999226876324e-08
Burundi,2001,-0.18752063899091054,-0.15240090047753957,-0.29297164566345446,-0.30923122008400894,-0.27726695055328504,0.783578968991672,Hot,2.65098874287978e-08
Burundi,2002,-0.16969785292480688,-0.15232929192568825,-0.29262416604892516,-0.31016899482270194,-0.28050903694852086,0.8750627737171607,Hot,2.2251290867033293e-08
Burundi,2003,-0.15619123216907488,-0.15272313896087042,-0.2913500741289845,-0.3098564032431376,-0.28011724403066757,0.87288098968869,Hot,2.259794740334592e-08
Burundi,2004,-0.15402694812694864,-0.15246355796040945,-0.28961267605633806,-0.3079027058708606,-0.2851126037332967,0.9209652022245259,Hot,1.8007686201795906e-08
Burundi,2005,-0.11817673022571518,-0.15282160071966597,-0.28734247590808004,-0.30548012112923706,-0.28364827770282014,0.8525543655625215,Hot,2.0057000550443973e-08
Burundi,2006,-0.14614498532596829,-0.152562019719205,-0.2852344329132691,-0.30290124059783136,-0.2809547013925789,0.8859959878994571,Hot,2.1731891896228334e-08
Burundi,2007,-0.18226806425257017,-0.152562019719205,-0.2833812083024463,-0.3019634658591384,-0.2801662181453992,0.9230975953864016,Hot,2.18032175350279e-08
Burundi,2008,-0.1832354806152398,-0.15242775368448377,-0.2804392142327651,-0.2990719937481684,-0.2794658883047365,0.9000253987423505,Hot,2.269345963746324e-08
Burundi,2009,-0.16862501298415397,-0.152302438718744,-0.2782848406226835,-0.2954771905831786,-0.2785108930674692,0.9019905287721849,Hot,2.3411569995405137e-08
Burundi,2010,-0.14596514510470265,-0.1512551636479187,-0.2758293180133432,-0.29031942952036727,-0.2755675487720965,0.9384719375535008,Hot,2.5098373287560347e-08
Burundi,2011,-0.18487264676744963,-0.1505301270604242,-0.273860266864344,-0.2863338868809221,-0.27144392831169084,0.973922503651252,Hot,2.7605473724425282e-08
Burundi,2012,-0.1693691794169768,-0.1507270505780153,-0.2740919199406968,-0.2846146331933183,-0.27421096579402954,0.9702533064486049,Hot,2.559858449879357e-08
Burundi,2013,-0.16129497362085052,-0.15033320354283314,-0.25599981467753896,-0.2729705968545472,-0.26945068184211235,1.0115147344081914,Hot,2.8405905465262508e-08
Cambodia,2000,0.2996727218042318,-0.13636058486284727,0.04392142327650113,-0.1019830028328612,0.006391121972481478,0.5416522293294592,Hot,3.261521760692187e-07
Cambodia,2001,0.3137126618368198,-0.13423023044527096,0.046562268346923605,-0.08330565595389272,0.0053920500319556055,0.6106618735765423,Hot,3.0621275763654254e-07
Cambodia,2002,0.3367508143196228,-0.13495526703276542,0.05195978502594511,-0.08189899384585328,0.0002252809277656264,0.6851091447853844,Hot,2.8339399124342565e-07
Cambodia,2003,0.3177001536393616,-0.1340691112036055,0.08175037064492216,-0.06494090065448861,0.025363694019525988,0.6850036409259425,Hot,3.065036299207261e-07
Cambodia,2004,0.30877015644548916,-0.1341944261693453,0.07436063750926607,-0.041652827976946395,0.032269044196689835,0.7288795558575155,Hot,3.023273019752432e-07
Cambodia,2005,0.3244410612433471,-0.1344629582387877,0.10405856189770195,-0.07572531014945784,-0.03169604705432944,0.6561550303250103,Hot,2.600511684002981e-07
Cambodia,2006,0.32622085929518124,-0.12875217622864613,0.12745552260934023,-0.033603594803164966,-0.06086013237703212,0.681860721375549,Hot,2.2788764878307082e-07
Cambodia,2007,0.3134149952636904,-0.12300558994257892,0.13570237212750186,-0.0250854742600371,-0.0659240558402856,0.7033052449670302,Hot,2.194842170710474e-07
Cambodia,2008,0.2877598574921279,-0.11900446210788726,0.1408682357301705,-0.02868027742502686,-0.06996442030564745,0.6788449894340335,Hot,2.2003327233733278e-07
Cambodia,2009,0.3142273769528554,-0.11324892475283863,0.1525667160859896,-0.009924782651167316,-0.027067993212187703,0.6688684871369868,Hot,2.6170097942545774e-07
Cambodia,2010,0.3605517373960687,-0.10888080308990904,0.15729243884358782,-0.023522516362215504,-0.002864985711802031,0.6873806797779735,Hot,2.800519073528047e-07
Cambodia,2011,0.2956790286147499,-0.10705478501770076,0.176218495181616,-0.003204063690534365,0.04446849617634598,0.7087102028830141,Hot,3.18069758682205e-07
Cambodia,2012,0.3554169890095919,-0.10436051325429542,0.16384822090437362,-0.019771417407443596,0.06801035312785428,0.6960772344999224,Hot,3.426596275446606e-07
Cambodia,2013,0.38915563465769115,-0.1038771555292991,0.16053558191252779,-0.02539806583960146,0.08335884068475607,0.7231369950752389,Hot,3.492049478042519e-07
Cameroon,2000,0.11778604284848299,-0.10420834508161139,0.14068291326908822,0.1422291687017681,0.01954556918940494,0.025049778710831923,Hot,6.31740880440984e-07
Cameroon,2001,0.1206820905495515,-0.10445002394410954,0.12810415122312818,0.115268144964345,-0.0037710068343376913,0.07213804122539394,Hot,5.442010618079801e-07
Cameroon,2002,0.14288305579542865,-0.10633869949918773,0.11216641957005187,0.09666894598026766,0.012654911246660593,0.125334475869761,Hot,5.300529480994819e-07
Cameroon,2003,0.14750308906586934,-0.10317002107976747,0.13109247590808004,0.15918726189313273,0.02960974976676081,0.1290879658469828,Hot,5.550758018056888e-07
Cameroon,2004,0.15929812702610915,-0.10323267856263736,0.10125555967383244,0.09502784018755496,0.008511701140362258,0.12974702543049954,Hot,5.199419176184689e-07
Cameroon,2005,0.16651654142448918,-0.10568527146354456,0.12196534469977763,0.1635635440070333,0.002864985711802031,0.14152051220091863,Hot,5.022998497477822e-07
Cameroon,2006,0.1684203672151278,-0.10513030518669694,0.09388899184581165,0.10721891179056363,0.0009011237110625404,0.23597341741401773,Hot,4.4108145294060473e-07
Cameroon,2007,0.16220037611411806,-0.08791739953543955,0.08334877687175683,0.09080785386343654,0.032479632890036,0.26436554691823705,Hot,4.6969542561660563e-07
Cameroon,2008,0.15559589902281626,-0.08870509360580389,0.0896265752409192,0.08322750805900168,0.13220072530663918,0.25909862758973284,Hot,6.10932567811909e-07
Cameroon,2009,0.176897663162366,-0.07765947448274012,0.0925454040029651,0.0696297743479535,0.23699553600944218,0.3170657978899906,Hot,7.071664620686869e-07
Cameroon,2010,0.18117041876415646,-0.07919905834754318,0.078738880652335,0.08924489596561495,0.10247833507599556,0.3208160902769398,Hot,5.305192259586347e-07
Cameroon,2011,0.13740102974030133,-0.08168745552437602,0.07111749444032618,0.08135195858161573,0.05195174090734344,0.32118374333347516,Hot,4.650879179228196e-07
Cameroon,2012,0.13743203667500223,-0.08614508787711975,0.0843448851000741,0.07556901435967565,0.000881534065169853,0.35056475200575543,Hot,3.865170821109065e-07
Cameroon,2013,0.16947770368843,-0.08394312490769212,0.10797349888806518,0.08744749438312004,0.03046189936309163,0.3537156807049697,Hot,4.220506369640704e-07
Canada,2000,-2.01342600272551,4.91815590076845,2.4744023350630098,2.668359871055973,4.390245335827748,0.2541405771716862,Cold,6.554133151657712e-06
Canada,2001,-1.9445285938200083,4.84924162068055,2.4820932171979244,2.586304581420338,4.3333912860357655,0.302085828479711,Cold,6.121357956190395e-06
Canada,2002,-2.038498210124695,4.896458509557504,2.538408080059303,2.6445247631141937,4.28276674363765,0.33747009158767954,Cold,5.820109437992421e-06
Canada,2003,-2.001041833005952,5.048035911688754,2.5175593031875465,2.703135684282505,4.337294522979879,0.29788352310278354,Cold,6.155960522764331e-06
Canada,2004,-2.080190134523587,5.004139869403904,2.603016123054114,2.6503077073361334,4.338288697508931,0.30511779863012906,Cold,6.10673441840868e-06
Canada,2005,-1.9600568667182419,4.951418073103381,2.583302446256486,2.7315033701279674,4.281106521148247,0.3149925433868002,Cold,5.964750439017855e-06
Canada,2006,-1.8969081435062956,4.914888760590235,2.66597942920682,2.5274592165673537,4.1503309425802986,0.3859222856005305,Cold,5.367570833436266e-06
Canada,2007,-2.0160305852403897,5.126500982379821,2.6253706449221643,2.805040539220475,4.134233151068003,0.43046685878552743,Cold,5.111529942767256e-06
Canada,2008,-2.0334688853162013,4.985593254474416,2.549434766493699,2.709231220084009,4.021837557758846,0.4407595614271915,Cold,4.931784799748259e-06
Canada,2009,-2.021549819617158,4.689456088293345,2.392675129725723,2.5849760672071898,3.6032606965588334,0.48352984110111086,Cold,4.275249842119309e-06
Canada,2010,-1.8543232193880164,4.807404324261426,2.4109988880652335,2.6646869199960923,3.591526498669128,0.5196090566342151,Cold,4.122082132722901e-06
Canada,2011,-1.9785369998000057,4.883712187327972,2.427816901408451,2.8446615219302527,3.858709678999165,0.5395242561740474,Cold,4.325865709179974e-06
Canada,2012,-1.9502400711919226,4.8742061520697115,2.49592290585619,2.984624401680179,3.8926095612164184,0.542972093209018,Cold,4.347621712772847e-06
Canada,2013,-1.8359237043364753,4.935252442522949,2.5111425129725724,2.966806681645013,3.9240852247544558,0.5819259211830746,Cold,4.232863470485963e-06
Cape Verde,2000,0.12544475571961677,-0.15157740213124954,-0.33971923647146035,-0.36221549282016213,-0.3053487079404181,-0.2276327306264467,Hot,1.0106288740273072e-08
Cape Verde,2001,0.1678374368427497,-0.1511208976131975,-0.33974240177909565,-0.3626843801895086,-0.30516750371591095,-0.2703886271850346,Hot,1.220573302590176e-08
Cape Verde,2002,0.1543742257955994,-0.15078970806088518,-0.3396265752409192,-0.3626843801895086,-0.3050891451323403,-0.3100950506534862,Hot,1.4368270953657665e-08
Cape Verde,2003,0.1336119823198458,-0.1505301270604242,-0.34097016308376576,-0.3629969717690729,-0.30519199077327674,-0.295724429934508,Hot,1.32072790813938e-08
Cape Verde,2004,0.13861650158057856,-0.15039586102570304,-0.3407848406226835,-0.36276252808439974,-0.3051577088929646,-0.2568243053452879,Hot,1.172281691619511e-08
Cape Verde,2005,0.1564826973552634,-0.1502347417840376,-0.34073851000741295,-0.3626843801895086,-0.3051087347782329,-0.2768772011552267,Hot,1.2697770584096965e-08
Cape Verde,2006,0.15167662247661692,-0.14980509047292975,-0.3407616753150482,-0.36276252808439974,-0.30487855643899414,-0.28368663994839405,Hot,1.3904867988570892e-08
Cape Verde,2007,0.13123064973481316,-0.1497066287141342,-0.3407616753150482,-0.3629188238741819,-0.30460430139649686,-0.3386847198008382,Hot,1.8462522147070137e-08
Cape Verde,2008,0.14433418033943296,-0.15000201399052085,-0.34073851000741295,-0.3629969717690729,-0.30491773573077946,-0.3086813343541933,Hot,1.5034516565450638e-08
Cape Verde,2009,0.11675041122947165,-0.14954550947246878,-0.3405995181616012,-0.3626843801895086,-0.3046875573915407,-0.387086960548294,Hot,2.267861733686179e-08
Cape Verde,2010,0.2085309379442715,-0.14925012419608216,-0.3405300222386954,-0.3625280843997265,-0.3043300463539996,-0.37364569003449116,Hot,2.3218010763139922e-08
Cape Verde,2011,0.16956762379906282,-0.14872201112617878,-0.3405068569310601,-0.3623717886099443,-0.3041635343639119,-0.343441272853728,Hot,2.1033374910417413e-08
Cape Verde,2012,0.15428740637843652,-0.14974243299005988,-0.3404836916234248,-0.3625280843997265,-0.30468265998006755,-0.34602992549939565,Hot,1.865742705200806e-08
Cape Verde,2013,0.11164666977769573,-0.14980509047292975,-0.3404605263157895,-0.36244993650483537,-0.3048001978554235,-0.3100550303775676,Hot,1.5623677672428922e-08
Central African Republic,2000,0.19222749167851386,-0.1531169859960526,-0.05154280948851004,0.6062713685650093,-0.13748503228618514,0.40348857042576103,Hot,2.0205247998697177e-07
Central African Republic,2001,0.19943350330301338,-0.15295586675438716,-0.0971321349147517,0.4852984272736154,-0.15618334929073235,0.0711133666074176,Hot,2.723472509903545e-07
Central African Republic,2002,0.20756352158160185,-0.1531885945479039,-0.12154836916234252,0.3135293543030185,-0.17852534043131504,0.08184450746919494,Hot,2.2858058871017946e-07
Central African Republic,2003,0.22210577395634493,-0.15321544775484813,-0.058075426241660524,0.5902510501123376,-0.14799977471907222,-0.3810765475671539,Hot,9.521735110499164e-07
Central African Republic,2004,0.23142025714050948,-0.1531169859960526,-0.09168828762045961,0.41965419556510686,-0.16815752034262288,-0.40617430678565775,Hot,9.554126117764022e-07
Central African Republic,2005,0.24572065542458535,-0.15309013278910835,-0.0774647887323944,0.5041320699423659,-0.16060571185100114,-0.41540841969429826,Hot,1.0646969175294317e-06
Central African Republic,2006,0.236263540340797,-0.15299167103031283,-0.0725537435137139,0.5004591188824851,-0.16031186716261117,-0.40592835994915133,Hot,1.007408050531913e-06
Central African Republic,2007,0.22604985605030584,-0.15285740499559164,-0.05883988139362493,0.509915014164306,-0.15559565991395247,-0.3978958767681539,Hot,9.926575628209666e-07
Central African Republic,2008,0.21867020559148057,-0.15289320927151728,-0.042601000741289856,0.5725114779720621,-0.11952132700261277,-0.3793378844449219,Hot,1.1113347584059771e-06
Central African Republic,2009,0.25902263041129175,-0.15285740499559164,-0.09592753891771687,0.3336915111849174,-0.1662328376336687,-0.37452758336696806,Hot,8.165219806426034e-07
Central African Republic,2010,0.24554701659026065,-0.15272313896087042,-0.06928743513713866,0.45114779720621273,-0.16231490845513602,-0.37223863879910085,Hot,8.296085565468835e-07
Central African Republic,2011,0.19411891469527168,-0.15285740499559164,-0.05328020756115643,0.5092116831102862,-0.15606091400390323,-0.3591907492009261,Hot,8.131037144930146e-07
Central African Republic,2012,0.1941747271777334,-0.15259782399513064,-0.08967290585618978,0.35955846439386546,-0.17499430675916244,-0.3556068403009762,Hot,7.004710793248719e-07
Central African Republic,2013,0.23669453673314045,-0.15331390951364368,-0.07563472942920683,0.40191462342483153,-0.16334336486450082,-0.34904966740391324,Hot,7.396616889229817e-07
Chad,2000,0.3287448237798382,-0.14986774795579966,0.21754540400296513,0.6113509817329296,-0.059635779508740654,0.18291214101310002,Hot,3.79547104557037e-07
Chad,2001,0.3426917430083237,-0.1497066287141342,0.18295959970348405,0.4623229461756374,-0.08534229233138825,0.23329612816498055,Hot,3.191414024881801e-07
Chad,2002,0.352930232846576,-0.1494828519895989,0.22310507783543365,0.5274201426199082,-0.06060546698042749,0.2860430440566292,Hot,3.328462988400409e-07
Chad,2003,0.36076258455203525,-0.14634102677712288,0.25597664936990366,0.5774347953502001,-0.012277810563226795,0.38193015741871134,Hot,3.579559581771014e-07
Chad,2004,0.3711313035160313,-0.146126201121569,0.32097850259451444,0.6141643059490085,-0.004858232181380518,0.3894629862770322,Hot,3.6406278472344426e-07
Chad,2005,0.3855557295389116,-0.14592032653499648,0.35839047442550037,0.6741037413304678,-0.019849208700741208,0.41336546925775525,Hot,3.377225823799025e-07
Chad,2006,0.3734072125230807,-0.1456696966035169,0.37740919199406964,0.6961414476897528,-0.027067993212187703,0.42195622408805494,Hot,3.264393440811746e-07
Chad,2007,0.3594292863598945,-0.1444881554979704,0.410234432913269,0.7591286509719645,-0.022508503130670265,0.378475393491007,Hot,3.468392071403316e-07
Chad,2008,0.34769626226905653,-0.14643053746693702,0.43407153446997776,0.7775715541662596,0.009946642701999886,0.4080940482998044,Hot,3.745926518857485e-07
Chad,2009,0.3939648102298081,-0.14331556546140525,0.4592522238695329,0.7828856110188532,0.060341006760876524,0.41369227883173737,Hot,4.314387344619653e-07
Chad,2010,0.42166640569163294,-0.14317234835770265,0.5060229799851742,0.8690045911888248,0.06924939823056524,0.468919330492783,Hot,4.185122508755758e-07
Chad,2011,0.3538232325659632,-0.14280535452946472,0.5458209785025945,0.9308977239425612,0.12951204640787115,0.4548541675923171,Hot,4.919176564667643e-07
Chad,2012,0.34759704007801334,-0.13859835210820054,0.5899277242401779,1.0013089772394255,0.17986233376348928,0.5011382303393359,Hot,5.249146160794211e-07
Chad,2013,0.3963275386540201,-0.13559974399942715,0.6270385470719051,1.0350688678323727,0.1852298967380791,0.5286187984570647,Hot,5.174849563655811e-07
Chile,2000,-1.0021038205194595,0.3694285190008817,0.19514455151964416,0.18950864511087231,0.20215535078934033,0.6458567224136119,Cold,4.838803968565944e-07
Chile,2001,-0.9830841667738991,0.3194367987396895,0.19706727205337282,0.19302530038097096,0.1869782726339993,0.6215546913592246,Cold,4.790221288435904e-07
Chile,2002,-0.9888328524674548,0.3366049490460398,0.1895385470719051,0.18231903878089284,0.1759199175275908,0.6298482294561609,Cold,4.651080824385298e-07
Chile,2003,-0.9638288603246118,0.33896803125713293,0.1848823202372127,0.19013382827000094,0.20732211989353025,0.6036555948063237,Moderate,5.062603395031385e-07
Chile,2004,-0.9543469396930626,0.37585538652953626,0.1989204966641957,0.2291296278206506,0.21729814706436915,0.5911756797824262,Moderate,5.215705706199096e-07
Chile,2005,-0.9777137656836955,0.39281766224931414,0.1907199777613047,0.2150630067402559,0.2303007745256245,0.6356362950796379,Cold,5.148618743785298e-07
Chile,2006,-0.9567158695042149,0.4190621965028174,0.18585526315789475,0.2196737325388297,0.22897357601639654,0.7514682527795389,Moderate,4.687841579234453e-07
Chile,2007,-1.0076230548962277,0.4765370104324709,0.18302909562638991,0.25147992575949984,0.27867250764608364,0.6881037924724629,Cold,5.378084697696828e-07
Chile,2008,-0.957571660901961,0.47725309595098403,0.20549944403261672,0.28250464003125914,0.3066808038611192,0.80261462609975,Moderate,5.16669900089154e-07
Chile,2009,-0.9700798583603226,0.43617664039527915,0.18509080800593028,0.19943342776203962,0.265571931955365,0.7719310857543581,Cold,4.931114625578603e-07
Chile,2010,-0.9910343448312217,0.4843960489981516,0.13343217197924384,0.2327244309856403,0.2919151082695241,0.8579071207880766,Cold,4.848239167776965e-07
Chile,2011,-0.9672644286894767,0.5445830368291733,0.16164751667902144,0.2610921168311028,0.31629931999441696,0.6947038415990077,Moderate,5.693064068388438e-07
Chile,2012,-0.9493796287539712,0.5584571937503636,0.1768207931801334,0.29633681742698054,0.33726513851104006,0.6161062360509488,Moderate,6.272029790426921e-07
Chile,2013,-0.9787897063178181,0.5773618514391082,0.16579410674573758,0.28992869004591193,0.3333472093325073,0.7042521470063027,Cold,5.804816288288918e-07
China,2000,-1.1751969327940197,32.461758795544156,21.664056708673094,28.72583764774836,25.560217347121178,0.4210391662246594,Cold,3.0044919270782098e-05
China,2001,-1.1485309689512062,33.18056543902755,21.832954966641957,28.644407541271857,25.560922574373315,0.4874525266160541,Cold,2.8169664016196477e-05
China,2002,-1.133703452777214,36.528864959697806,21.936202742772423,29.99034873498095,27.11804965485492,0.4881104133017004,Cold,2.984679275350706e-05
China,2003,-1.1540688074887953,43.126429373827975,22.993814862861377,30.798085376575166,30.903787902903915,0.4665292626501361,Cold,3.46696372252464e-05
China,2004,-1.139873832782702,46.489435500834695,24.430202928094886,32.32173488326658,33.19279884616986,0.5308964763306664,Cold,3.504861450740118e-05
China,2005,-1.1621430132849215,52.49587131943233,25.601047071905114,33.65798573800918,36.67462332784007,0.5963417951811071,Cold,3.65316636528373e-05
China,2006,-1.122367317450548,57.90405349158824,26.57454595997035,34.63600664257106,39.92668085283523,0.6397587488457676,Cold,3.832490131024629e-05
China,2007,-1.1090653424638424,62.27645376549095,26.902080244625648,35.47594021686041,42.307562337926285,0.4386599636310227,Cold,4.86365974940325e-05
China,2008,-1.1507882737974349,66.91078917099675,27.062083024462567,35.76579075901143,44.96573036321652,0.49819621189225527,Cold,4.880698637959436e-05
China,2009,-1.1326740225451426,70.39353374776783,27.40208024462565,34.15336524372374,46.925708716657816,0.49297627410594586,Cold,5.116851528283369e-05
China,2010,-1.152102967828755,76.91489771165922,28.410002779836915,34.59404122301455,50.17879959547381,0.5537605292639236,Cold,5.175041104826096e-05
China,2011,-1.1663413522434296,85.0613103469882,30.31055411415864,35.107238448764285,55.29013489919903,0.6803420777961185,Cold,5.1248484263466005e-05
China,2012,-1.1871780123624651,87.27363865429629,30.21949128984433,35.63043860506007,56.140785887619096,0.7733782822242709,Cold,4.844552282910261e-05
China,2013,-1.0221280989493302,88.84061279018248,30.486772609340257,35.73148383315424,56.95437326601025,0.840193281235994,Cold,4.682546929819312e-05
Colombia,2000,0.14883018587106972,0.3489305710334457,1.3440743143068938,1.0163915209534042,0.6079891473361755,0.24874754562702686,Hot,1.286615386778585e-06
Colombia,2001,0.17723873944407637,0.35118624041676183,1.3742355448480357,1.0444466152193024,0.5010443729966526,0.21183279419128584,Hot,1.189701263932352e-06
Colombia,2002,0.18905858295207748,0.34180552012424087,1.3863278354336548,1.0566376868223113,0.7265799661588868,0.2764654543764887,Hot,1.4058807211954634e-06
Colombia,2003,0.19535299069636905,0.3562704475982044,1.4084970348406227,1.115170460095731,1.3011540750136517,0.3235175339730359,Hot,2.0720266485651488e-06
Colombia,2004,0.18780590279015866,0.3320220017275563,1.4144968495181616,1.141975188043372,0.7251009478939906,0.24662006090490463,Hot,1.45479473755586e-06
Colombia,2005,0.1965064486672442,0.3851197429252989,1.4265659747961454,1.091100908469278,0.5507090227460276,0.25504932367135363,Hot,1.1970483309058934e-06
Colombia,2006,0.18205101570966323,0.4049016053742218,1.4409747961452928,1.0971964442707824,0.6719444437642484,0.17784856007626332,Hot,1.5058309404576577e-06
Colombia,2007,0.18334710558016296,0.3888254854836039,1.4892512972572278,1.2055875744847122,0.7050852272031618,0.19432295174365577,Hot,1.5234509682279117e-06
Colombia,2008,0.15803924547725073,0.4453246328942834,1.5104475537435138,1.157370323336915,0.6019849208700742,0.2549894966909903,Hot,1.2685862650779756e-06
Colombia,2009,0.1925995748949254,0.4881913022462708,1.5328020756115643,1.1383022369834912,0.6066227695351623,0.2243317026393464,Hot,1.323880997698156e-06
Colombia,2010,0.19775912882916274,0.5209522147182427,1.5935646775389176,1.1907394744554067,0.5885121419073949,0.16163843668380304,Hot,1.4079440966734704e-06
Colombia,2011,0.1649599933025021,0.5188039581627036,1.5614112305411414,1.140177786460877,1.1104537696600463,0.1476569475505385,Hot,2.270302751689985e-06
Colombia,2012,0.17496283043702698,0.5499894824939469,1.5119764640474427,1.0703917163231413,2.0284098839558347,0.227803092414218,Hot,3.366387196513148e-06
Colombia,2013,0.18970972858079702,0.6195392884795267,1.5139455151964414,1.0303799941389078,1.3115218951023435,0.1685800288148394,Hot,2.5192127347674057e-06
Comoros,2000,0.22066705218622168,-0.15331390951364368,-0.3366614158636027,-0.3645599296668946,-0.3056768345091202,-0.32008701299008196,Hot,1.2270931141459036e-08
Comoros,2001,0.25182902156067194,-0.15328705630669945,-0.33675407709414384,-0.36448178177200347,-0.3057453982697445,-0.3101216237273563,Hot,1.1512820875069838e-08
Comoros,2002,0.26994947419990506,-0.15328705630669945,-0.33659191994069687,-0.3643254859822213,-0.30572580862385185,-0.2887369934809986,Hot,1.0735223504764286e-08
Comoros,2003,0.26568912137199485,-0.15301852423725706,-0.33668458117123795,-0.3645599296668946,-0.30562296298291536,-0.28022089860871174,Hot,1.0828799995647933e-08
Comoros,2004,0.2501670498607011,-0.15289320927151728,-0.33642976278724984,-0.3645599296668946,-0.30562296298291536,-0.28112169364585,Hot,1.0861860572452297e-08
Comoros,2005,0.27176648057338054,-0.15295586675438716,-0.33642976278724984,-0.3641691901924392,-0.305701321566486,-0.26844569889009695,Hot,1.0119511918694597e-08
Comoros,2006,0.2556676800766493,-0.15272313896087042,-0.33640659747961454,-0.36424733808733023,-0.30561316815996903,-0.2862290064637972,Hot,1.1092317430077245e-08
Comoros,2007,0.2659929893320639,-0.15328705630669945,-0.336360266864344,-0.3643254859822213,-0.30593639731719796,-0.27229871921769105,Hot,9.3518396511129e-09
Comoros,2008,0.23501086017887898,-0.1532512520307738,-0.33624444032616757,-0.3641691901924392,-0.3058923206139395,-0.25815431214250856,Hot,9.096424793209423e-09
Comoros,2009,0.26514960070819843,-0.15301852423725706,-0.33612861378799114,-0.3641691901924392,-0.30576009050416403,-0.3708130778649098,Hot,1.4832441135851196e-08
Comoros,2010,0.2795554225702576,-0.1527947475127217,-0.33612861378799114,-0.3640910422975481,-0.3056082707484959,-0.3595228697140955,Hot,1.4871106927084448e-08
Comoros,2011,0.2547870831311423,-0.15295586675438716,-0.3359896219421794,-0.36401289440265705,-0.30565724486322754,-0.3664841252697614,Hot,1.5094293822223898e-08
Comoros,2012,0.24952210561892166,-0.15285740499559164,-0.33582746478873243,-0.36401289440265705,-0.3055152199305057,-0.358011603456937,Hot,1.526209300597381e-08
Comoros,2013,0.2614008623028539,-0.15259782399513064,-0.3356653076352854,-0.3639347465077659,-0.3053976820551497,-0.35398942809114176,Hot,1.5598510335625283e-08
Congo,2000,0.13066012213631584,-0.11588949010235551,0.037296145292809474,-0.2767998437042102,-0.07472470425756464,0.4339781183528061,Hot,2.679127744112245e-07
Congo,2001,0.12670983865541532,-0.11683830341438528,0.01843958487768716,-0.3124352837745433,-0.11778274592963887,0.4629383203902263,Hot,2.1245301122518447e-07
Congo,2002,0.15013247712850986,-0.1298889619892856,-0.09970348406226835,-0.29797792321969324,-0.16639934962375638,0.40774085249427666,Hot,1.6714301903442405e-07
Congo,2003,0.15080842830499044,-0.12507328687728536,-0.06866197183098592,-0.2600761941975188,-0.14587919555119142,0.4494105180002221,Hot,1.8352564372441265e-07
Congo,2004,0.15612301691273264,-0.12246852580369413,-0.04280948851000743,-0.25609065155807365,-0.153573028975535,0.5457232269803494,Hot,1.59827456005832e-07
Congo,2005,0.16659715945471168,-0.1152808174116194,0.02638528539659005,-0.23842922731268926,-0.135207735951163,0.5934361063918996,Hot,1.7149369672211589e-07
Congo,2006,0.16762038829984327,-0.11139605347368613,0.05948851000741285,-0.23467812835791735,-0.12684295715499572,0.6587340021105678,Hot,1.7027088531563678e-07
Congo,2007,0.16368250759282305,-0.11611326682689083,-0.0018763899184581472,-0.24819771417407444,-0.11912953408475947,0.589149645904733,Hot,1.8810451080195057e-07
Congo,2008,0.16834595057184545,-0.11601480506809528,-0.010910859896219424,-0.24733808733027254,-0.11647023965483042,0.6088729633121446,Hot,1.8757285206705166e-07
Congo,2009,0.17257529646505448,-0.10998178457462286,0.014848962194217899,-0.251636221549282,-0.1066313400052402,0.6122645882609044,Hot,1.966261559511483e-07
Congo,2010,0.18821519432821152,-0.10500499022095716,0.05059303187546325,-0.23381850151411546,-0.07752602362021552,0.5830995813975076,Hot,2.306514031386493e-07
Congo,2011,0.1298477404471508,-0.10906877553851872,0.040701445515196395,-0.22631630360457164,-0.06557144221421765,0.6491762626406592,Hot,2.2951308594398e-07
Congo,2012,0.13717157842351463,-0.10931940546999827,0.029327279466271273,-0.23022369834912568,-0.07525362469666658,0.7009067929863069,Hot,2.1143528309287045e-07
Congo,2013,0.15695710345618802,-0.10151407331820604,-0.004702557449962963,-0.22233076096512647,-0.08751184561400072,0.6803411045030263,Hot,2.0359675785762264e-07
Costa Rica,2000,0.2263723281711953,-0.1061954823954851,-0.24962935507783543,-0.2533554752368858,-0.233180452471846,0.8489009164338261,Hot,6.112529973568075e-08
Costa Rica,2001,0.229510229962931,-0.10376974270152216,-0.25011582653817643,-0.26476506789098364,-0.23233809769846148,0.7786227519993852,Hot,6.501621607276646e-08
Costa Rica,2002,0.24382923240782806,-0.0986139269682282,-0.25055596738324687,-0.26624987789391424,-0.22104956425281413,0.7721048702167105,Hot,7.50276569554044e-08
Costa Rica,2003,0.26397753857650263,-0.09559741672149198,-0.2506949592290586,-0.25671583471720233,-0.22470793062326905,0.6603898011723931,Hot,7.837935809958883e-08
Costa Rica,2004,0.26033112305567147,-0.09339545375206436,-0.25034747961452936,-0.264139884731855,-0.24566395431694577,0.6858213984467456,Hot,5.75673110879567e-08
Costa Rica,2005,0.2510848551278494,-0.09462175020251795,-0.25643995552260934,-0.2592165673537169,-0.24444939627160064,0.7319752662969815,Hot,5.6611571476919614e-08
Costa Rica,2006,0.25932029698442066,-0.09179321240439142,-0.25928928836174947,-0.25687213050698443,-0.23991439324744904,0.8376113018789214,Hot,5.609680853348018e-08
Costa Rica,2007,0.24949730007116114,-0.08345976718269582,-0.25268717568569316,-0.24921363680765848,-0.22861116756738226,0.7370274319278678,Hot,7.036263665560629e-08
Costa Rica,2008,0.22517546049173895,-0.08321808832019766,-0.24863324684951818,-0.24389957995506495,-0.21293945085325153,0.6929182576271393,Hot,8.711060647073176e-08
Costa Rica,2009,0.2599156301306785,-0.08537529594471822,-0.24691901408450706,-0.259294715248608,-0.2118179436258965,0.7687366037349431,Hot,8.316561839986068e-08
Costa Rica,2010,0.2378759009452463,-0.08745194394840605,-0.24460248332097853,-0.2500732636514604,-0.21933547023720612,0.8474900829743327,Hot,7.244930241492728e-08
Costa Rica,2011,0.2294420147065888,-0.08910789170996748,-0.24196163825055597,-0.2349125720425906,-0.2283026306445728,0.9287541092657234,Hot,6.163593120010535e-08
Costa Rica,2012,0.2419874204865918,-0.08963600477987087,-0.24291141586360268,-0.23874181889225354,-0.22647589616508193,0.6118765949159087,Hot,7.98563762400233e-08
Costa Rica,2013,0.2550516756405903,-0.08635096246369225,-0.24045589325426245,-0.23577219888639248,-0.22197027760976934,0.9391223486176196,Hot,6.605428151788516e-08
Croatia,2000,-0.7295652672720259,0.021679489072982516,-0.263876019273536,-0.17989645403926932,-0.22343460364024592,0.989006874585292,Moderate,6.286546054471208e-08
Croatia,2001,-0.7902458384817767,0.03173153953910944,-0.26155948851000743,-0.1945101103839015,-0.22217596889164232,-0.2941097695933353,Moderate,3.540122400842067e-07
Croatia,2002,-0.7539367179469689,0.04193575817792039,-0.2619532987398073,-0.18185015141154634,-0.21542733588161975,-0.2473717401231795,Moderate,3.2746255372153484e-07
Croatia,2003,-0.7786368421297424,0.05366165854357155,-0.2584785025945145,-0.18903975774152584,-0.21038300206425892,-0.28967021297857354,Moderate,3.962004916899973e-07
Croatia,2004,-0.8268278200419529,0.05032290981350448,-0.25025481838398816,-0.16379798769170656,-0.2032817554281684,-0.2528385809090383,Moderate,3.765055877036911e-07
Croatia,2005,-0.8672484601181056,0.05428823337227047,-0.25502687175685695,-0.17512943245091336,-0.2022092223155451,-0.21777525817777219,Moderate,3.431366213645173e-07
Croatia,2006,-0.8028470567442411,0.056078447168553085,-0.25106560415122314,-0.14441730975871836,-0.19959890200034772,-0.24840889035177274,Moderate,3.844311086972269e-07
Croatia,2007,-0.7414657288102486,0.06776854325827861,-0.24657153446997782,-0.1317573507863632,-0.17084619924139094,-0.1999114494694555,Moderate,4.233870290421651e-07
Croatia,2008,-0.7481198169970716,0.05625746854818134,-0.25016215715344703,-0.10667187652632605,-0.1895200291885724,-0.18984926073787303,Moderate,3.563748890678728e-07
Croatia,2009,-0.7557103146118631,0.040467782864968625,-0.24657153446997782,-0.19310344827586207,-0.19714040144081843,-0.2080744173967435,Moderate,3.5004244200659865e-07
Croatia,2010,-0.8237457307326788,0.033539655473354905,-0.2510192735359526,-0.17137833349614146,-0.20337970365763175,-0.22544071859728845,Moderate,3.467708692611277e-07
Croatia,2011,-0.7646341104187953,0.030290417433101922,-0.24921237954040032,-0.1627820650581225,-0.19742934871773524,-0.16728053229148734,Moderate,3.143012819126459e-07
Croatia,2012,-0.7483864766354997,0.01628199447719043,-0.25382227575982214,-0.1870860603692488,-0.16161947602594648,-0.16091264853655327,Moderate,4.093592651439706e-07
Croatia,2013,-0.7025830326952625,0.010472750708253318,-0.25470255744996295,-0.19927713197225747,-0.19547528153994206,-0.16089306650801843,Moderate,3.149168196979702e-07
Cuba,2000,0.20500234877530357,0.07221722454204092,-0.012184951816160155,-0.03047767900752171,0.012547168194250917,0.9379230678054283,Hot,2.455002730742672e-07
Cuba,2001,0.21031693738304552,0.06668546391152763,-0.01730448480355823,-0.0226628895184136,-0.0497185212755798,0.3157110022099491,Hot,3.359122107498735e-07
Cuba,2002,0.24429433642834208,0.07114309626427134,-0.0166790214974055,-0.050092800625183155,-0.07571887878661732,0.40319207270068685,Hot,2.75158822162711e-07
Cuba,2003,0.2479097450144721,0.07449974713230126,-0.014570978502594546,-0.06806681645013186,-0.08602303252615828,0.4414633981651507,Hot,2.5308312789187106e-07
Cuba,2004,0.2410138027369823,0.06542336318514837,-0.024717383246849522,-0.05814203379896452,-0.0740439640627946,0.4876113546736478,Hot,2.551464582268624e-07
Cuba,2005,0.23172412510057855,0.07586030961747606,-0.04107209043736104,-0.07744456383706165,-0.08564103443125137,0.4983859450543344,Hot,2.400882902239891e-07
Cuba,2006,0.23249929846810227,0.08548270877249514,-0.03356653076352858,-0.0486079906222526,-0.09687079893922068,0.45632987277493486,Hot,2.3727067946360213e-07
Cuba,2007,0.24181998303920668,0.0760214288591415,-0.031805967383246876,-0.049233173781381256,-0.10382022581964301,0.558107284858261,Hot,2.0888467803217206e-07
Cuba,2008,0.2250762383006958,0.09404888178770748,-0.024740548554484838,-0.05032724430985641,-0.10099441939962632,0.6567822305128251,Hot,1.9482184816828745e-07
Cuba,2009,0.22266389878096252,0.09873029086498654,-0.00968309859154932,-0.08189899384585328,-0.10366840606397487,0.6556194895703027,Hot,1.9249150646320093e-07
Cuba,2010,0.19326932468446587,0.14152535166512262,-0.02325796886582657,-0.06994236592751782,-0.08389755594680431,0.6822954753304825,Hot,2.066069124634935e-07
Cuba,2011,0.23238767350317885,0.10602541208483823,-0.01721182357301706,-0.06603497118296374,-0.13376789697805225,0.7857964924854275,Hot,1.484968584110876e-07
Cuba,2012,0.22539250903464564,0.10960583967740346,-0.01762879911045221,-0.06666015434209238,-0.10283094870206352,0.7803609443855971,Hot,1.7550575891947756e-07
Cuba,2013,0.23963916196524038,0.09544524854880791,-0.01572924388435879,-0.05900166064276643,-0.11444760871641294,0.658566059448761,Hot,1.819210807491197e-07
Denmark,2000,-2.965853613160584,0.3318698335548723,-0.12136304670126022,0.12425515287681936,0.03541807977393548,-0.17921727149355943,Cold,1.0031371291113305e-06
Denmark,2001,-2.9839554616389963,0.34610203323531913,-0.11517790956263903,0.11050112337598902,0.04034977312741352,-0.20929472364263982,Cold,1.1009456616429616e-06
Denmark,2002,-2.926158535356433,0.34303181657469445,-0.11997312824314307,0.09369932597440654,0.035168311788804016,-0.2552699302983772,Cold,1.2399757147810586e-06
Denmark,2003,-2.8856758814108785,0.3886017087590686,-0.12133988139362493,0.10526521441828664,0.061712281973362974,-0.22829788589825792,Cold,1.2322104124019871e-06
Denmark,2004,-2.9618413158102816,0.33896803125713293,-0.12733969607116385,0.06197128064862754,0.04562428528401315,-0.24320078171525078,Cold,1.231400494561824e-06
Denmark,2005,-2.877930349122582,0.30705747033839514,-0.12947090437361009,0.05548500537266777,0.025388181076891794,-0.2205418900491262,Cold,1.0870377873388425e-06
Denmark,2006,-2.9472370495661355,0.3783527347753506,-0.13035118606375096,0.026257692683403364,0.056628768864216826,-0.23442974134204755,Cold,1.2370912584103062e-06
Denmark,2007,-2.9441673630307426,0.3354681632854004,-0.12717753891771683,0.027586206896551703,0.04297968308850355,-0.12268551633008733,Cold,8.973980658412732e-07
Denmark,2008,-2.9672551266090665,0.30456012209258093,-0.13303836174944406,0.035713587965224176,0.024105059270922338,-0.13029192816548152,Cold,8.636789310592959e-07
Denmark,2009,-2.9627777252382503,0.2830328011922824,-0.13746293550778357,0.023366220572433358,0.008927981115581397,-0.15206024536457116,Cold,8.665618602718375e-07
Denmark,2010,-2.8364616746535374,0.2860672135769814,-0.13049017790956266,0.02094363583080979,0.02913959826533687,-0.15279689011724698,Cold,9.233614478441264e-07
Denmark,2011,-2.9522291660529887,0.24173256891204234,-0.13338584136397333,0.01781772003516653,-0.012297400209119447,-0.11124547112861706,Cold,7.376127449251712e-07
Denmark,2012,-2.9239136332840845,0.20256269104937855,-0.13516957005189031,0.019068086353423837,-0.03206335291481686,-0.14949842189268095,Cold,7.500879945890205e-07
Denmark,2013,-2.8246666366932973,0.21958762425202627,-0.12059859154929581,0.011565888443880018,-0.014364107850795461,-0.16471681793443366,Cold,8.276529007729325e-07
Djibouti,2000,0.5082501701505544,-0.15095977837153204,-0.32185878428465536,-0.34869590700400505,-0.3007647308015348,-0.22215232028914825,Hot,2.4946695364979705e-08
Djibouti,2001,0.4797423943865046,-0.15095977837153204,-0.32199777613046704,-0.34869590700400505,-0.3009704220834078,-0.17945598502499543,Hot,2.166130911550857e-08
Djibouti,2002,0.4838105042192687,-0.1506643930951454,-0.32185878428465536,-0.348617759109114,-0.3008969609113103,-0.15156321766834255,Hot,2.043874613437152e-08
Djibouti,2003,0.500647269761882,-0.15046746957755433,-0.32148813936249077,-0.3485396112142229,-0.3006863722179642,-0.10226304855777296,Hot,1.8827193618327747e-08
Djibouti,2004,0.48450505955656964,-0.1505927845432941,-0.32114065974796147,-0.34838331542444073,-0.30063739810323253,-0.15717016274410164,Hot,2.142973400469512e-08
Djibouti,2005,0.5044239144084574,-0.1505301270604242,-0.32083951074870276,-0.34830516752954965,-0.3004659887016717,-0.09448758826484784,Hot,1.9053190153765543e-08
Djibouti,2006,0.5021045956928267,-0.1505301270604242,-0.32056152705707935,-0.3485396112142229,-0.3003337585918962,-0.10353929836785093,Hot,1.9742125732598574e-08
Djibouti,2007,0.5027681440954268,-0.15017208430116769,-0.3203298739807265,-0.34838331542444073,-0.3000399139035063,-0.08014146527457638,Hot,1.949699790029111e-08
Djibouti,2008,0.4694977031613123,-0.14980509047292975,-0.3195654188287621,-0.3482270196346585,-0.29961383910534084,-0.0844895853170363,Hot,2.067307612119212e-08
Djibouti,2009,0.5109849817911777,-0.15027054605996323,-0.32026037805782065,-0.3482270196346585,-0.29995665790846243,-0.06039637143395245,Hot,1.8937563378667512e-08
Djibouti,2010,0.5065385873550622,-0.14960816695533868,-0.3204225352112676,-0.3481488717397675,-0.29955996757913605,-0.06555000345110018,Hot,2.002847937572196e-08
Djibouti,2011,0.5070843094057985,-0.15141628288958411,-0.3200982209043736,-0.34838331542444073,-0.3004708861131449,-0.10465892643663612,Hot,1.945217015592044e-08
Djibouti,2012,0.5129818283859188,-0.1516132064071752,-0.31965808005930324,-0.34791442805509426,-0.3004366042328327,-0.10714633306107889,Hot,1.9639986938571812e-08
Djibouti,2013,0.5740902952945427,-0.15082551233681085,-0.31928743513713864,-0.34791442805509426,-0.2999076837937308,-0.08453774293353453,Hot,1.9982854445524508e-08
Dominica,2000,0.263531038716809,-0.15331390951364368,-0.34252223869532994,-0.3673732538829735,-0.30748397934271837,0.22929477063030787,Hot,1.3027942478348946e-09
Dominica,2001,0.28813814209547983,-0.1532512520307738,-0.34252223869532994,-0.3673732538829735,-0.3075280560459769,0.24535696379616245,Hot,1.2151825358686926e-09
Dominica,2002,0.2906310996454354,-0.15331390951364368,-0.34252223869532994,-0.36776399335742893,-0.30765049133280603,0.1923388678249044,Hot,1.114496398514077e-09
Dominica,2003,0.3013719018258432,-0.1531885945479039,-0.34252223869532994,-0.36768584546253785,-0.3075966198066012,0.1724817300195399,Hot,1.2273989832042108e-09
Dominica,2004,0.28274293545751517,-0.15295586675438716,-0.3424990733876946,-0.36768584546253785,-0.30744480005093305,0.11647352383896484,Hot,1.5805128098106886e-09
Dominica,2005,0.3191760837311265,-0.15289320927151728,-0.3424990733876946,-0.3676076975676467,-0.3074252104050404,0.194978509139668,Hot,1.4490347872590443e-09
Dominica,2006,0.30647564327761884,-0.15295586675438716,-0.3424990733876946,-0.36776399335742893,-0.3072097243002211,0.1807780212897445,Hot,1.805932748984861e-09
Dominica,2007,0.3024447417664959,-0.1526962857539262,-0.34247590808005934,-0.3675295496727557,-0.30734685182146976,0.12396590814067879,Hot,1.725630280797077e-09
Dominica,2008,0.2704641893159404,-0.15272313896087042,-0.34247590808005934,-0.36768584546253785,-0.3073272621755771,0.1295302768195386,Hot,1.7441745968026243e-09
Dominica,2009,0.29173494652078946,-0.152562019719205,-0.34247590808005934,-0.36776399335742893,-0.30747908193124524,0.14844103561935065,Hot,1.4559904998680186e-09
Dominica,2010,0.3316470728678469,-0.15272313896087042,-0.34245274277242405,-0.36768584546253785,-0.30744969746240625,0.1008001095613214,Hot,1.608726429671506e-09
Dominica,2011,0.29451316786999393,-0.15289320927151728,-0.34240641215715345,-0.36768584546253785,-0.3074937741656647,0.11479665787963975,Hot,1.5022578587141903e-09
Dominica,2012,0.3037780399586369,-0.1527589432367961,-0.34240641215715345,-0.36768584546253785,-0.3073958259362014,0.1444624327457977,Hot,1.597838085462875e-09
Dominica,2013,0.28962337426765505,-0.15282160071966597,-0.34240641215715345,-0.3676076975676467,-0.3075231586345037,0.1400368658791786,Hot,1.4017976064700743e-09
Dominican Republic,2000,0.21210293682182008,0.015270523682290755,-0.18126853224610825,-0.21115561199570185,-0.15031625034587967,-0.18711033728828422,Hot,4.7057248119407654e-07
Dominican Republic,2001,0.24635319689248503,0.016577379753577044,-0.17251204595997038,-0.2018560125036632,-0.15006158494927505,-0.1785409458414678,Hot,4.611728973079872e-07
Dominican Republic,2002,0.26425660098881115,0.032572940023362286,-0.1662574128984433,-0.17989645403926932,-0.16478810124908477,-0.16537561149168997,Hot,4.048729554521568e-07
Dominican Republic,2003,0.2676115513234533,0.0360638569261134,-0.16838862120088957,-0.1900556803751099,-0.15757911156058466,-0.1492702276862125,Hot,4.091569552461474e-07
Dominican Republic,2004,0.24769889785850607,0.00020587458657249865,-0.15467475908080064,-0.17536387613558657,-0.17330959721239336,-0.1448435872986968,Hot,3.627183074155616e-07
Dominican Republic,2005,0.2597854010049349,0.0055586138374575265,-0.15791790214974055,-0.17294129139396308,-0.17063071313657163,-0.1259032397422512,Hot,3.543514878188634e-07
Dominican Republic,2006,0.26458527449664127,0.016102973097562173,-0.1532848406226835,-0.1614535508449741,-0.16131093910313704,-0.48131286833276454,Hot,1.7957973814706532e-06
Dominican Republic,2007,0.2675867457756928,0.023970962732224273,-0.13387231282431436,-0.14840285239816353,-0.15642821986439068,-0.48870431370625445,Hot,2.012205868689692e-06
Dominican Republic,2008,0.23582944325498417,0.02688901122016495,-0.1272933654558933,-0.1526228387222819,-0.14634444964114215,-0.4801905574260125,Hot,1.955399325852325e-06
Dominican Republic,2009,0.2524863685763319,0.02197487434936916,-0.11969514455151968,-0.14840285239816353,-0.15060030021132328,-0.4772389563613553,Hot,1.8472381414731745e-06
Dominican Republic,2010,0.2549049094830058,0.02876873570626171,-0.11367216456634549,-0.13957214027547132,-0.14430712646830518,-0.47818385044122097,Hot,1.939435359594565e-06
Dominican Republic,2011,0.23966190038402085,0.03303839561039577,-0.11001204595997037,-0.14269805607111458,-0.15302941630201355,-0.4755777607668188,Hot,1.7887651805148849e-06
Dominican Republic,2012,0.24630978718390384,0.032868325299748896,-0.10815882134914753,-0.14832470450327245,-0.14843564434018397,-0.46914747763132175,Hot,1.7310050686060732e-06
Dominican Republic,2013,0.2426075591806107,0.0323223100918827,-0.10470719051149002,-0.14730878186968835,-0.14554127415954296,-0.47298640679180665,Hot,1.8278934860563372e-06
Ecuador,2000,-0.07472981332274974,0.033280074472893925,0.11476093402520388,-0.05939240011722182,0.035168311788804016,-0.1012052427797484,Hot,8.377654189388712e-07
Ecuador,2001,-0.059096116846532556,0.05554138302966831,0.13926982950333583,0.026570284262967654,0.019124391802712682,-0.11981780542712697,Hot,8.312153043460773e-07
Ecuador,2002,-0.019835136128195225,0.06829665632818199,0.1378567457375834,-0.01117514896942462,-0.0032322915722894498,-0.05916371720197775,Hot,6.836156860855729e-07
Ecuador,2003,-0.026929522787771585,0.08845446367432429,0.14675222386953293,-0.01789586793005764,0.3161328080043293,-0.07287210757668086,Hot,1.437165039135366e-06
Ecuador,2004,-0.02844886258811761,0.10811996222648888,0.18233413639733134,-0.0033603594803165104,0.09006829440299333,-0.04577225440487389,Hot,8.700911215126417e-07
Ecuador,2005,-0.037261033430126815,0.12013229679954529,0.1845116753150482,-0.018755494773859543,0.04604056525923221,0.01299164191322591,Hot,6.967554781064366e-07
Ecuador,2006,-0.031779007374999495,0.11233591571673446,0.18400203854707187,-0.013050698446810574,0.03631920348499799,0.046310141851530366,Hot,6.413736893383409e-07
Ecuador,2007,-0.04989325862729221,0.1536182458590117,0.17677446256486287,-0.03290026374914528,0.14342069499166213,0.07702654375722304,Hot,8.011179320387229e-07
Ecuador,2008,-0.05997671379203957,0.11866432148659353,0.1751528910303929,-0.008205528963563507,0.09362871254398485,0.08270668859610765,Hot,7.066851430017279e-07
Ecuador,2009,-0.02627217577211139,0.14844452798775493,0.20072739065974796,0.010237374230731677,0.07241312604223038,0.12641294927900656,Hot,6.277501294303929e-07
Ecuador,2010,-0.029044195734375968,0.17220066506442533,0.22146034099332837,0.030008791638175273,0.0911604171615093,0.17130909976349415,Hot,6.190938875948121e-07
Ecuador,2011,-0.05161104280972426,0.19020126478604704,0.2261860637509266,0.03563544007033313,0.2159121796174632,0.17591296151382516,Hot,8.074207412783775e-07
Ecuador,2012,-0.04348102453113656,0.18136655970139234,0.22852575982209042,0.025476213734492496,0.08550880432147592,0.19097097973903177,Hot,5.946939074719674e-07
Ecuador,2013,-0.057009350141159154,0.20098730290864988,0.24075704225352115,0.024225847416235194,0.1355505547542846,0.15855530168570411,Hot,6.998158703676887e-07
Egypt,2000,-0.011072576381707853,1.1243079704793746,0.7866938472942921,0.9921656735371691,0.7229167023769586,0.3488163633264638,Hot,1.2913283948455827e-06
Egypt,2001,0.043617455043820495,0.9769286197004077,0.7784701630837657,1.007482660935821,0.6431231772446673,0.32489755308327145,Hot,1.223042709474041e-06
Egypt,2002,0.051052917985107214,0.9947412469734199,0.8158821349147517,1.0505421510208068,0.6604453216252549,0.3083743272191602,Hot,1.2685702219300042e-06
Egypt,2003,0.034693659236888136,1.1880127284200919,0.8376343587842846,1.0951645990036143,0.774721520940107,0.4005749250690424,Hot,1.2843288831047945e-06
Egypt,2004,0.03578510333836118,1.2055836768306056,0.8470858042994811,1.2077757155416624,0.7935422732314834,0.3279395603080671,Hot,1.4116206782959675e-06
Egypt,2005,0.036467255901782424,1.3400018797244861,0.8513945515196442,1.2229364071505324,0.867816415633517,0.3081538568497664,Hot,1.5404810232977151e-06
Egypt,2006,0.035382013187248984,1.4425363749065734,0.8794477390659747,1.2201230829344534,0.9285345230778272,0.2356176180679031,Hot,1.764756721607483e-06
Egypt,2007,0.04123612245878785,1.5393153327336118,0.8694634914751669,1.2362996971769074,0.9786007605680018,0.32178021811215535,Hot,1.659997113809592e-06
Egypt,2008,0.06531610794754229,1.5989205010808418,0.8971460340993329,1.3025691120445442,1.0280597190355039,0.26435822711209056,Hot,1.8415538521619755e-06
Egypt,2009,0.05244823004664983,1.682908381333441,0.8854243884358785,1.3144475920679886,1.0696632295000479,0.216377350293313,Hot,2.0138393294001146e-06
Egypt,2010,0.15789041219068628,1.660181617189633,0.820700518902891,1.3764970206115072,1.0435208470562882,0.24431422304555947,Hot,1.908366993319961e-06
Egypt,2011,0.0224149130953139,1.829992346836021,0.8563750926612305,1.4248705675490867,1.1483548370508767,0.2500558379882002,Hot,2.042061420733086e-06
Egypt,2012,0.055121027817871524,1.7480811145871098,0.8822507412898444,1.4047865585620787,1.1085486765969848,0.27879942085430237,Hot,1.919484420439426e-06
Egypt,2013,0.10976764953481842,1.806826980312124,0.8500741289844329,1.381185894304972,1.1299356725002998,0.18850737389987077,Hot,2.178527256647877e-06
El Salvador,2000,0.176885260388486,-0.10368023201170802,-0.26285674573758344,-0.28086353423854643,-0.23213730382806166,0.47653445409262446,Hot,8.389441382519887e-08
El Salvador,2001,0.1832664875499407,-0.10206008852607225,-0.25583765752409193,-0.2752368858063886,-0.24889134847776206,0.7203690891706578,Hot,5.315032872306505e-08
El Salvador,2002,0.19945210746383454,-0.10020721724691974,-0.25199221645663455,-0.27789391423268534,-0.2591465281025714,0.7053792347010066,Hot,4.4503873201872034e-08
El Salvador,2003,0.2004691349220255,-0.09698483241361101,-0.2533589696071164,-0.27742502686333886,-0.25940609091064915,0.8245637407579479,Hot,4.0502547927214674e-08
El Salvador,2004,0.20184584282274692,-0.09859602483026536,-0.252108042994811,-0.2710168994822702,-0.26994042298942894,0.7757952206477677,Hot,3.2939008420991724e-08
El Salvador,2005,0.1929344497896951,-0.09818427565712037,-0.25106560415122314,-0.26070137735664745,-0.27168879888534914,0.7418600849406197,Hot,3.22507198843858e-08
El Salvador,2006,0.2030303077283235,-0.09436216920205698,-0.2476139733135656,-0.26437432841652825,-0.2599888828759559,0.7141763776956697,Hot,4.3444371920100806e-08
El Salvador,2007,0.1819455921316802,-0.09319853023447328,-0.2506717939214233,-0.2575754615610042,-0.2592101944517225,0.7703484186728478,Hot,4.230181285844932e-08
El Salvador,2008,0.165059215493545,-0.0971728048622207,-0.2563009636767976,-0.25273029207775716,-0.26372560782998145,0.7163092692171881,Hot,4.00241657152914e-08
El Salvador,2009,0.20519459177044921,-0.09799630320851069,-0.25810785767234995,-0.25906027156393474,-0.2612230305671937,0.6503725201126145,Hot,4.4538929677936815e-08
El Salvador,2010,0.18071771751752297,-0.09796049893258506,-0.2614899925871016,-0.25898212366904366,-0.2629567142286944,0.7026628202494815,Hot,4.11476286660543e-08
El Salvador,2011,0.18748963205620936,-0.0963493065159307,-0.26885656041512235,-0.262186187359578,-0.2641712722740396,0.7102503829615242,Hot,3.98114295891441e-08
El Salvador,2012,0.18828340958455322,-0.09662678965435449,-0.26438565604151226,-0.26460877210120154,-0.26247676790432417,0.760347949962229,Hot,3.9787581107927854e-08
El Salvador,2013,0.21436230879702908,-0.10001029372932865,-0.27297998517420313,-0.27453355475236885,-0.26558662418978446,0.648011746355722,Hot,4.0496410817866776e-08
Eritrea,2000,0.33391057910101596,-0.14882942395395574,-0.2552816901408451,-0.24851030575363872,-0.2790153264492053,0.5917066746645138,Hot,2.9131338865857096e-08
Eritrea,2001,0.32597280381757365,-0.1485340386775691,-0.2593819495922906,-0.25906027156393474,-0.28070983081892065,0.6020244687442381,Hot,2.721047656274257e-08
Eritrea,2002,0.34300181235533317,-0.14967977550718997,-0.2594282802075612,-0.2608576731464296,-0.26972493688460963,0.619674099256523,Hot,3.7447993615055134e-08
Eritrea,2003,0.34972411579849827,-0.14725403581322702,-0.25667160859896226,-0.25812249682524174,-0.2559534158220672,0.6127262079185944,Hot,5.108281732125847e-08
Eritrea,2004,0.33839418185877274,-0.14856984295349476,-0.2551426982950334,-0.25859138419458827,-0.26000357511037536,0.5590501235591134,Hot,4.936598554503895e-08
Eritrea,2005,0.3467660542280282,-0.1489905431956212,-0.25349796145292813,-0.2556217641887272,-0.2617078743030371,0.6417527086916461,Hot,4.4393082556611276e-08
Eritrea,2006,0.3320315588581387,-0.15017208430116769,-0.2552816901408451,-0.2595291589332812,-0.2609732625820622,0.5817289418400271,Hot,4.7429154587067534e-08
Eritrea,2007,0.33154164928986357,-0.1504406163706101,-0.2500231653076353,-0.25140177786460877,-0.2678198438215481,0.5612797434768012,Hot,4.131034507232278e-08
Eritrea,2008,0.3396468620206908,-0.15067334416412684,-0.24935137138621205,-0.25233955260330176,-0.26667874694830046,0.5860330817291075,Hot,4.156766117820857e-08
Eritrea,2009,0.376724954536082,-0.15024369285301897,-0.2486100815418829,-0.25187066523395524,-0.26327014856297704,0.6193556792092085,Hot,4.371124200605503e-08
Eritrea,2010,0.3738661151566546,-0.1500467693354279,-0.2496988510007413,-0.25437139787046986,-0.2616491053653591,0.5253784261703429,Hot,4.914482156506708e-08
Eritrea,2011,0.3390081191658515,-0.14906215174747248,-0.24566808747220165,-0.24897919312298522,-0.2641908619199322,0.5538045541142526,Hot,4.5303263855985027e-08
Eritrea,2012,0.3609114178385995,-0.14879361967803006,-0.24453298739807267,-0.24858845364852983,-0.26491567881796074,0.4972760249587836,Hot,4.6906919713514854e-08
Eritrea,2013,0.4073039935381547,-0.14913376029932376,-0.2430735730170497,-0.24757253101494578,-0.2663849022599105,0.550453226074689,Hot,4.3182487157369095e-08
Ethiopia,2000,0.05450088912385238,-0.12323831773609564,0.9503799110452186,1.4613656344632215,0.3378724175337126,0.5975442673441489,Hot,6.377212590605242e-07
Ethiopia,2001,0.04697860676540304,-0.11605956041300235,1.0091271312083023,1.5278694930155317,0.31871864126216093,0.5617745550438199,Hot,6.382723615031259e-07
Ethiopia,2002,0.059015498816310324,-0.11456473189310636,1.1535164936990363,1.7820064472013284,0.7232252392997681,0.5289131949717356,Hot,1.0812026684084936e-06
Ethiopia,2003,0.061539463300967295,-0.11064416367924741,1.1315326167531503,1.6929959949203868,0.9487657298734752,0.5423265039134108,Hot,1.3017835865739924e-06
Ethiopia,2004,0.0556977568033087,-0.10805730474361903,1.1630142698295034,1.7684868613851712,0.9182401641612326,0.6276593355497292,Hot,1.180138864947386e-06
Ethiopia,2005,0.06449752487143764,-0.10987437174684589,1.2267188658265382,1.8799257594998535,0.93390698346389,0.5817972526190509,Hot,1.2425489912993077e-06
Ethiopia,2006,0.05565434709472752,-0.10663408477557434,1.3130328020756117,1.9837843118101006,0.984511936216113,0.448944108111462,Hot,1.4607559102799317e-06
Ethiopia,2007,0.051629646970544917,-0.1019616267672767,1.4656690140845072,2.25112826023249,0.8885422609879549,0.4261000713570591,Hot,1.3831493254480383e-06
Ethiopia,2008,0.042594226198689154,-0.09678790889601993,1.5391493699036325,2.3235713587965225,0.9404695148379323,0.5601366299404272,Hot,1.272923783800011e-06
Ethiopia,2009,0.09252779384109233,-0.09647462148167048,1.6199036323202372,2.4513431669434405,1.0298472742232094,0.6735824432028851,Hot,1.2402051991326156e-06
Ethiopia,2010,0.06677343387848675,-0.0974502880006445,1.7056384358784282,2.578802383510794,1.1138378809880036,0.6044722153342931,Hot,1.395196126788424e-06
Ethiopia,2011,0.07768787489321982,-0.08840075726043585,1.6904419940696815,2.5482465566083814,1.0444170733558775,0.5550369571244133,Hot,1.3850904962782106e-06
Ethiopia,2012,0.07039504385155743,-0.08273473059520135,1.76218495181616,2.707746410081078,1.107760193349805,0.597913261422614,Hot,1.39699482493564e-06
Ethiopia,2013,0.11916275074920495,-0.06701665346383993,1.8282060785767233,2.764638077561785,1.0952277173899734,0.726624488174056,Hot,1.247835611066236e-06
Europe,2000,-1.011331484286461,54.944194560435385,25.817133061527056,34.06513627039172,37.27515861491408,0.1318943646170048,Cold,6.147647620786373e-05
Europe,2001,-1.0599255523497833,56.08465921042621,25.599958302446254,33.59781185894305,37.67916567698143,0.20806319986912233,Cold,5.61022343552569e-05
Europe,2002,-1.0277093471955006,55.78499532306646,25.504494069681247,33.22926638663671,37.30041946329267,0.19488144018450776,Cold,5.64924288748796e-05
Europe,2003,-1.04539570274892,57.0526367611452,25.492911415863606,33.3160886978607,38.313444129105555,0.06497249860232382,Cold,6.97689406876594e-05
Europe,2004,-1.0566760255931242,57.30604152400901,25.122405485544846,32.982240890886,38.282453309303364,0.20334114270801343,Cold,5.733845248067065e-05
Europe,2005,-1.0588651151830109,57.382779038386666,24.8552399925871,32.53554752368858,38.50691636935297,0.157159333989186,Cold,6.130387413018385e-05
Europe,2006,-1.0323665887875826,58.28931645161724,24.741081356560418,31.933417993552798,38.80793086813964,0.09087020502530145,Cold,6.79187740503144e-05
Europe,2007,-1.0090555752794115,57.78810134400301,24.77348962194218,32.29672755690143,39.225444991049976,0.05103057937216176,Cold,7.300393440646459e-05
Europe,2008,-1.0214087380642682,57.197330791229746,24.559835989621945,31.610354596073066,38.38363383033897,0.2027252695099682,Cold,5.75342432907033e-05
Europe,2009,-1.0328937066774986,52.59554147254037,23.97618606375093,30.38061932206701,36.703978412210226,0.1458473492917155,Cold,5.937220600858117e-05
Europe,2010,-1.0976733946547148,54.60266652344957,24.06933376575241,30.876702158835595,38.44515511326488,0.15922377905261562,Cold,6.1034508090106174e-05
Europe,2011,-1.015474010762507,53.94907736856475,24.013157894736846,31.231024714271758,36.973287069119614,0.31416401821203854,Cold,4.849831267645333e-05
Europe,2012,-1.0505614580700977,53.53963757121695,24.059025203854706,31.060271563934744,37.914873193773424,0.24771328124449984,Cold,5.3733626621080574e-05
Europe,2013,-0.9942032535576585,52.120893137662975,23.898026315789476,31.22922731268926,36.62172148910693,0.3945289743261104,Cold,4.406363083803535e-05
Fiji,2000,0.20888441699986238,-0.14694074839887755,-0.31893995552260934,-0.34166259646380776,-0.29611218990202726,-0.5243947063915843,Hot,2.746424562472685e-07
Fiji,2001,0.2025031898384074,-0.14524899636139046,-0.3185461452928095,-0.3402559343557683,-0.2956812176923887,-0.5244010500118156,Hot,2.843177114807893e-07
Fiji,2002,0.1996691560067407,-0.1467617270192493,-0.31924110452186805,-0.3395526033017485,-0.29740510653094304,-0.5232603337747743,Hot,2.4045316642060057e-07
Fiji,2003,0.1798247177981357,-0.14534745812018604,-0.31924110452186805,-0.3425222233076096,-0.29716023595728475,-0.5280844127441366,Hot,2.704729466117355e-07
Fiji,2004,0.1843703344252943,-0.1425905288739108,-0.31912527798369167,-0.3393181596170753,-0.29594567791193965,-0.5262248461885841,Hot,2.885669862264968e-07
Fiji,2005,0.19446619236392218,-0.14508787711972507,-0.3189631208302447,-0.34080296962000584,-0.2974393884112552,-0.5245382218301515,Hot,2.4563518983351545e-07
Fiji,2006,0.19357939403147503,-0.1439421402901042,-0.3188472942920682,-0.3415063006740256,-0.29597016496930545,-0.52522050544948,Hot,2.8232219692312777e-07
Fiji,2007,0.22511964800927725,-0.144523959773896,-0.31877779836916237,-0.3415063006740256,-0.29186613415479246,-0.5256136669076238,Hot,3.785341296569506e-07
Fiji,2008,0.200921836168659,-0.14715557405443147,-0.3185693106004448,-0.34103741330467907,-0.29940814782346786,-0.5260868473065163,Hot,2.0770313439024282e-07
Fiji,2009,0.1635088687584978,-0.14794326812479583,-0.31870830244625653,-0.34330370225652046,-0.30010358025265743,-0.5271466621783881,Hot,1.9576385461149344e-07
Fiji,2010,0.21493697065348674,-0.14501626856787372,-0.31870830244625653,-0.3427566669922829,-0.29817889754370325,-0.5228329258882811,Hot,2.217242749915828e-07
Fiji,2011,0.20037611411792222,-0.14590242439703363,-0.31870830244625653,-0.34306925857184717,-0.29856579305008335,-0.5224615233929683,Hot,2.1184809963642357e-07
Fiji,2012,0.1821750434484674,-0.14609934791462473,-0.3185693106004448,-0.34283481488717393,-0.2985706904615565,-0.5274896971988187,Hot,2.336124667524747e-07
Fiji,2013,0.2166392513685686,-0.14495361108500385,-0.31812916975537436,-0.34260037120250075,-0.2956812176923887,-0.5240176118418508,Hot,2.822274076538736e-07
France,2000,-0.6744287359868035,3.4928324315131336,1.6576862490733877,3.2065644231708506,2.0576033537473766,-0.14634231175064438,Moderate,6.3753246754155065e-06
France,2001,-0.6945832435424184,3.529952514579054,1.654443106004448,3.1556119957018653,2.0356874374049596,-0.13054145297010736,Moderate,6.092312788543807e-06
France,2002,-0.66841339065482,3.489090884678903,1.6228919570051887,3.042844583374035,1.9984426231515333,-0.11116780949817885,Moderate,5.745719283881216e-06
France,2003,-0.6468511682637823,3.542457157946088,1.5929855448480355,3.022447982807463,2.0266566106484416,-0.15197736995976108,Moderate,6.375519593106485e-06
France,2004,-0.6969955830621521,3.5521601167219394,1.5736888435878427,2.993533261697763,2.0322298649049046,-0.10697211269002461,Moderate,5.777742368005261e-06
France,2005,-0.6947506809898034,3.5724790433097477,1.5524230911786505,2.87701475041516,2.032357197603207,-0.0970903215273296,Moderate,5.658875412242005e-06
France,2006,-0.6612941984474832,3.485886401983557,1.531597479614529,2.778079515483052,1.9760222734273796,-0.08792715402196512,Moderate,5.419035525052095e-06
France,2007,-0.6796937134990243,3.3945138898212925,1.5295357672349885,2.823561590309661,1.934335506967792,-0.10655156657938956,Moderate,5.531135813227327e-06
France,2008,-0.7031411575198795,3.334837112922211,1.5357672349888805,2.7203282211585424,1.9068512337803856,-0.04816609953680851,Moderate,4.859229637283495e-06
France,2009,-0.6763387631643818,3.170226954354024,1.50569866567828,2.6004493503956234,1.812762164557923,-0.07715185654461293,Moderate,4.923103046719104e-06
France,2010,-0.7378255146763575,3.2210242708235435,1.504887879911045,2.644759206798867,1.860815565932626,-0.03297572394463745,Moderate,4.625184866619792e-06
France,2011,-0.6363088104654608,3.024530404543563,1.4500324314306896,2.5451987887076295,1.7377289233775488,-0.08030126339210725,Moderate,4.779115994733425e-06
France,2012,-0.6937894660140743,3.0511419326253044,1.4322878057820607,2.601387125134316,1.77736367442988,-0.03502889959114465,Moderate,4.4641220723137975e-06
France,2013,-0.7029086055096223,3.0682653275867473,1.4291141586360268,2.666875061053043,1.8107444310309786,-0.06142160913139297,Moderate,4.76811803586088e-06
Gabon,2000,0.11476596740861106,-0.09938371890062973,0.12611193476649368,-0.29360164110579273,-0.11735667113147345,-0.3630585808383591,Hot,1.038206319397034e-06
Gabon,2001,0.11038778822883731,-0.09623294261917231,0.1378567457375834,-0.34345999804630256,-0.12464891681501741,-0.37164730331878454,Hot,1.0405090138368457e-06
Gabon,2002,0.13422591962692454,-0.09829168848489733,0.12254447739065973,-0.34181889225358986,-0.12262138846512674,-0.35186819430547517,Hot,9.592261326495809e-07
Gabon,2003,0.14003661918988197,-0.09385195827011643,0.17248888065233503,-0.3382240890886002,-0.10952081277440807,-0.3525968636589303,Hot,1.030218404708533e-06
Gabon,2004,0.13566464139704862,-0.09707434310342515,0.13614251297257227,-0.3323629969717691,-0.12194064827035671,-0.46579152771163523,Hot,1.956384357574114e-06
Gabon,2005,0.14401170821854273,-0.0985333673473955,0.10104707190511486,-0.333300771710462,-0.1336993332174279,-0.4480117907889143,Hot,1.5787086208006127e-06
Gabon,2006,0.1583245092764999,-0.10462009425475641,0.03280207561156413,-0.32861189801699714,-0.15151121874533213,-0.4420267181987676,Hot,1.3544852251565147e-06
Gabon,2007,0.1513169420340862,-0.10914038409037001,-0.026570607857672356,-0.327517827488522,-0.15828433881272053,-0.4339370119750478,Hot,1.2222951159416108e-06
Gabon,2008,0.156104412751912,-0.10608806956770815,-4.633061527058627e-05,-0.32165673537169087,-0.15360241344437395,-0.4299714165944665,Hot,1.226231471315988e-06
Gabon,2009,0.15660672509406706,-0.10675939974131413,-0.01436249073387697,-0.3254859822213539,-0.15570830037783528,-0.43255606234012106,Hot,1.2313167553628578e-06
Gabon,2010,0.16303136196410323,-0.1047543602894776,-0.013945515196441816,-0.321734883266582,-0.16731516556923837,-0.4311856221605309,Hot,1.126958146408974e-06
Gabon,2011,0.12656100536885087,-0.10547939687697207,-0.015358598962194225,-0.3241574680082055,-0.16507704852600155,-0.42977950247082825,Hot,1.133840732595471e-06
Gabon,2012,0.13405848217953945,-0.1093373076079611,-0.019157709414381063,-0.3275959753834131,-0.17083150700697144,-0.4267214239133049,Hot,1.0660442773672138e-06
Gabon,2013,0.1345669959086349,-0.10777982160519521,-0.031319495922905866,-0.3168115658884439,-0.16738862674133587,-0.42247502652717983,Hot,1.0625354883384023e-06
Gambia,2000,0.3745792746547765,-0.15177432564884066,-0.3220672720533729,-0.3435381459411937,-0.29697413432130443,0.44198343679257285,Hot,1.2986134825574338e-08
Gambia,2001,0.40628076469302365,-0.1515505489243053,-0.323781504818384,-0.3465077659470548,-0.2980907441371863,0.40553916470998985,Hot,1.2150866886221043e-08
Gambia,2002,0.41060933277727557,-0.1515505489243053,-0.3239204966641957,-0.345726286998144,-0.29790953991267916,0.48006438161313175,Hot,1.1492231547559921e-08
Gambia,2003,0.3868456180224707,-0.1515505489243053,-0.32232209043736104,-0.3443196248901045,-0.2965137776428269,0.5017404409051114,Hot,1.2760860889404931e-08
Gambia,2004,0.39755541326817734,-0.15138047861365847,-0.3207005189028911,-0.3426785190973918,-0.29585262709394944,0.49822328820386136,Hot,1.3515359004251612e-08
Gambia,2005,0.41485728283130524,-0.15138047861365847,-0.31991289844329135,-0.34197518804337207,-0.2964403164707294,0.523439718277091,Hot,1.2586418900245733e-08
Gambia,2006,0.3830317650542544,-0.1511208976131975,-0.3190326167531505,-0.34009963856598613,-0.29422178907338525,0.45339278732824123,Hot,1.5938464193892988e-08
Gambia,2007,0.3969910870566204,-0.1511208976131975,-0.31912527798369167,-0.34033408225065936,-0.2832124080817084,0.503867127151398,Hot,2.6999755438725623e-08
Gambia,2008,0.3955895736081377,-0.15098663157847628,-0.3160442920681987,-0.34033408225065936,-0.28291856339331845,0.5953189276131531,Hot,2.5182546005156136e-08
Gambia,2009,0.366784131270959,-0.15088816981968076,-0.3089788732394366,-0.3383022369834912,-0.28585211286574475,0.5982133512395896,Hot,2.2227350643772453e-08
Gambia,2010,0.42958557681425436,-0.15036900781875878,-0.30680133432171985,-0.33798964540392695,-0.29007857896708694,0.5983984835086922,Hot,1.8056272232172423e-08
Gambia,2011,0.39085791537277303,-0.15027054605996323,-0.3144690511489993,-0.3397088990915307,-0.29393284179646845,0.5990930722889761,Hot,1.424728904860798e-08
Gambia,2012,0.3922842343690163,-0.15019893750811192,-0.31185137138621205,-0.34260037120250075,-0.29371735569164914,0.6100327648062946,Hot,1.4326293893663305e-08
Gambia,2013,0.4237407696231261,-0.15039586102570304,-0.3101834692364715,-0.3411155611995702,-0.29412384084392196,0.6623275903958554,Hot,1.3341243989684112e-08
Georgia,2000,-1.0209250298829333,-0.1139829124093145,-0.2638991845811713,-0.21764188727166162,-0.2799948087438384,0.176505539319761,Cold,4.36939182262269e-08
Georgia,2001,-0.9799524663691036,-0.12091103980092825,-0.26378335804299485,-0.252652144182866,-0.28569049828713033,0.21241173131637262,Cold,3.3339083671911805e-08
Georgia,2002,-1.0287511802014524,-0.12427664173793958,-0.2624397702001483,-0.23452183256813516,-0.25130577233403284,0.24742966304752675,Cold,8.02756914075535e-08
Georgia,2003,-1.0586232610923436,-0.12083943124907695,-0.2602390659747962,-0.2307707336133633,-0.29751774699482586,0.26251686838076377,Cold,1.501425630722901e-08
Georgia,2004,-1.027814770773484,-0.11594319651624399,-0.2608413639733136,-0.229520367295106,-0.29165064804997315,0.3075930944799692,Cold,2.193749023219288e-08
Georgia,2005,-1.0133097267203812,-0.10906877553851872,-0.26190696812453673,-0.22420631044251244,-0.28898155879709775,0.30736306871956703,Cold,2.5442044446330907e-08
Georgia,2006,-1.0140352889923834,-0.09808581389832484,-0.263389547813195,-0.2260037120250073,-0.2853231924266429,0.38169046883580054,Cold,2.7891345924936406e-08
Georgia,2007,-1.004944055738066,-0.09507825472057002,-0.26417716827279464,-0.2293640715053238,-0.28369235440607865,0.41175337122026306,Cold,2.8954531992319198e-08
Georgia,2008,-1.0211172728780795,-0.10279407618254813,-0.271427909562639,-0.23420924098857085,-0.2889374820938393,0.4692034072872647,Cold,2.1552054576386307e-08
Georgia,2009,-1.0029968202388466,-0.09899882293442896,-0.2717058932542624,-0.235303311517046,-0.28766415511081617,0.476543160695368,Cold,2.2802711811101214e-08
Georgia,2010,-0.8876262176035672,-0.09793364572564081,-0.271103595255745,-0.2319429520367295,-0.28601372744435927,0.45945778169432117,Moderate,2.5024669176744827e-08
Georgia,2011,-1.0795219350807812,-0.08429221659796723,-0.2705707931801335,-0.2310833251929276,-0.2737408142926056,0.4655911522399109,Cold,3.852203039431703e-08
Georgia,2012,-0.9854903049066924,-0.07999570348688893,-0.26704966641957006,-0.22428445833740354,-0.26112997974920354,0.48924741600500116,Cold,5.1375779312647976e-08
Georgia,2013,-0.9185680377416412,-0.08237668783594483,-0.26426982950333583,-0.2160007814789489,-0.27091500787258893,-0.25870477203560976,Moderate,1.3671869194952506e-07
Germany,2000,-0.9681450256349836,7.892560319016099,1.990177909562639,3.5106378821920483,4.796235849541724,-0.5142458135530675,Moderate,9.547188660771848e-05
Germany,2001,-1.0373525038874947,8.038274770964524,1.9022192364714605,3.340353619224382,4.849602942364813,-0.5069754363903579,Cold,8.633403755628049e-05
Germany,2002,-0.9966528013990331,7.891289267220738,1.8215344699777614,3.255563153267559,4.755935050529043,-0.5116427256531904,Cold,9.089723704012252e-05
Germany,2003,-1.007300582775338,7.852504285324275,1.7467336916234246,3.162254566767608,4.723264418591554,0.3496559678426682,Cold,6.294563788863644e-06
Germany,2004,-1.0401059196889386,7.692002667418557,1.6753845441067459,3.1247435772198884,4.624459142120432,0.33719561266899695,Cold,6.255144639978546e-06
Germany,2005,-1.0345246714427685,7.614217877970077,1.6048925129725724,3.053003809709875,4.561042560954407,0.42011693888678675,Cold,5.660804706660826e-06
Germany,2006,-0.9915428585603173,7.780296011851216,1.540909933283914,2.9573507863631927,4.638524507871364,0.3687206987849084,Cold,6.063690696443996e-06
Germany,2007,-0.9698504070435355,7.419738002210915,1.5458904744255004,2.982592556413011,4.455082166320991,0.3030946435649719,Cold,6.274630651768362e-06
Germany,2008,-0.9962931209565022,7.513634715825939,1.5016679021497408,2.8563055582690238,4.486161139529701,0.3595518373532969,Cold,5.934517174661174e-06
Germany,2009,-1.0173530310053844,6.9169654085939225,1.4432913269088212,2.8074631239620977,4.127709798985745,0.3884930830060312,Cold,5.326106865642378e-06
Germany,2010,-1.1178279022103297,7.245657612660393,1.4168597108969607,2.8330174855914816,4.316309114817363,0.38551827838221026,Cold,5.569720272417365e-06
Germany,2011,-0.9830903681608394,7.047275070825334,1.3810693106004448,2.747367392790857,4.182839959939174,0.30254362575411003,Cold,5.919732409519877e-06
Germany,2012,-1.0271760279186442,7.13276673066681,1.347734432913269,2.7678421412523204,4.238195401820367,0.3751480459320759,Cold,5.5353340237935085e-06
Germany,2013,-1.026574493385446,7.290779951395696,1.313380281690141,2.825593435576829,4.325320351927988,0.27782080706673845,Cold,6.284341897184804e-06
Ghana,2000,0.3137188632237602,-0.10667884012048143,-0.1243977020014826,-0.011409592654097873,-0.11027011672980246,-0.0061845847187369015,Hot,4.0257607617113057e-07
Ghana,2001,0.3161622096781944,-0.10080693886867441,-0.14387972572275762,-0.06947347855817132,-0.11526057902095845,0.014962596783722968,Hot,3.783965984068924e-07
Ghana,2002,0.3252658457063919,-0.09620608941222807,-0.1433005930318755,-0.08064862752759597,-0.11456024918029573,0.009391783008943002,Hot,3.83381712785196e-07
Ghana,2003,0.3351198495543531,-0.09439797347798264,-0.13347850259451446,-0.05017094852007427,-0.10468706765039337,-0.48058110950120153,Hot,2.4681207278459187e-06
Ghana,2004,0.32636349119480557,-0.09649252361963329,-0.1336174944403262,-0.07486568330565596,-0.12124521584116714,-0.48482027658852317,Hot,2.3727207822866067e-06
Ghana,2005,0.3401553757497865,-0.09951798493535093,-0.11420496664195705,0.0010940705284751575,-0.1101623736773928,-0.4704749669352555,Hot,2.1721357172291357e-06
Ghana,2006,0.3386980498188418,-0.07794590869014534,-0.11404280948851005,-0.00875256422780112,-0.1034774070165214,0.24636445873319612,Hot,2.88535084982268e-07
Ghana,2007,0.3421274167967663,-0.07383736802767674,-0.11798091178650856,-0.02844583374035361,-0.09346220055389722,0.22259384593403225,Hot,3.116436232280559e-07
Ghana,2008,0.32279149231725673,-0.07972717141744655,-0.075889547813195,-0.0243039953111263,-0.09474532235986667,0.17227158249004626,Hot,3.306116500748941e-07
Ghana,2009,0.3369120503800672,-0.09275992785438403,-0.08960340993328392,-0.03469766533164012,-0.10101890645699213,0.23947668286381027,Hot,2.944626504633976e-07
Ghana,2010,0.36499813183218416,-0.07418645971795185,-0.08772702001482582,-0.01625476213734494,-0.08572429042629516,0.3569823652577268,Hot,2.763662330247825e-07
Ghana,2011,0.3400499521718032,-0.06178027810971327,-0.03208395107487031,0.018286607404513038,-0.06680069249398231,0.38381792139653875,Hot,2.9147154546314813e-07
Ghana,2012,0.31621802216065614,-0.04108540662468617,-0.03567457375833953,0.0071114584350884195,-0.06112459259658308,0.23147776987127391,Hot,3.545891377227357e-07
Ghana,2013,0.3488125119182906,-0.041362889763109985,-0.006277798369162361,0.04055875744847124,-0.05070779839315929,0.2554763402893727,Hot,3.588639507695187e-07
Greece,2000,-0.5474739425472508,0.7674825566043224,-0.00745922905856192,0.135430301846244,0.28529870536927704,2.4452320859843977,Moderate,2.275805092415393e-07
Greece,2001,-0.5282558444196046,0.788857709331937,-0.02209970348406228,0.1161277718081469,0.29119518878296874,2.19476039537156,Moderate,2.506167293500875e-07
Greece,2002,-0.5512691913546468,0.7856263734296469,-0.016146219421793943,0.1108137149555534,0.2900247074408821,2.665521874483791,Moderate,2.1380376442930218e-07
Greece,2003,-0.5624130836861665,0.8220303709770539,-0.011837472201630861,0.10596854547230633,0.3051332218355988,2.8010332444809527,Moderate,2.1040625130182997e-07
Greece,2004,-0.5636719652350249,0.8257719178112846,-0.005328020756115651,0.10612484126208847,0.3104518106954569,2.6232676901226624,Moderate,2.240220718329106e-07
Greece,2005,-0.5845334309018213,0.8651924256054279,0.0009497776130466687,0.08963563544007035,0.32817064540537105,2.8797493039220226,Moderate,2.1333446793260365e-07
Greece,2006,-0.5817552095526168,0.8520343542027506,0.005351186063750924,0.07439679593630946,0.3193112280504139,0.19454829203855356,Moderate,9.432815198435576e-07
Greece,2007,-0.5169693201884603,0.8710643268572349,0.006717939214232745,0.08955748754517924,0.332362829626401,0.20552283779636102,Moderate,9.493763945668756e-07
Greece,2008,-0.5190777917481246,0.8400488728366385,0.004447739065974759,0.0667383022369835,0.3144529958690334,0.16903686918880895,Moderate,9.680230834362189e-07
Greece,2009,-0.5264264352722489,0.7795306954533046,-0.00523535952557452,0.04509133535215395,0.2827128721114455,0.18201545883270295,Moderate,9.02966452633974e-07
Greece,2010,-0.49553732692316654,0.7171864999977622,-0.01579873980726465,0.055953892742014275,0.24353847773759177,0.21254961856951063,Moderate,8.104835373133061e-07
Greece,2011,-0.5781335995795459,0.6916849044697163,-0.02175222386953303,0.03626062322946179,0.2275190448088663,0.21456278108707347,Moderate,7.849561285367781e-07
Greece,2012,-0.5202250483320596,0.6638291777995589,-0.0260378057820608,0.006251831591286515,0.2084093452405731,0.2639583669538879,Moderate,7.124598706344906e-07
Greece,2013,-0.43732490771561067,0.5771828300594799,-0.04139640474425502,0.007971085278890323,0.137362596999356,0.28858968735540313,Moderate,5.97011333636186e-07
Grenada,2000,0.30962594784323483,-0.152562019719205,-0.34277705707931805,-0.3681547328318843,-0.306969751138036,-0.23959221762627456,Hot,4.887218952612448e-09
Grenada,2001,0.33316021128125306,-0.15249936223633512,-0.34277705707931805,-0.3681547328318843,-0.3071803398313821,-0.26040169297164867,Hot,4.43687810986344e-09
Grenada,2002,0.33494621072002756,-0.15242775368448377,-0.34277705707931805,-0.3679984370421021,-0.30727828806084545,-0.22879972963407427,Hot,3.706658100713693e-09
Grenada,2003,0.34873809527500826,-0.15232929192568825,-0.34275389177168275,-0.3679984370421021,-0.30724400618053327,-0.23317089293927734,Hot,3.869654191820953e-09
Grenada,2004,0.3307478717615195,-0.15240090047753957,-0.34275389177168275,-0.36807658493699325,-0.30744969746240625,-0.24126927479551943,Hot,3.251878956620511e-09
Grenada,2005,0.3629888824635631,-0.152302438718744,-0.34275389177168275,-0.36807658493699325,-0.3073860311132551,-0.22710239031643692,Hot,3.331145778025649e-09
Grenada,2006,0.3507597474175096,-0.1522308301668927,-0.3427307264640475,-0.3679984370421021,-0.3073223647641039,0.5940172602701382,Hot,1.0567009493553291e-09
Grenada,2007,0.3393988065430834,-0.15210551520115292,-0.3427307264640475,-0.3679984370421021,-0.30725869841495274,0.6024158814625934,Hot,1.111736130875075e-09
Grenada,2008,0.32248142297024707,-0.15190859168356183,-0.3427307264640475,-0.3679984370421021,-0.30677385467910934,0.5698159251468534,Hot,1.6333738980355016e-09
Grenada,2009,0.3420592015404246,-0.1520070534423574,-0.3427307264640475,-0.3679984370421021,-0.30701872525276763,0.6418773668956135,Hot,1.303901698712348e-09
Grenada,2010,0.3779404263763593,-0.1519443959594875,-0.3427307264640475,-0.3679202891472111,-0.3070383148986603,0.76419565328138,Hot,1.1679838821778994e-09
Grenada,2011,0.3446885896030646,-0.1520070534423574,-0.3427307264640475,-0.3679984370421021,-0.30719992947727476,0.7888642147501396,Hot,1.0097498692796622e-09
Grenada,2012,0.3427785624254864,-0.15184593420069195,-0.3427307264640475,-0.3679984370421021,-0.3071068786592846,0.6725520666041352,Hot,1.190108394366216e-09
Grenada,2013,0.3410266706148832,-0.1515505489243053,-0.3427307264640475,-0.3679202891472111,-0.3069305718462506,0.6715287135524365,Hot,1.3547449779373632e-09
Guatemala,2000,0.02966433442839485,-0.06703455560180276,-0.12138621200889549,-0.14191657712220376,0.11274820693522442,-0.09674808237352153,Hot,1.0173962449801153e-06
Guatemala,2001,0.04124232384572824,-0.06340937266433046,-0.1145756115641216,-0.1371495555338478,0.12279769527816072,-0.09397881860057207,Hot,1.0356916542044374e-06
Guatemala,2002,0.05978447079689367,-0.05851313793149748,-0.09930967383246851,-0.13035068867832372,0.1491555638267394,-0.0975813199000238,Hot,1.1072744916611444e-06
Guatemala,2003,0.07170973788287781,-0.0610462904532374,-0.10009729429206823,-0.10182670704307901,0.05210356066301154,-0.09459641336855962,Hot,8.669982719609847e-07
Guatemala,2004,0.05713027718649263,-0.05527285096022595,-0.09365733876945888,-0.1052652144182866,-0.021959993045675717,-0.07533743430511977,Hot,6.623833352208227e-07
Guatemala,2005,0.0683175792265941,-0.046482901220478275,-0.08334877687175687,-0.08650971964442705,-0.018355498201425624,-0.09654070996871679,Hot,7.003696841336214e-07
Guatemala,2006,0.057899249167076235,-0.045247653701043264,-0.07815974796145295,-0.09580931913646576,0.05832817064540535,-0.18782036903478994,Hot,1.0936856279358787e-06
Guatemala,2007,0.05866201976071944,-0.04577576677094663,-0.065418828762046,-0.08455602227215003,0.034487571594033976,-0.16942598836374542,Hot,9.763397643637474e-07
Guatemala,2008,0.03362702068317562,-0.05814614410325956,-0.05561990363232028,-0.10753150337012796,-0.009794822946331716,-0.1953270067285822,Hot,9.080708820202692e-07
Guatemala,2009,0.06769744053257494,-0.04928458581166058,-0.043620274277242424,-0.07533457067500243,-0.018345703378479315,-0.13103042097819784,Hot,7.546600496028604e-07
Guatemala,2010,0.04891964087768217,-0.05741215644678367,-0.03338120830244627,-0.0650971964442708,-0.042450762649401654,-0.1437154907461959,Hot,7.122380575081694e-07
Guatemala,2011,0.05883565859504495,-0.05596208327179476,-0.03041604892512974,-0.043997264823678786,-0.05206927878269939,-0.16696352326107156,Hot,7.254780837294475e-07
Guatemala,2012,0.060869713511426844,-0.05266808988663473,-0.021891215715344706,-0.04188727166161958,-0.061041336601539244,-0.16523430287992172,Hot,6.971380493224185e-07
Guatemala,2013,0.0938486892593526,-0.04241016483393531,-0.013922349888806545,-0.03649506691413497,-0.019756157882751067,-0.15328877647311956,Hot,7.905184168418632e-07
Guinea,2000,0.21870741391312135,-0.14131052600956873,-0.1240965530022239,-0.11901924391911693,-0.13054050281723595,0.020603182678198873,Hot,3.451652367798847e-07
Guinea,2001,0.2424711286679265,-0.14065709797392556,-0.11879169755374352,-0.08377454332323923,-0.13012912025349,0.04316137625778419,Hot,3.3336248078508055e-07
Guinea,2002,0.25931409559748,-0.14010213169707794,-0.10236749444032618,-0.05337501221060856,-0.1269751872647712,0.015097582036364361,Hot,3.55363133341028e-07
Guinea,2003,0.251494146665902,-0.1394487036614348,-0.09794292068198669,-0.057516850639835866,-0.11486388869163204,-0.029187113067072296,Hot,4.097787308810637e-07
Guinea,2004,0.25107865374090926,-0.13882212883273587,-0.09497776130467016,-0.06681645013187457,-0.13759767275006793,0.059824440680489706,Hot,3.11027527449899e-07
Guinea,2005,0.2587497693859231,-0.13826716255588825,-0.07410581912527803,-0.01625476213734494,-0.11104880515403581,0.059291352188749244,Hot,3.596767792107945e-07
Guinea,2006,0.22997533398344502,-0.13770324521005925,-0.0685229799851742,-0.01922438214320598,-0.07887281177533613,-0.03498171876181488,Hot,4.911909956508333e-07
Guinea,2007,0.2446168085492318,-0.13698715969154618,-0.06273165307635285,-0.018442903194295184,-0.05291163355608394,-0.12060935180590708,Hot,6.495180296098058e-07
Guinea,2008,0.24241531618546477,-0.1366559701392339,-0.05149647887323946,-0.0023444368467324603,-0.10383981546553567,-0.07208853508831581,Hot,4.699834901352251e-07
Guinea,2009,0.24523694724325093,-0.135510233309613,-0.044060415122312846,-0.007189606329979457,0.13810210613180401,-0.008778138089963899,Hot,9.114111090209096e-07
Guinea,2010,0.2654472672813276,-0.1322251909934344,0.0012972572275759629,-0.001797401582494847,0.05266186557095247,-0.008177969119751511,Hot,7.362257238401763e-07
Guinea,2011,0.24652683572681053,-0.13134798623325591,0.017698295033358027,0.023444368467324398,0.18123850638744893,-0.04292596761198834,Hot,1.0634675284626992e-06
Guinea,2012,0.22570257838165483,-0.13281596154620767,0.03660118606375089,0.06361238644134024,0.0867135675438747,-0.048145286787978844,Hot,8.66642992581743e-07
Guinea,2013,0.27210755685509064,-0.13564449934433423,0.04352761304670121,0.06212757643840968,0.16482728054087015,0.0036730957295743943,Hot,9.452218908789913e-07
Guyana,2000,0.25029107759950525,-0.13858940103921913,-0.3081217568569311,-0.3266582006447201,-0.24660915473126677,-0.47436114389108364,Hot,7.028220056822516e-07
Guyana,2001,0.26394033025486163,-0.13866100959107044,-0.30675500370644926,-0.3329881801308977,-0.2598566527661804,-0.463402286138612,Hot,4.984634409227286e-07
Guyana,2002,0.2662534475835523,-0.13892059059153142,-0.3096506671608599,-0.3329100322360066,-0.2609683651705891,-0.4704175880204301,Hot,5.193541463303354e-07
Guyana,2003,0.29569143138862986,-0.13750632169246815,-0.3053187546330616,-0.32650190485493796,-0.20888439415347018,-0.4634260464810959,Hot,1.0221911752517263e-06
Guyana,2004,0.2858560317014901,-0.13698715969154618,-0.30805226093402527,-0.3267363485396112,-0.2337240651453674,-0.46639357321634084,Hot,7.877548044998118e-07
Guyana,2005,0.30050370765421675,-0.13977094214476565,-0.31002131208302447,-0.33251929276155123,-0.2566292586053641,-0.46011714435492007,Hot,5.165622963437935e-07
Guyana,2006,0.2821041926026754,-0.14071975545679546,-0.31090159377316534,-0.33455113802871933,-0.25573303230577477,-0.4652345990695328,Hot,5.497476880782033e-07
Guyana,2007,0.27374472300730046,-0.13829401576283248,-0.31002131208302447,-0.33353521539513525,-0.2600476518136339,-0.4637294683195248,Hot,4.979464873007223e-07
Guyana,2008,0.2670658292727168,-0.1389832480744013,-0.3080290956263899,-0.32900263749145253,-0.2648275254114438,-0.46139371753721786,Hot,4.3958043821802053e-07
Guyana,2009,0.3029780610433521,-0.13718408320913728,-0.30680133432171985,-0.3322067011819869,-0.26422514380024437,-0.45536596786859146,Hot,4.234222881629738e-07
Guyana,2010,0.3040571023709454,-0.13738100672672837,-0.3056199036323203,-0.32564227801113604,-0.27154677395262733,-0.45506637913391507,Hot,3.5235372263300414e-07
Guyana,2011,0.27185950137748327,-0.1367186276221038,-0.3039520014825797,-0.33228484907687794,-0.27089541822669627,-0.4542528678800375,Hot,3.561903606381901e-07
Guyana,2012,0.2805476444806883,-0.1367186276221038,-0.3031875463306153,-0.3274396795936309,-0.2636472492464108,-0.44654380093506857,Hot,3.997685985675121e-07
Guyana,2013,0.2721633693375523,-0.13721093641608154,-0.2995969236471461,-0.3254859822213539,-0.26892176140301044,-0.4387509299891469,Hot,3.326441430170814e-07
Haiti,2000,0.26554648947237025,-0.13960982290310023,-0.17726093402520388,-0.24944808049233175,-0.24916560352025932,-0.21924926944810313,Hot,1.9218153631276798e-07
Haiti,2001,0.2964417992083931,-0.14111360249197763,-0.17577835433654562,-0.24944808049233175,-0.251251900807828,-0.19211075029525887,Hot,1.7231001150613006e-07
Haiti,2002,0.3139979256360682,-0.13832086896977674,-0.17424944403261677,-0.2503858552310247,-0.25137923350613034,-0.2769459468219559,Hot,2.206697120464417e-07
Haiti,2003,0.3202985347673007,-0.13909066090217825,-0.17285952557449966,-0.25015141154635145,-0.25077685189493093,-0.24381518833150945,Hot,2.007715895693529e-07
Haiti,2004,0.3086399273197451,-0.1395292632822675,-0.1712147887323944,-0.25015141154635145,-0.20501543908966913,-0.20672372616724027,Hot,3.240747938934148e-07
Haiti,2005,0.3088569758626515,-0.13888478631560577,-0.16838862120088957,-0.24905734101787635,-0.20214555596639394,-0.2347531022514205,Hot,3.604158663501162e-07
Haiti,2006,0.31195766933274643,-0.13860730317718195,-0.16602575982209045,-0.24874474943831199,-0.22449734192992293,-0.22931847191382762,Hot,2.801322217165781e-07
Haiti,2007,0.3168691677893762,-0.1384282817975537,-0.16257412898443294,-0.2461658689069063,-0.2269705347238717,-0.2864078900086029,Hot,3.254384853913973e-07
Haiti,2008,0.2899985581775365,-0.13853569462533066,-0.16000277983691627,-0.24593142522223307,-0.21013813149060065,-0.22891317783176016,Hot,3.276972199963934e-07
Haiti,2009,0.3062213864130714,-0.1373989088646912,-0.15634266123054116,-0.2463221646966885,-0.15995435612507009,-0.2272354774348409,Hot,4.926936865527914e-07
Haiti,2010,0.2955922091975872,-0.13517904375730075,-0.15330800593031876,-0.24429031942952034,-0.18842300901858325,-0.21422190638138813,Hot,3.838824808380476e-07
Haiti,2011,0.2912202314047536,-0.13389904089295868,-0.14904558932542628,-0.2416332910032236,-0.19818844749607595,-0.17981189010095,Hot,3.220200997756567e-07
Haiti,2012,0.29877352069790386,-0.13398855158277279,-0.14496849518161603,-0.24085181205431277,-0.1998192855166402,-0.2281563524063805,Hot,3.613259478845053e-07
Haiti,2013,0.2977668288846137,-0.1300411301619696,-0.14404188287620465,-0.23991403731561983,-0.2186939093342214,-0.11821508393612301,Hot,2.26847544695312e-07
Honduras,2000,0.15802064131643007,-0.10919409050425849,-0.22481931060044483,-0.20466933671974208,-0.21300801461387583,-0.5193418905562154,Hot,1.9438997751146703e-06
Honduras,2001,0.1581012593466531,-0.103528063839024,-0.22097386953298745,-0.21396893621178079,-0.181625401893829,-0.5181649532839638,Hot,2.5310645044781185e-06
Honduras,2002,0.17877668340524383,-0.10102176452422833,-0.21071163825055597,-0.2356940509915014,-0.14275954444278474,-0.5097773426858668,Hot,2.889301957120196e-06
Honduras,2003,0.18742141679986712,-0.0943800713400198,-0.19227205337286882,-0.20240304776790075,-0.17287862500275478,-0.5021364512946328,Hot,2.1199286284157317e-06
Honduras,2004,0.18110840489475435,-0.08984187936644336,-0.19227205337286882,-0.22365927517827489,-0.20475587628159134,-0.5072295452074882,Hot,1.7410124508446596e-06
Honduras,2005,0.19320110942812363,-0.09305531313077066,-0.18495181616011863,-0.19763602617954476,-0.2131696291924903,-0.4987724582496372,Hot,1.4248765393726026e-06
Honduras,2006,0.19048490194832077,-0.08533054059981116,-0.18620274277242402,-0.1958386245970499,-0.20219942749259878,-0.5029309197761925,Hot,1.6792564172350677e-06
Honduras,2007,0.17511786511053185,-0.08069388686743917,-0.18251945885841367,-0.1949008498583569,-0.1929286275738958,-0.4997956350660288,Hot,1.750908682876396e-06
Honduras,2008,0.15460987849932595,-0.07785639800033121,-0.1786740177909563,-0.19763602617954476,-0.18667953053413616,-0.4979427746411193,Hot,1.8019579700293216e-06
Honduras,2009,0.18517651472751895,-0.08235878569798201,-0.1715391030392884,-0.19552603301748556,-0.1482201582353647,-0.4993316595728005,Hot,2.414222133944918e-06
Honduras,2010,0.16486697249839935,-0.0816695533864132,-0.16857394366197187,-0.1925564130116245,-0.15149652651091264,-0.5040638854600892,Hot,2.5200348354462088e-06
Honduras,2011,0.18187737687533823,-0.07495625165035337,-0.16491382505559676,-0.1710657419165771,-0.13910117807232986,-0.5007154577874284,Hot,2.598466705288029e-06
Honduras,2012,0.16597702076069307,-0.07270953333601866,-0.1624814677538918,-0.18231903878089284,-0.16143827180143933,-0.5021328627194962,Hot,2.2987891327048973e-06
Honduras,2013,0.201083072229104,-0.0707402981601078,-0.15826538176426985,-0.1752857282406955,-0.1630495201761109,-0.503130773904513,Hot,2.304646560880472e-06
Hungary,2000,-0.8431312663077101,0.3671101921346957,-0.07676982950333584,0.17692683403340823,0.04848437358434202,0.4680335017300345,Moderate,3.958352894936274e-07
Hungary,2001,-0.9306886485162409,0.3812886854012541,-0.08436805040770945,0.2129530135781967,0.05469429133231633,0.3876925321091289,Moderate,4.362913352993061e-07
Hungary,2002,-0.8630935308681791,0.37246293138558073,-0.08909377316530764,0.14121324606818406,0.049552009285492124,0.4806507734860438,Moderate,3.922795165002208e-07
Hungary,2003,-0.9251694141394725,0.3972484413951136,-0.0915724610822832,0.1301943928885416,0.06497885542596461,0.49165117869802366,Moderate,4.049709466699376e-07
Hungary,2004,-0.9464835810529026,0.3826940032313359,-0.0971321349147517,0.19583862459704993,0.05840652922897603,0.4739235868928841,Moderate,4.045586650444559e-07
Hungary,2005,-0.9739371210371204,0.3840993210614178,-0.08751853224610824,0.17598905929471523,0.059023603074594956,0.6028485499191227,Cold,3.609266699737115e-07
Hungary,2006,-0.9228500954238418,0.37861231577581156,-0.08781968124536695,0.15668652925661813,0.05640348793645117,0.6148850735862037,Moderate,3.547313908057753e-07
Hungary,2007,-0.8426165511916741,0.3689451612758854,-0.09368050407709416,0.10510891862850442,0.049096550018487756,0.6422944587488486,Moderate,3.398061575650807e-07
Hungary,2008,-0.855726283183234,0.3576220590143978,-0.10322461082283176,0.07642864120347756,0.038914831565775895,0.620607389316287,Moderate,3.361103151060627e-07
Hungary,2009,-0.8668887796755744,0.30636823802682633,-0.10943291326908822,0.04079320113314449,-0.004990462291156001,0.6006462828895968,Moderate,2.986005654680525e-07
Hungary,2010,-0.9437797763469802,0.3111570599318824,-0.11615085248332101,0.03375989059294718,-0.005024744171468152,0.7469925812564611,Moderate,2.655443625604992e-07
Hungary,2011,-0.9044009692767789,0.2947139462130265,-0.11888435878428469,0.05251538536680666,-0.01051474243288709,0.8213598753286807,Moderate,2.468640329350517e-07
Hungary,2012,-0.873394034575833,0.26395807319289105,-0.12048276501111936,0.04227801113607505,-0.031211203318486,0.8102914785124677,Moderate,2.3154567975726186e-07
Hungary,2013,-0.7983944609211852,0.2350192671759825,-0.12303094885100078,0.0708801406662108,-0.04177981727757793,0.7832001860543764,Moderate,2.271556089825237e-07
India,2000,0.10922812887102204,8.681051034519799,15.531829132690884,13.99386539025105,9.515254212386044,-0.3676794358810845,Hot,5.45716871007491e-05
India,2001,0.11547292551979256,8.80755649243411,15.63945515196442,14.212757643840968,9.487769939198635,-0.3584777461282742,Hot,5.211877702717375e-05
India,2002,0.14011103583316406,9.089980620935656,15.487629725722758,13.720425906027158,9.45726886054376,-0.3671875417542956,Hot,5.412188132974401e-05
India,2003,0.12053325726298651,9.40906832798507,15.763459043736104,14.210022467519781,9.778103183562328,-0.3454763813466122,Hot,5.06391205006159e-05
India,2004,0.1193922020659919,10.001745458451378,15.996895848776875,14.720328221158542,10.119188303022439,-0.3590793473861416,Hot,5.563186894747206e-05
India,2005,0.10903588587587613,10.545809333279628,16.379169755374352,15.393806779329882,10.492424928803882,-0.34536945858591156,Hot,5.420024369666112e-05
India,2006,0.12664782478601325,11.42236961649145,16.64299944403262,16.175832763504932,11.076103325587262,-0.3099303446066998,Hot,4.9524827641954e-05
India,2007,0.12053325726298651,12.318944489945713,17.02624629355078,17.018657809905246,11.864978365684818,-0.2869687839167579,Hot,4.875205208162397e-05
India,2008,0.10238179768905302,13.186133003933996,17.357232209043737,17.39462733222624,12.627294743363397,-0.27540177368360486,Hot,4.981267084643409e-05
India,2009,0.15749972481345434,14.286774348026514,17.31569681245367,17.913294910618344,13.100967483636525,-0.2873030977568863,Hot,5.3764106559831247e-05
India,2010,0.15036812983223694,14.870401947752612,17.478317272053374,18.553091726091626,13.640079436014094,-0.25925681884058455,Hot,5.097635171929131e-05
India,2011,0.10309495718717465,15.650621875517484,17.749235544848037,19.30979779232197,14.140653657509324,-0.2548368958146713,Hot,5.2079423436063184e-05
India,2012,0.11985730608650619,17.094348742598587,17.815812638991847,19.503291980072287,15.187068874746254,-0.2575373731944833,Hot,5.632441764281413e-05
India,2013,0.17733796163511975,17.706163258547154,17.220695885841366,19.60769756764677,14.994904243362171,-0.22952374176958973,Hot,5.113062850424838e-05
Indonesia,2000,0.23515969346544344,2.3614978718833495,4.267605633802817,3.1828074631239613,5.816866195372436,0.9157336400549109,Hot,4.755191488452318e-06
Indonesia,2001,0.24554081520332025,2.6810957898647048,4.315233506300964,3.1728045325779033,5.412281238751258,0.8253461276200218,Hot,4.727520064982757e-06
Indonesia,2002,0.2603683313773125,2.6044925415217715,4.283195885841365,3.4153755983198195,6.950901001275775,1.0118608788161576,Hot,5.294437453717512e-06
Indonesia,2003,0.2541545416632429,2.8803913407358674,4.319264269829503,3.375910911399824,5.381070035432772,1.0419370251676816,Hot,4.07238075190093e-06
Indonesia,2004,0.2533607641348988,2.9133760299323748,4.418272794662713,3.589567256032041,5.99989225694759,1.0308918879519848,Hot,4.546352234666588e-06
Indonesia,2005,0.2547684789703216,2.9550164028339085,4.504494069681246,3.5653414086158057,5.65462964550087,1.1886044835388982,Hot,3.913466627096581e-06
Indonesia,2006,0.24941048065399826,2.9461100891974024,4.777219236471461,3.7564911595193906,8.795795082509139,0.8540567661684003,Hot,7.372600116101005e-06
Indonesia,2007,0.2428122049496366,3.3149925929904183,4.861957931801334,3.7051479925759505,6.333077851701482,0.9721618684615704,Hot,4.968034094870971e-06
Indonesia,2008,0.22585761305515967,3.116341519085917,4.972780763528539,3.834092019146234,6.955293979367204,0.9432391924628094,Hot,5.536900601688953e-06
Indonesia,2009,0.2548614997744244,3.413875052028089,5.264061341734618,4.136055485005373,8.776871484576827,0.9344346129280885,Hot,6.965802506462434e-06
Indonesia,2010,0.2609636645235709,3.832301722633226,5.385795033358043,4.035088404806095,7.767539467014709,1.058325617523724,Hot,5.722599205291972e-06
Indonesia,2011,0.236052693184831,4.325398210681311,6.331704040029652,4.303213832177395,8.662306337985058,1.163748190004102,Hot,5.971479298124012e-06
Indonesia,2012,0.24497028760482267,4.462456978924708,6.6225908080059295,4.447865585620787,9.116590226235923,1.1664907657276529,Hot,6.264006482657995e-06
Indonesia,2013,0.2557544994938117,4.262534853224847,6.596228687916975,4.249838819966787,9.380565602051036,1.2255033989248385,Hot,6.228529405796542e-06
Iran,2000,-0.3079453719824438,3.1327130242529218,2.6930133432171983,1.426199081762235,2.265924545581433,-0.36805604182736223,Moderate,1.4326547829831923e-05
Iran,2001,-0.26465348975298353,3.3358933390620176,2.465367865085249,1.4573019439288852,2.333773284130672,-0.3973708633362183,Moderate,1.7114914969924867e-05
Iran,2002,-0.2893164056141158,3.3996159991406976,2.461800407709414,1.528963563544007,2.3724040658310046,-0.41187577575638984,Moderate,1.8898235846835443e-05
Iran,2003,-0.3062275878000115,3.5243580964656704,3.01901871756857,1.5894500341897038,2.5727375795523275,-0.4009478795468107,Moderate,1.9043815925029225e-05
Iran,2004,-0.288758280789499,3.803201797374652,2.939932357301705,1.6812738106867244,2.7259384052559015,-0.4190950373628512,Moderate,2.2373580794164187e-05
Iran,2005,-0.31430179359613775,4.024078375560002,3.1237259080800595,1.7391032529061248,2.9008053793167616,-0.4012201429602257,Moderate,2.124530527755256e-05
Iran,2006,-0.2841444489059979,4.330383956103958,3.28935785767235,1.887193513724724,2.9615577686413843,-0.40730340777163826,Moderate,2.2427316813080125e-05
Iran,2007,-0.31923189621358844,4.390857378142385,3.0894412527798374,1.8237374230731658,2.9917747974308178,-0.3987210563081785,Moderate,2.1539850478259007e-05
Iran,2008,-0.30699035839365474,4.5766547169895775,3.049851742031134,1.8051382240890885,3.0694085641034428,-0.4024279603792752,Moderate,2.251693159246221e-05
Iran,2009,-0.2917659534554904,4.7098287212950405,3.0846923647146034,1.8617172999902314,3.147336175464458,-0.39738994501984,Moderate,2.238725085184877e-05
Iran,2010,-0.2187880319433441,4.871753559168804,3.205360452186805,1.904464198495653,3.257552420668056,-0.3972075584934214,Hot,2.3077722375610893e-05
Iran,2011,-0.30620898363919086,5.004855954922417,3.1973220904373614,1.7083129823190386,3.309166240183751,-0.3842328782443931,Moderate,2.1829165622503333e-05
Iran,2012,-0.30291604717395054,5.209942847424554,2.798971460340993,1.7891179056364168,3.340779031243036,-0.3779000882880226,Moderate,2.131660930430428e-05
Iran,2013,-0.18523852859692078,5.305889355836321,2.7982070051890293,1.7911497509035852,3.409009767887183,-0.37426923925295047,Hot,2.1324671229446135e-05
Iraq,2000,-0.00307898861580435,0.5951655276431387,1.3761582653817643,0.03375989059294718,0.46910835278013807,-0.12429673290743312,Hot,1.99281092701785e-06
Iraq,2001,0.03623160319805482,0.7122455099200222,1.4063658265381764,0.15746800820552892,0.5712487664644852,-0.11256122147077052,Hot,2.197536125012119e-06
Iraq,2002,-0.010018340601875859,0.7148234177866694,1.228896404744255,0.17192536876037903,0.5289841054510639,-0.09357111798482765,Hot,2.0096322784746165e-06
Iraq,2003,-0.005268078205690565,0.7536173507521138,1.1529373610081544,-0.05392204747484618,0.5175633418956411,-0.0988639780501547,Hot,2.004204184861334e-06
Iraq,2004,-0.01870028231814021,0.8573781423846544,1.4179716456634546,-0.026257692683403364,0.646982337485522,-0.07104609856057952,Hot,2.190575373538153e-06
Iraq,2005,-0.024864460936688777,0.8687101957151232,1.3215576352853966,0.013675881605939225,0.6453514994649577,-0.07049593203375103,Hot,2.1844567822977195e-06
Iraq,2006,-0.00936719497315553,0.7304698863661794,1.369393995552261,0.006798866855524059,0.5832376297507952,-0.45809253658218185,Hot,8.745701834329021e-06
Iraq,2007,-0.0011317531165845524,0.3950106741497603,1.2950796886582654,0.0010940705284751575,0.33182901177582586,-0.46624770392750603,Hot,6.745597543757476e-06
Iraq,2008,0.006545563915369643,0.690163222742876,1.3963352483320977,0.027664354791442813,0.504330536095147,-0.46558066452045127,Hot,8.511491729659851e-06
Iraq,2009,-0.0023906346654427087,0.787515048984725,1.60185785767235,0.08377454332323923,0.6496955034416559,-0.4573476188665835,Hot,9.338652712457175e-06
Iraq,2010,0.12056426419768795,0.8660338260896809,1.7964001111934766,0.08682231122399138,0.7553522585637362,-0.4624342643369197,Hot,1.083221749931344e-05
Iraq,2011,-0.03251697242088192,0.951453877379306,1.99675685693106,0.11120445443000879,0.8303071411605395,-0.4557860567430464,Hot,1.0955140750565616e-05
Iraq,2012,0.029670535815334718,1.0455654166498836,2.2756903261675316,0.13902510501123375,0.9635608099339094,-0.4568588318584497,Hot,1.234717073928258e-05
Iraq,2013,0.09006584322583747,1.1141664093234336,2.2809488510007414,0.15066914135000486,1.027829540696265,-0.4506982488116908,Hot,1.2334184204678306e-05
Israel,2000,-0.20835109772300586,0.3785228050859974,-0.209900852483321,-0.18106867246263555,0.023341063081108504,-0.45324330861325635,Hot,3.1254919502919754e-06
Israel,2001,-0.1563090585209384,0.40989630186585035,-0.20756115641215717,-0.18474162352251636,0.042240173956055525,-0.4483117345580403,Hot,3.1761365938043845e-06
Israel,2002,-0.17129781075537567,0.376607276323975,-0.2057310971089696,-0.17520758034580441,0.0242470842036442,-0.4700310698562786,Hot,3.6297218565779296e-06
Israel,2003,-0.17980611363731502,0.40444510085616975,-0.20285859896219424,-0.1707531503370128,0.03808227161533769,-0.46653604015976563,Hot,3.660167960864276e-06
Israel,2004,-0.1889965690826754,0.3710039071416104,-0.1998702742772424,-0.17122203770635927,0.020196924915335975,-0.46496888830832694,Hot,3.422306374267536e-06
Israel,2005,-0.1929220470158151,0.3517501577625908,-0.20450333580429952,-0.17247240402461655,0.00835008656174778,-0.4643084939423027,Hot,3.279443471691789e-06
Israel,2006,-0.1950491227363,0.4020641165071139,-0.19947646404744257,-0.1689557487545179,0.03843488524140565,-0.4609005364559263,Hot,3.484768844002276e-06
Israel,2007,-0.17328845596317638,0.4078912624140138,-0.19583951074870276,-0.15832763504933084,0.04248994194118699,-0.4503205084931366,Hot,3.229131032373119e-06
Israel,2008,-0.15628425297317788,0.4542577997377337,-0.1979938843587843,-0.18239718667578392,0.06705535789058696,-0.45467438882660377,Hot,3.579023149854793e-06
Israel,2009,-0.16362669511036187,0.4173883466032931,-0.19607116382505566,-0.18810198300283285,0.04570754127905694,-0.45335519562817556,Hot,3.339262967402883e-06
Israel,2010,-0.053508667213422484,0.45700577791502756,-0.19164659006671608,-0.1845853277327342,0.0694306024550724,-0.4490713146201162,Hot,3.4428906737340752e-06
Israel,2011,-0.2008474195253769,0.45976270716130274,-0.18678187546330616,-0.17723942561297254,0.07353463326958536,-0.4468959247058166,Hot,3.421724133997049e-06
Israel,2012,-0.15062858808372506,0.5151340198803243,-0.1850444773906598,-0.16543909348441926,0.10389858440321369,-0.41999043401814046,Hot,3.057432995456307e-06
Israel,2013,-0.13453288828046406,0.41053182776353064,-0.18036508524833214,-0.17497313666113118,0.04941488176424352,0.2610811758052477,Hot,4.949651185848398e-07
Italy,2000,-0.6626585035743245,4.049168221914902,1.0763760192735359,1.6466542932499757,2.3287632321936242,0.8887421752840056,Moderate,2.085010720823038e-06
Italy,2001,-0.6754023537364133,4.049893258502396,1.0002316530763529,1.5592067988668556,2.2878747438041622,0.8501563344024434,Moderate,2.1082134307594046e-06
Italy,2002,-0.6769092907628793,4.1166413798967945,1.0244857301704968,1.6321187848002345,2.3092960215877896,0.9221016328862838,Moderate,2.023538748007101e-06
Italy,2003,-0.6499022506383555,4.277384676665011,0.9941855077835434,1.627742502686334,2.4120535091177557,0.9625062102272411,Moderate,2.0477503805782767e-06
Italy,2004,-0.7047535181243288,4.327448005478055,0.944078947368421,1.6037510989547716,2.417616968551272,1.0608333384012216,Moderate,1.9286879664874417e-06
Italy,2005,-0.7442873598680348,4.3335168302474525,0.9402798369162342,1.5560027351763213,2.4062549739335273,1.0624583003115378,Moderate,1.918744568232169e-06
Italy,2006,-0.687823731777612,4.286165675335777,0.9206588213491476,1.1580736543909347,2.3403260206817684,1.0764917626946715,Moderate,1.8562479980691483e-06
Italy,2007,-0.666540571798883,4.229944011063521,0.9205429948109711,1.140959265409788,2.3896184671591825,1.1423070358138836,Moderate,1.8183780200465893e-06
Italy,2008,-0.6808347686960191,4.125556644602282,0.9062963306152705,1.0297548109797792,2.279661784763663,1.1896657136250974,Moderate,1.697490203042306e-06
Italy,2009,-0.6680599115992293,3.6413038127078328,0.8948295033358044,0.9096414965321872,2.041353742479412,1.0783349938765068,Moderate,1.6448905246641292e-06
Italy,2010,-0.7222352279087219,3.7454942556514816,0.8923044848035582,0.8927615512357135,2.0637300155003073,1.1193672336897185,Moderate,1.6203689712865044e-06
Italy,2011,-0.6591113102445363,3.640095418395342,0.8147238695329875,0.8779134512064081,2.0231892433254406,1.187421952568204,Moderate,1.531216787914174e-06
Italy,2012,-0.6661188774869501,3.4570192045185,0.8297813194959229,0.9078440949496923,1.8683869640701407,1.2154512162406899,Moderate,1.4071887466670388e-06
Italy,2013,-0.659719046164675,3.1528350273231385,0.799272609340252,0.8944026570284263,1.711576746110843,-0.05063970066890925,Moderate,4.451741928435464e-06
Jamaica,2000,0.25593433971507706,-0.061914544144434466,-0.31687824314306895,-0.3274396795936309,-0.22417901018416714,-0.48289884741285594,Hot,1.0456774851991025e-06
Jamaica,2001,0.27332302869536784,-0.05956936407130423,-0.3168087472201631,-0.3279085669629774,-0.23292578707524136,-0.48414055703125775,Hot,9.497088047596356e-07
Jamaica,2002,0.2954743828457234,-0.06290811280137133,-0.31685507783543365,-0.3274396795936309,-0.2311676163563748,-0.48002603079096634,Hot,9.302458593612576e-07
Jamaica,2003,0.30031766604601096,-0.05875481679399564,-0.3157199777613047,-0.3254859822213539,-0.23506595588901483,-0.4716585035873138,Hot,8.125678098203341e-07
Jamaica,2004,0.28826216983428327,-0.05958726620926706,-0.31720255744996295,-0.3261893132753736,-0.23397873054197202,-0.46958786459305607,Hot,8.085962403818087e-07
Jamaica,2005,0.2831398242216872,-0.061028388315274566,-0.3180596738324685,-0.32783041906808635,-0.2411681305845795,-0.4382487215874823,Hot,5.644928852543937e-07
Jamaica,2006,0.29796113900873933,-0.05063619722785396,-0.3233181986656783,-0.3318159617075315,-0.20885990709610433,-0.44167330236853536,Hot,8.570808617014989e-07
Jamaica,2007,0.29645420198227357,-0.05802082913751976,-0.32412898443291327,-0.33275373644622447,-0.20603410067608766,-0.443649946343908,Hot,8.945614812023339e-07
Jamaica,2008,0.26725187088092256,-0.05777915027502162,-0.3243143068939956,-0.33611409592654096,-0.21158286787518457,-0.45598730776448293,Hot,9.32918516049488e-07
Jamaica,2009,0.2850126430776244,-0.08319123511325341,-0.32466178650852484,-0.33736446224479827,-0.25336268515276245,-0.4508800870063696,Hot,5.08675450758296e-07
Jamaica,2010,0.2597916023918748,-0.08551851304842083,-0.3252177538917717,-0.33853668066816445,-0.25730999880013417,-0.4627431594075713,Hot,5.215704136227072e-07
Jamaica,2011,0.268671988490226,-0.08060437617762503,-0.32466178650852484,-0.3386148285630556,-0.25161430925684225,-0.4642254922175605,Hot,5.874047096821011e-07
Jamaica,2012,0.2868668577727406,-0.08363878856232407,-0.32454595997034846,-0.33775520171925366,-0.2574961004361145,-0.4363307535325792,Hot,4.215177779241886e-07
Jamaica,2013,0.3047454563213063,-0.07844716855310448,-0.3245691252779837,-0.3389274201426199,-0.2564431569693838,-0.5230659757716829,Hot,1.1329257315416804e-06
Japan,2000,-0.7587800011472569,11.125928113965012,0.6512926241660489,1.849682524177005,6.160551840324796,-0.42549669569836274,Moderate,4.972520615711752e-05
Japan,2001,-0.7873435893937681,10.998214261738209,0.6185368791697554,1.8097489498876624,6.040467311002769,-0.41423957277410733,Moderate,4.540954387170718e-05
Japan,2002,-0.758519542895769,11.262136530655175,0.5956958858413639,1.7523102471427174,6.158950386773071,-0.41541951027804497,Moderate,4.659651238829888e-05
Japan,2003,-0.7831018407266788,11.33754928682358,0.5762601927353594,1.732538829735274,6.1922136054988135,-0.417254222663735,Moderate,4.737689636689568e-05
Japan,2004,-0.7139935846652105,11.295273388024366,0.5700055596738325,1.6972941291393964,6.157339138398399,-0.4051484852938723,Moderate,4.378718853762334e-05
Japan,2005,-0.7794616265927876,11.360526680898868,0.5584692364714603,1.6251636221549282,6.205020336501142,-0.3969219323143527,Moderate,4.208569251436047e-05
Japan,2006,-0.764491478519171,11.154902724257846,0.5501760563380281,1.5550649604376283,6.074974472242696,-0.39348825422930184,Moderate,4.047017625916609e-05
Japan,2007,-0.7321140373044431,11.472970009443378,0.5511258339510748,1.5363876135586596,6.262711843655036,-0.38286577207152667,Moderate,3.937111348900476e-05
Japan,2008,-0.7557227173857436,10.843826223946795,0.49520478131949597,1.3901729022174465,5.9072479241097104,-0.3810507763157182,Moderate,3.689491720084617e-05
Japan,2009,-0.7513383368190298,10.23126876927277,0.4855911786508524,1.2632607209143303,5.536411029950119,-0.38471638452348583,Moderate,3.53579413285591e-05
Japan,2010,-0.7303714475742503,10.686314263080869,0.4902010748702743,1.3092898310051773,5.79294234032602,-0.37384586384810015,Moderate,3.4926738082465735e-05
Japan,2011,-0.7659302002892949,11.134682259428834,0.4652752038547072,1.2366122887564717,6.073848067603867,-0.35439421044985936,Moderate,3.3330379617512976e-05
Japan,2012,-0.7787360643207853,11.501067414976035,0.445376204595997,1.2372374719156003,6.277590179710514,-0.36787446421363024,Moderate,3.662027600766413e-05
Japan,2013,-0.7490376222642195,11.58845670144157,0.44257320237212744,1.2481000293054605,6.308061873896552,-0.35812892030039145,Moderate,3.514537366877955e-05
Jordan,2000,-0.22213057950410625,-0.016380456235986,-0.28924203113417346,-0.3093093679789001,-0.21777809338873938,-0.25233815403248827,Hot,3.240770439402013e-07
Jordan,2001,-0.17111176914716988,-0.012289817711480204,-0.2879447739065975,-0.3036827195467422,-0.21446744323287925,-0.4100914220623845,Hot,6.549926877528916e-07
Jordan,2002,-0.20147375960633618,-0.004690360146260475,-0.2858830615270571,-0.2961023737423073,-0.20967287740064988,-0.39637655380643533,Hot,6.359151452729281e-07
Jordan,2003,-0.2008350167514969,0.0003759448972193329,-0.2843078206078577,-0.2907883168897138,-0.20326216578227577,-0.3947736877310096,Hot,6.712276542202318e-07
Jordan,2004,-0.20650308441482948,0.01586129423506401,-0.28213028169014087,-0.288131288463417,-0.19633722595921926,-0.38863738097020256,Hot,6.920325433745413e-07
Jordan,2005,-0.21527184554825698,0.03185685450484922,-0.27849332839140106,-0.27906613265605157,-0.18606245668851726,-0.37218913185657,Hot,6.945697948705908e-07
Jordan,2006,-0.21259904777703528,0.032205946195124346,-0.27534284655300223,-0.282348344241477,-0.18828588149733458,-0.3649414262005031,Hot,6.58546499318632e-07
Jordan,2007,-0.19277321372925066,0.04000232727793515,-0.27013065233506306,-0.27750317475822994,-0.18057245842709832,-0.36341636287989426,Hot,6.958164735887367e-07
Jordan,2008,-0.18287580017270852,0.0336202150941876,-0.260632876204596,-0.27257985738009183,-0.1779376510545351,-0.3640538338367975,Hot,7.122941255623041e-07
Jordan,2009,-0.18840123593641728,0.03861491158581614,-0.26183747220163084,-0.2750805900166064,-0.17843718702479805,-0.3492232322726485,Hot,6.631979307285612e-07
Jordan,2010,-0.05969765137973078,0.032286505815957066,-0.2581773535952558,-0.272736153169874,-0.18029820338460104,-0.34269704862151124,Hot,6.354279644730274e-07
Jordan,2011,-0.21697722695680902,0.03739756620434393,-0.25055596738324687,-0.2690632021099932,-0.17278557418476462,-0.338095316782924,Hot,6.596936389078393e-07
Jordan,2012,-0.16445768096034677,0.06120740969490279,-0.24615455893254265,-0.26421803262674615,-0.15914138582052453,-0.3502443121554771,Hot,7.651140147334005e-07
Jordan,2013,-0.12733307804290442,0.0611358011430515,-0.24460248332097853,-0.2555436162938361,-0.1589454893615979,0.4012141765867857,Hot,1.7709198369917384e-07
Kazakhstan,2000,-1.2106688660919018,1.1185792863312702,0.4164659006671609,0.17333203086841847,0.38339875458826234,0.7548544030893699,Cold,6.01965969060377e-07
Kazakhstan,2001,-1.2068240061889843,1.0813338882996104,0.4467892883617494,0.2253003809709876,0.30151403475692923,0.8229353847722917,Cold,5.048886038327971e-07
Kazakhstan,2002,-1.1704714759455954,1.2490053124594407,0.548044848035582,0.5755592458728143,0.5206487111237356,0.7156345870855432,Cold,7.432970836456918e-07
Kazakhstan,2003,-1.2575513513597318,1.4123981256461553,0.5392188658265382,0.3250952427468985,0.6427215895038677,0.758306212480645,Cold,8.254772303068914e-07
Kazakhstan,2004,-1.1636685544722079,1.505972600777848,0.5979197553743514,0.405353130800039,0.7449354643603123,0.8349897333332607,Cold,8.645117541498826e-07
Kazakhstan,2005,-1.1930011146993027,1.6220948186737203,0.622081171237954,0.43434599980463023,0.8372222861606498,0.8461141272592394,Cold,9.32901515009492e-07
Kazakhstan,2006,-1.2026008616827157,1.8117142639759756,0.695376204595997,0.5066328025788805,0.9755251861628534,0.8500438251469963,Cold,1.042644350483011e-06
Kazakhstan,2007,-1.181367312799508,1.8661278123139857,0.6912991104521868,0.4347367392790857,1.0020201822326809,0.7917241235396417,Cold,1.1095305162063951e-06
Kazakhstan,2008,-1.1907624140138944,1.869618729216737,0.7877131208302446,0.47412327830419065,1.0815198626765823,0.8604149943045215,Cold,1.12057212700926e-06
Kazakhstan,2009,-1.2388975794436428,1.8435442652738805,0.7648952928094885,0.39699130604669336,1.1360966161335426,0.8858781166550068,Cold,1.1442907076672246e-06
Kazakhstan,2010,-1.2144951218339983,2.0664616871869925,0.86242123795404,0.517729803653414,1.4181434402846378,0.8662328951985189,Cold,1.3863500932796936e-06
Kazakhstan,2011,-1.2899349939613998,1.977523865787672,0.8352483320978502,0.4320797108527889,1.3103171318799447,0.9388725110477912,Cold,1.2374509554541256e-06
Kazakhstan,2012,-1.2617186833835392,2.0411301619695936,0.8453484062268346,0.4212953013578197,1.3332027356940488,0.7383526711828254,Cold,1.4463779520074874e-06
Kazakhstan,2013,-1.0487506530835624,2.1151555024458797,0.819889733135656,0.34986812542737133,1.3497902683536618,0.7491531302633732,Cold,1.4490868734402292e-06
Kenya,2000,0.1255005682020785,-0.06127901824675414,0.2179855448480356,0.35307218911790567,-0.03058433464992077,-0.4795486238190326,Hot,3.3300021164290022e-06
Kenya,2001,0.10627626868749156,-0.07167120933417476,0.22190048183839883,0.3504933085864999,-0.040927667681247074,-0.4782984110937959,Hot,3.165065678739043e-06
Kenya,2002,0.12141385420849378,-0.08424746125306018,0.24508895478131945,0.37299990231513136,-0.03274899052106008,-0.48069931172996605,Hot,3.343877097139586e-06
Kenya,2003,0.13604292600039974,-0.09412049033955881,0.27761304670126014,0.4210608576731464,-0.023052115804191697,-0.47456534400363554,Hot,3.252541683969468e-06
Kenya,2004,0.13669407162911956,-0.08601977291137995,0.3136351000741289,0.45763407248217247,-0.015598255542033269,-0.47219720948730015,Hot,3.261492275412084e-06
Kenya,2005,0.15653230845078497,-0.07856353244986285,0.3037898443291327,0.45255445931425226,-0.004427259971741918,-0.46800256753849884,Hot,3.2546280345524683e-06
Kenya,2006,0.13319648939485307,-0.06860099267355006,0.3000138991845812,0.4263749145257399,0.01954067177793175,-0.4538833385158968,Hot,3.1058562573312854e-06
Kenya,2007,0.13086476790534227,-0.06710616415365407,0.5740594885100074,0.8368858063885903,0.10340884325589707,-0.4519475476317873,Hot,3.839401494130299e-06
Kenya,2008,0.12052085448910652,-0.06383902397543828,0.5903446997776131,0.8386050600761942,0.1229593098567752,-0.44760932384562546,Hot,3.885972180116519e-06
Kenya,2009,0.1635584798540191,-0.045167094080210544,0.562986471460341,0.8075803458044348,0.12597611532424535,-0.4589257869845819,Hot,4.290843136733656e-06
Kenya,2010,0.1437016388715338,-0.048103044706114054,0.5728085618977019,0.8228191853081958,0.18576861200012734,-0.4402404340162863,Hot,4.210479039532551e-06
Kenya,2011,0.14403651376630378,-0.04487170880382391,0.5970163083765753,0.8618149848588453,0.19195404269073585,-0.44184990247778566,Hot,4.31426417142559e-06
Kenya,2012,0.14103504248725227,-0.05357214785375745,0.5967383246849518,0.8687701475041516,0.15480227925529957,-0.43547118742678975,Hot,3.812853812159763e-06
Kenya,2013,0.14176680614619455,-0.045364017597801634,0.5907153446997776,0.8580638859040735,0.11946255806493478,-0.42088466783804507,Hot,3.191122801332845e-06
Kuwait,2000,0.24898878634206567,0.3378939029793633,0.3755096367679762,-0.31493601641105795,0.11633311213358181,-0.4059508747215163,Hot,2.889866766462848e-06
Kuwait,2001,0.2697262242700582,0.3749423774934322,0.33436805040770934,-0.3146234248314936,0.12791059285614587,-0.42054848988554516,Hot,3.2471025798935706e-06
Kuwait,2002,0.2497825638704098,0.3838486911299382,0.3349240177909562,-0.3103252906124841,0.13316551536685287,-0.42808987951430355,Hot,3.453568851209549e-06
Kuwait,2003,0.25795599185757895,0.40512538209875715,0.48591549295774644,-0.30852788902998923,0.17683573347307283,-0.41817459808446966,Hot,3.5569625017732414e-06
Kuwait,2004,0.2325675137244445,0.4352367781522309,0.488880652335063,-0.308293445345316,0.19395218657178745,-0.41185974056693136,Hot,3.540911548772816e-06
Kuwait,2005,0.22010272597466424,0.5136481424294096,0.5501297257227575,-0.3039953111263065,0.2500814194657414,-0.3899836153806527,Hot,3.474031283267909e-06
Kuwait,2006,0.24441836416714602,0.5280325102825405,0.5617818754633062,-0.30024421217153463,0.2606549308363065,-0.38806272670908676,Hot,3.503657997942682e-06
Kuwait,2007,0.24562763462048287,0.5376370072995968,0.5105402149740549,-0.30133828270000973,0.25500331799627307,-0.38301594876227696,Hot,3.378226152588477e-06
Kuwait,2008,0.24084016390265678,0.6016102973097561,0.48832468495181613,-0.29485200742405,0.2857149853444962,-0.34664424286923257,Hot,2.9978733863158484e-06
Kuwait,2009,0.2547250692617402,0.6409054901381598,0.4086823573017049,-0.2941486763700303,0.29043119259315486,-0.33398146871106954,Hot,2.8636853173653742e-06
Kuwait,2010,0.3429459998728717,0.6488629904626362,0.414936990363232,-0.2944612679495946,0.29608770284466146,-0.3295944700367301,Hot,2.8393051815263024e-06
Kuwait,2011,0.22751338336819016,0.6258587431804042,0.5001853224610823,-0.2927420142619908,0.30162667522081205,-0.3218812235299278,Hot,2.7784102947601805e-06
Kuwait,2012,0.27127657100510544,0.7516212623692585,0.5708858413639732,-0.29071016899482266,0.3855095389331969,-0.3321733080717711,Hot,3.293778497293859e-06
Kuwait,2013,0.31576222022055245,0.589123556080685,0.5678280207561157,-0.2863338868809221,0.2962346251888564,-0.31638422466854926,Hot,2.6955810609408274e-06
Kyrgyzstan,2000,-1.3617842630504315,-0.11328472902876428,-0.2473591549295775,-0.27257985738009183,-0.2376273020894806,-0.13199622862460647,Cold,1.84516289026495e-07
Kyrgyzstan,2001,-1.3580448267254976,-0.1197115965574189,-0.24643254262416608,-0.27125134316694344,-0.2421182284103737,-0.10188034702530038,Cold,1.6183344741123968e-07
Kyrgyzstan,2002,-1.3634028250418209,-0.110223463437121,-0.24453298739807267,-0.2784409494969229,-0.2365057948621256,-0.025007146533501043,Cold,1.510557043140221e-07
Kyrgyzstan,2003,-1.4130139205633345,-0.10611492277465237,-0.24388435878428472,-0.26765654000195366,-0.23536959540035116,0.005536900871891429,Cold,1.453863695658307e-07
Kyrgyzstan,2004,-1.339570895030674,-0.10224806097468192,-0.24367587101556715,-0.2685943147406467,-0.2376273020894806,0.009784611871867152,Cold,1.3986984346655298e-07
Kyrgyzstan,2005,-1.3776102025217942,-0.10483491991031031,-0.24196163825055597,-0.26570284262967664,-0.23909162811995718,0.08910803702520637,Cold,1.2064343503986078e-07
Kyrgyzstan,2006,-1.347899357691348,-0.10538988618715792,-0.24629355077835438,-0.265077659470548,-0.24113874611574052,0.11894203030158518,Cold,1.1205454669835361e-07
Kyrgyzstan,2007,-1.3377848955918996,-0.09585699772195297,-0.24393068939955526,-0.260232489987301,-0.23559977373958993,0.18527711885842607,Cold,1.1071776886687017e-07
Kyrgyzstan,2008,-1.3731824122464993,-0.0872729225687778,-0.23920496664195703,-0.2579662010354596,-0.23123618011699915,0.13439162546673097,Cold,1.257591549857081e-07
Kyrgyzstan,2009,-1.390180413849558,-0.09418314782242872,-0.2324406968124537,-0.24765067890983686,-0.233949346073133,0.2065517926010292,Cold,1.1015057964184072e-07
Kyrgyzstan,2010,-1.3718305098935382,-0.09734287517286755,-0.22977668643439586,-0.24757253101494578,-0.2348847516645077,0.21249243789813532,Cold,1.0794716303673165e-07
Kyrgyzstan,2011,-1.401163070120633,-0.08602872398036136,-0.21379262416604894,-0.24358698837550063,-0.22520746659353197,0.25955887960017887,Cold,1.1527916760064277e-07
Kyrgyzstan,2012,-1.447648666624291,-0.06394643680321524,-0.22398535952557452,-0.23803848783823386,-0.21560364269465374,0.28135936283419527,Cold,1.2531967176840474e-07
Kyrgyzstan,2013,-1.2477500593007627,-0.06710616415365407,-0.21142976278724984,-0.2323336915111849,-0.21360060140212886,0.15989698851052922,Cold,1.4915107691569788e-07
Laos,2000,0.059902297148756944,-0.14564284339657266,-0.19678928836174947,-0.2377258962586695,-0.05850447745843933,0.18653740315637143,Hot,3.794609915972509e-07
Laos,2001,0.08370942161214352,-0.14475668756741275,-0.19173925129725725,-0.23389664940900654,-0.058284093942146856,0.2345810268347889,Hot,3.572897087221616e-07
Laos,2002,0.08857130897325197,-0.14379892318640156,-0.18882042253521128,-0.22967666308488816,-0.04434606088951684,0.2531677430173369,Hot,3.687473111603852e-07
Laos,2003,0.09686876469922505,-0.14330661439242384,-0.18495181616011863,-0.22522223307609648,-0.033689293523907926,0.22993455522156858,Hot,3.946866729964372e-07
Laos,2004,0.062029372869242115,-0.14276059918455763,-0.17911415863602673,-0.19982416723649504,-0.0033106501558601295,0.18959595721456438,Hot,4.614246213651214e-07
Laos,2005,0.09581452891939278,-0.14226829039057992,-0.18143068939955526,-0.2088893230438605,0.013080986044826038,0.22889194901559026,Hot,4.6248381812866846e-07
Laos,2006,0.10234458936741196,-0.13850884141838643,-0.1796006300963677,-0.21646966884829538,-0.01023069256744347,0.25355785141290815,Hot,4.161949369433569e-07
Laos,2007,0.08785194808818994,-0.13780170696885477,-0.17276686434395852,-0.18325681351958578,0.0317107392887489,0.20661613499428952,Hot,5.032090953389613e-07
Laos,2008,0.044752308853874975,-0.1351611416193379,-0.1660952557449963,-0.20451304092995995,0.0532201704788934,0.25981782476337895,Hot,5.009850676480434e-07
Laos,2009,0.09936792363612122,-0.1303633686453005,-0.15826538176426985,-0.19365048354009962,0.08151741397084569,0.23507884926319972,Hot,5.566618606302549e-07
Laos,2010,0.14168618811597178,-0.1273737116055085,-0.14830429948109713,-0.16497020611507274,0.03287142580788926,0.2386485418672707,Hot,4.850766500660733e-07
Laos,2011,0.043195760731887904,-0.12651440898329286,-0.1531226834692365,-0.19138419458825826,0.039571084703180125,0.2445802844736197,Hot,4.910251231054649e-07
Laos,2012,0.139714147068992,-0.12444671204858643,-0.13908450704225356,-0.16512650190485492,0.0721682554685721,0.29398942281854673,Hot,5.065314968713309e-07
Laos,2013,0.17525429562321604,-0.11665928203475702,-0.13908450704225356,-0.16043762821139004,0.10380553358522351,0.3523808061376818,Hot,5.141404870732133e-07
Lebanon,2000,-0.3462513391119923,-0.015798636752194152,-0.2980680133432172,-0.30946566376868223,-0.22182335526557437,-0.4023606290987322,Moderate,5.768432015061159e-07
Lebanon,2001,-0.2952449315289365,-0.0073756808406844135,-0.29644644180874724,-0.306339747973039,-0.2152510290685858,-0.40301016444297255,Moderate,6.229664152682651e-07
Lebanon,2002,-0.3239449502881324,-0.008834705084654752,-0.29440789473684215,-0.3093093679789001,-0.21489351803104467,-0.2724136050122127,Moderate,3.564940033508988e-07
Lebanon,2003,-0.3331043987987916,0.011618487537874197,-0.2922535211267606,-0.3061053042883657,-0.2035560104706657,-0.2716917873380965,Moderate,3.987753336400746e-07
Lebanon,2004,-0.3390391261005524,-0.00020587458657253044,-0.29016864343958493,-0.3046204942854352,-0.208879496741997,-0.25377226444943557,Moderate,3.574863667610853e-07
Lebanon,2005,-0.3451040825280576,-0.005200571078201042,-0.28838491475166794,-0.3095438116635733,-0.2124692993518276,-0.16589761468617564,Moderate,2.707840890971133e-07
Lebanon,2006,-0.35093958763877575,-0.02183165724566658,-0.28738880652335064,-0.3120445443000879,-0.22101528237250198,-0.14492994515174953,Moderate,2.3466584064711665e-07
Lebanon,2007,-0.318134250725175,-0.031194475400224686,-0.2865316901408451,-0.311184917456286,-0.22648569098802823,-0.15606090896208621,Moderate,2.2580201035890865e-07
Lebanon,2008,-0.3031020887821566,0.0016738498995242294,-0.28537342475908084,-0.3095438116635733,-0.2078363480982127,-0.13714730107207515,Moderate,2.6527363527227344e-07
Lebanon,2009,-0.3109096349398543,0.03336063409372662,-0.2836591919940697,-0.3061834521832568,-0.1915279678925704,-0.1322503321552449,Moderate,3.04896390940756e-07
Lebanon,2010,-0.20549225834357865,0.024758656802588635,-0.281898628613788,-0.30508938165478167,-0.1933742920179539,-0.09213405359867155,Hot,2.752091891149443e-07
Lebanon,2011,-0.3548588641849751,0.02714859222062593,-0.2777983691623425,-0.29672755690143593,-0.19079335617159549,-0.10607326287774246,Moderate,2.897283741555873e-07
Lebanon,2012,-0.30072695758406354,0.045659402874188244,-0.27388343217197925,-0.2878968447787438,-0.179676232127509,-0.08942579463877133,Moderate,3.062722237187289e-07
Lebanon,2013,-0.28664980922983446,0.04415562328531085,-0.26999166048925133,-0.2897723942561297,-0.17914731168840708,-0.13389597939405165,Moderate,3.384525441732258e-07
Lesotho,2000,-0.6679854949559472,-0.137676392003115,-0.30316438102298005,-0.3075119663964052,-0.28522524419717954,-0.20980844552472214,Moderate,7.323196504329864e-08
Lesotho,2001,-0.6471860431585527,-0.13747946848552392,-0.303975166790215,-0.3076682621861873,-0.28836448495147887,-0.40101990499401535,Moderate,1.3242004848355568e-07
Lesotho,2002,-0.6431737458082503,-0.13718408320913728,-0.3065465159377317,-0.3135293543030185,-0.2839959939174149,-0.2533481397467387,Moderate,8.751908040484342e-08
Lesotho,2003,-0.6210347944317747,-0.13695135541562053,-0.30548091178650855,-0.3120445443000879,-0.2791426591475076,-0.2112058641931277,Moderate,9.281518640155217e-08
Lesotho,2004,-0.6301074235252716,-0.13652170410451273,-0.3063611934766494,-0.3144671290417114,-0.2800731673274091,-0.20225035210140038,Moderate,8.77100354123619e-08
Lesotho,2005,-0.6290965974540208,-0.13622631882812608,-0.3036045218680504,-0.30946566376868223,-0.2840939421468783,-0.15821013404221762,Moderate,6.732623998580877e-08
Lesotho,2006,-0.6791789983829886,-0.13602939531053498,-0.30478595255744995,-0.3104034385073752,-0.27536675490169665,-0.15793660848451044,Moderate,9.1450097378075e-08
Lesotho,2007,-0.6329042490352969,-0.13567135255127846,-0.30399833209785027,-0.3083715932402071,-0.2751512687968774,-0.16947587756729426,Moderate,9.465849911808434e-08
Lesotho,2008,-0.6401660731422585,-0.13525065230915204,-0.3046932913269088,-0.3125915795643255,-0.2803425249584332,-0.12437308051562207,Moderate,7.190080932249015e-08
Lesotho,2009,-0.6528603122088256,-0.1343913496869364,-0.3040909933283914,-0.3116538048256325,-0.28309487020635243,-0.1410276873338948,Moderate,6.73269285371776e-08
Lesotho,2010,-0.604514299623111,-0.13387218768601442,-0.3045079688658266,-0.3125915795643255,-0.2851860649053942,-0.1075049383319376,Moderate,5.734326325491557e-08
Lesotho,2011,-0.6699947443245683,-0.12953987029901048,-0.30406782802075616,-0.3118101006154147,-0.285386858775794,-0.07204779497596644,Moderate,5.2848757535949295e-08
Lesotho,2012,-0.6432357596776521,-0.12924448502262384,-0.30402149740548556,-0.3125915795643255,-0.28810981955487425,-0.09613063054501729,Moderate,4.8930352140806226e-08
Lesotho,2013,-0.6888438599292734,-0.1352148480332264,-0.3058978873239437,-0.31618638272931526,-0.28403027579772705,-0.10175999567871714,Moderate,5.9470541011705234e-08
Libya,2000,-0.014520547520453017,0.3223100918827231,0.603409933283914,-0.263123962098271,0.15410684682611003,0.9349761203398461,Hot,3.5447601013121e-07
Libya,2001,0.028498473683639447,0.32119120826004643,0.5240919199406969,-0.2648432157858748,0.1366573697472201,0.9510975363398596,Hot,3.3750146086055546e-07
Libya,2002,0.028219411271330923,0.31591902862999416,0.4995135285396591,-0.2575754615610042,0.13082945009415273,0.15035214787689627,Hot,7.001912120767549e-07
Libya,2003,0.025211738605339002,0.3423783885390513,0.6300732023721275,-0.2553091726091628,0.1705278674956352,0.007003420740629498,Hot,9.511455757410926e-07
Libya,2004,0.018470831001353525,0.35466820625053147,0.6049388435878428,-0.2484321578587477,0.17337326356154453,-0.0788288909116069,Hot,1.121922232527812e-06
Libya,2005,0.016852269009963824,0.34689867837466487,0.6681338028169014,-0.24280550942658982,0.18289872887685216,0.18162738861802966,Hot,7.508750825653494e-07
Libya,2006,0.021199441255036394,0.3062966294749751,0.6313009636767977,-0.2374133046791052,0.1536464901476325,0.16275138339812228,Hot,7.242058194883242e-07
Libya,2007,0.021999420170320916,0.24311998460416137,0.5652798369162343,-0.23585034678128355,0.10539229490252924,0.17018472087409664,Hot,6.421117242385332e-07
Libya,2008,0.03305029169773792,0.2906233076885207,0.5842290585618977,-0.23381850151411546,0.13668185680458597,0.034595603210541045,Hot,8.439938849577859e-07
Libya,2009,0.02601791890756339,0.3078809686846852,0.5014362490733877,-0.22623815570968056,0.12764123522512177,0.09461494961326423,Hot,7.528668038119643e-07
Libya,2010,0.11056142706316281,0.37520195849389315,0.555110266864344,-0.21740744358698838,0.17654188878468285,0.2110433760112446,Hot,7.134644129639118e-07
Libya,2011,-0.003116196937445134,0.32502226578409127,0.0048183839881393254,-0.2299111067695614,0.03252860700476761,0.22160272203752066,Hot,4.949434408316639e-07
Libya,2012,0.017894102015915823,0.39720368605020656,0.4236008154188288,-0.21904854937970106,0.1618202698963463,0.19451718459528855,Hot,7.066396257063919e-07
Libya,2013,0.09553546650708426,0.30534781616294526,0.22148350630096367,-0.21537559831982026,0.06889188719302416,0.17864565069188723,Hot,5.789073340736722e-07
Lithuania,2000,-1.1104854600731457,-0.04822835967185383,-0.24170681986656786,0.0068770147504151665,-0.2916996221647048,-0.265007065955338,Cold,6.212419486331616e-08
Lithuania,2001,-1.1839532911535668,-0.041506106866812595,-0.24610822831727208,0.00945589528182088,-0.255267778215824,-0.26338664889664537,Cold,1.9670485110363986e-07
Lithuania,2002,-1.1403699437379173,-0.04086162990015084,-0.24020107487027428,0.025866953208947965,-0.2597880890055561,-0.22062385819661645,Cold,1.5832159544086778e-07
Lithuania,2003,-1.2055403190923655,-0.04092428738302073,-0.241799481097109,0.031024714271759322,-0.24046290333244363,-0.20028199808286673,Cold,2.0929916419509362e-07
Lithuania,2004,-1.2051682358759541,-0.03559840133907994,-0.24096553002223872,0.044153560613461006,-0.1917385565859165,-0.1961407065945112,Cold,3.5551339642801265e-07
Lithuania,2005,-1.1987932101014396,-0.03014720032939936,-0.24168365455893254,0.061267949594607775,-0.21004997808408366,-0.17167150134820527,Cold,2.8157652474103773e-07
Lithuania,2006,-1.1615104718170222,-0.0271754454275702,-0.24161415863602667,0.058689069063202134,-0.21646068970245774,-0.1434615208185968,Cold,2.4606043399925573e-07
Lithuania,2007,-1.1293624819190815,-0.01572702820034284,-0.2383015196441809,0.10635928494676172,-0.20298791073977848,-0.11856188506025946,Cold,2.667711087514737e-07
Lithuania,2008,-1.1054499338777122,-0.020694871485027112,-0.23806986656782805,0.08807267754224868,-0.18766880765171567,-0.11407938227776866,Cold,3.025796208231502e-07
Lithuania,2009,-1.1857640961401021,-0.0394026056561805,-0.24154466271312086,0.05962684380189508,-0.1954263074252104,0.2003102275303925,Cold,1.6849712794026582e-07
Lithuania,2010,-1.2430835156282705,-0.030693215537265558,-0.24170681986656786,0.06337794275666699,-0.18880500711349016,-0.076330097194745,Cold,2.770953263054225e-07
Lithuania,2011,-1.1456597267978985,-0.029278946638202276,-0.242123795404003,0.10682817231610824,-0.18116994262682456,-0.07464922013797747,Cold,2.9379885735899494e-07
Lithuania,2012,-1.2134842957627476,-0.02843754615394945,-0.24295774647887328,0.11683110286216665,-0.1771638600417749,-0.015057087348838824,Cold,2.708655115912808e-07
Lithuania,2013,-1.133083314083195,-0.03654721465110973,-0.24617772424017792,0.09080785386343654,-0.17830005950354938,0.12271937612982348,Cold,2.1558531912546146e-07
Luxembourg,2000,-0.9106705714733102,-0.0763436673424724,-0.3284145663454411,-0.341897040148481,-0.2599986776989022,-0.4197615580357147,Moderate,3.583332929052436e-07
Luxembourg,2001,-0.9542911272106009,-0.0718412796448216,-0.3287388806523351,-0.34197518804337207,-0.2577850477130313,-0.4178376980039695,Moderate,3.701718742525228e-07
Luxembourg,2002,-0.916530882131789,-0.06492210332218927,-0.32910952557449963,-0.34244407541271854,-0.254205039926147,-0.4075771339324312,Moderate,3.722372246354271e-07
Luxembourg,2003,-0.9175293054291594,-0.06068824769398087,-0.32954966641957006,-0.34220963172804525,-0.2519963073517492,-0.41517682642095244,Moderate,4.0569819965911844e-07
Luxembourg,2004,-0.9709232469841884,-0.04847003853435198,-0.32985081541882877,-0.3397088990915307,-0.2453603148056095,-0.39936372989924956,Cold,4.128838895948526e-07
Luxembourg,2005,-0.9467378379174506,-0.04614276059918457,-0.3300129725722758,-0.3405685259353326,-0.24417514122910333,-0.37433923154482807,Moderate,3.684929571050915e-07
Luxembourg,2006,-0.9153154102915119,-0.0476644423260248,-0.3300129725722758,-0.3412718569893523,-0.24460611343874192,-0.41182520894027985,Moderate,4.495056417748191e-07
Luxembourg,2007,-0.9129836888020011,-0.05307088799079832,-0.3296886582653818,-0.34174074435869883,-0.24758373961442678,-0.3790848060853327,Moderate,3.573347336262342e-07
Luxembourg,2008,-0.9600894239996778,-0.05427928230328909,-0.3297118235730171,-0.34135000488424344,-0.2485877089664258,-0.3009585391268921,Moderate,2.5167114108029495e-07
Luxembourg,2009,-0.945249505051805,-0.05917551703612207,-0.3296886582653818,-0.34220963172804525,-0.2512861826881402,-0.33239759143129033,Moderate,2.713078266501676e-07
Luxembourg,2010,-1.0340595674222544,-0.05406445664773517,-0.32899369903632325,-0.34166259646380776,-0.24823019792888468,-0.3140854574582179,Cold,2.658562988885308e-07
Luxembourg,2011,-0.892866389568027,-0.0549685146148579,-0.32975815418828763,-0.3415063006740256,-0.24886686142039624,-0.2906137168925542,Moderate,2.41421709937256e-07
Luxembourg,2012,-0.9615343471567419,-0.05704516261854573,-0.33022146034099337,-0.3423659275178275,-0.25014018840341934,-0.2995793932407662,Moderate,2.4391540194252386e-07
Luxembourg,2013,-0.9770874256027363,-0.06183398452360175,-0.3300129725722758,-0.3423659275178275,-0.25259379155147543,-0.2880898725547957,Cold,2.243229109133651e-07
Madagascar,2000,0.021590128632268328,-0.13673652976006662,0.12196534469977763,0.1915404903780404,0.4382448656762469,-0.4570491947483632,Hot,7.259368962033677e-06
Madagascar,2001,0.041428365453933746,-0.13859835210820054,0.10296979243884359,0.16012503663182576,0.2590142979927959,-0.46308569083858925,Hot,5.8112308886027e-06
Madagascar,2002,0.04370427446098338,-0.1432081526336283,0.07806708673091173,0.09791931229852496,0.17502369122800143,-0.44039514494029885,Hot,4.12362024452215e-06
Madagascar,2003,0.03460683981972552,-0.13902800341930838,0.1084599703484062,0.18099052456774445,0.14428753682241252,-0.4514129261594671,Hot,4.202447515417156e-06
Madagascar,2004,0.031462736641049927,-0.13808814117626,0.09736378799110451,0.11987887076291881,0.10978527299395904,-0.45429911140072277,Hot,3.974081328553118e-06
Madagascar,2005,0.04402674658187282,-0.13865205852208903,0.1517559303187546,0.24460291100908468,0.0821932567541426,-0.4508207388619306,Hot,3.608863110450625e-06
Madagascar,2006,0.04695380121764251,-0.1392428290748623,0.14292994810971085,0.19193122985249586,0.07113000423626092,-0.45885949378501917,Hot,3.746932611602263e-06
Madagascar,2007,0.046104211206836415,-0.1387684224188474,0.1669755374351371,0.2471817915404904,0.08488683306438381,-0.429506189416486,Hot,3.105667163412785e-06
Madagascar,2008,0.022476926964715472,-0.13824030934894402,0.15907616753150475,0.19521344143792127,0.06075238932462247,-0.43073521803384685,Hot,2.939714121255215e-06
Madagascar,2009,0.043791093878145476,-0.13902800341930838,0.17239621942179392,0.2253003809709876,0.04252422382149918,-0.38176256536703707,Hot,2.090590533475436e-06
Madagascar,2010,0.06072088022486212,-0.13747946848552392,0.17619532987398068,0.2212366904366514,0.03615758890638351,-0.3317758107259148,Hot,1.6328266285773526e-06
Madagascar,2011,0.055561326290624505,-0.1333798788920367,0.16866660489251295,0.22670704307902703,0.02212160762429016,-0.38103469397891915,Hot,1.9616962202227507e-06
Madagascar,2012,0.02196221184867987,-0.1304260261281704,0.18516030392883615,0.24382143206017387,0.01291937146621156,-0.2870255452422607,Hot,1.2870362422335826e-06
Madagascar,2013,-0.0052618768187507,-0.12683664746662374,0.16192550037064488,0.2306925857184722,0.018869726406108022,-0.2875544892263744,Hot,1.313273383323473e-06
Malawi,2000,-0.09791679909211717,-0.14659165670860247,-0.25553650852483323,-0.2424147699521344,-0.1949806429811523,-0.41369103412379327,Hot,8.084102202122175e-07
Malawi,2001,-0.07675766685219149,-0.14728088902017125,-0.2586174944403262,-0.2529647357624304,-0.2097806204530595,-0.4172415578171244,Hot,7.186154353784525e-07
Malawi,2002,-0.05999531795286022,-0.14657375457063962,-0.25648628613787994,-0.2335840578294422,-0.19416767267660676,-0.4193533763038208,Hot,8.436042865976686e-07
Malawi,2003,-0.059288359841678455,-0.14604564150073626,-0.25315048183839883,-0.2249096414965322,-0.2010632280308243,-0.4094814571544337,Hot,7.457315162047551e-07
Malawi,2004,-0.08664267763485309,-0.1461620053974946,-0.25319681245366943,-0.2232685357038195,-0.17455843713805066,-0.4107139176807198,Hot,9.368195738485392e-07
Malawi,2005,-0.016300345572287173,-0.14667221632943517,-0.24990733876945886,-0.21951743674904758,-0.1752293825098744,-0.4205223331966586,Hot,9.908616463636722e-07
Malawi,2006,-0.0690617456594169,-0.1466185099155467,-0.24775296515937734,-0.20615414672267265,-0.18867767441518782,-0.404748230339086,Hot,8.088224715581662e-07
Malawi,2007,-0.06934700945866556,-0.1460098372248106,-0.244069681245367,-0.19091530721891178,-0.18006312763388907,-0.42666094280329536,Hot,9.940992003731978e-07
Malawi,2008,-0.08987360023069156,-0.14529375170629757,-0.2384636767976279,-0.17372277034287387,-0.18120422450713675,-0.4316191504547737,Hot,1.0190542967825978e-06
Malawi,2009,-0.07556079917273544,-0.14512368139565068,-0.23480355819125281,-0.17708312982319038,-0.2047069021668597,-0.40946562878479414,Hot,7.203460144649436e-07
Malawi,2010,-0.031965048983205006,-0.1455354305687957,-0.22850259451445518,-0.14551138028719351,-0.21368875480864585,-0.4225949940925951,Hot,7.141918853672959e-07
Malawi,2011,-0.05335363253991763,-0.1449804642919481,-0.2248888065233507,-0.14113509817329295,-0.21494249214577632,-0.40119516045112724,Hot,6.18546754003927e-07
Malawi,2012,-0.08504271980428431,-0.1449178068090782,-0.21995459599703487,-0.13824362606232296,-0.21385526679873354,-0.41378421866446424,Hot,6.742538803281473e-07
Malawi,2013,-0.13103530604619731,-0.14421067235954654,-0.21620181616011866,-0.13128846341701672,-0.20010333538208377,-0.41768326062755695,Hot,7.913379135423478e-07
Malaysia,2000,0.24864150867341467,0.9456804378862947,0.1867587101556708,0.10995408811175149,0.8419629804666743,-0.5159302043232534,Hot,2.2116640699514015e-05
Malaysia,2001,0.2582164501090668,1.017369549358432,0.19632598220904368,0.0980756080883071,0.991838463779969,-0.514064116834444,Hot,2.4247047579863847e-05
Malaysia,2002,0.27647953464792424,1.0276185233421502,0.21068847294292065,0.153638761355866,1.0512685520068368,-0.5231526893285051,Hot,2.970173714718102e-05
Malaysia,2003,0.26392172609404096,1.2187148950263385,0.27914195700518907,0.21459411937090947,1.0488051540358343,-0.44966996160247574,Hot,1.2425969028048831e-05
Malaysia,2004,0.26386591361157924,1.3645278087335582,0.29220719051149,0.2707043079027059,1.1414690765196054,-0.5198801094863402,Hot,2.9830873343333792e-05
Malaysia,2005,0.26934173827976643,1.3672489337039078,0.3079364343958488,0.29485200742405,1.1434133488744522,-0.5001859794138467,Hot,2.2128901747035165e-05
Malaysia,2006,0.2639899413503832,1.3689317346724135,0.3288083765752409,0.28930350688678325,1.1939399430431046,-0.5002312397264312,Hot,2.2912693760605465e-05
Malaysia,2007,0.25793738769675856,1.416264987446126,0.3266771682727947,0.31540490378040437,1.2872111445495484,-0.5058304039594884,Hot,2.627229091030741e-05
Malaysia,2008,0.2399099558616282,1.5719509302398442,0.3444681245366938,0.3626843801895086,1.4568574779800136,-0.5116260537023674,Hot,3.1675429921652414e-05
Malaysia,2009,0.268777412068209,1.565470356297301,0.35449870274277234,0.271876526326072,1.6166942962297275,-0.49886544627120755,Hot,2.884158966991941e-05
Malaysia,2010,0.28103135266202295,1.6301239275500479,0.29304114158636024,0.3858161570772687,1.5825985175535469,-0.5063746531774219,Hot,3.137876210667115e-05
Malaysia,2011,0.253788659833772,1.6668859678567114,0.27596830985915494,0.3984761160496239,1.857318814140786,-0.4155862767974817,Hot,1.561991022934546e-05
Malaysia,2012,0.26734489168502534,1.752288117008374,0.2850954410674573,0.4118394060759988,1.8888532466165007,-0.504459560475012,Hot,3.548701341151015e-05
Malaysia,2013,0.2934465293162817,2.0089779221883575,0.280601371386212,0.35940216860408325,2.199672363172445,-0.5028594210269505,Hot,3.962284236634747e-05
Mali,2000,0.4554391589679034,-0.14469403008454287,-0.024091919940696833,0.23670997362508545,-0.1367993946799419,-0.3630744624926615,Hot,9.326107058756512e-07
Mali,2001,0.4673830302147074,-0.1438436785313086,-0.026825426241660517,0.20826413988473186,-0.06487600978502812,-0.3640603085075774,Hot,1.3296723323072446e-06
Mali,2002,0.4759905552876902,-0.1434140272202008,-0.018833395107487043,0.22389371886294815,0.06923960340761892,-0.3674843123689941,Hot,2.0958226602429125e-06
Mali,2003,0.4761765968958957,-0.1430828376678885,-0.0063241289844329475,0.2331933183549868,-0.09929991502991092,-0.3364731862655374,Hot,1.0103058045120638e-06
Mali,2004,0.47595334696604885,-0.1415790580790111,0.023281134173461802,0.3181400801015922,-0.025138413091760327,-0.3354365235059595,Hot,1.3627542606027052e-06
Mali,2005,0.48341361545509665,-0.14118521104382895,0.03736564121571533,0.32892448959656145,-0.09467186118776919,-0.34313445478452254,Hot,1.0621865225645902e-06
Mali,2006,0.4470734879855878,-0.14049597873226014,0.0361610452186805,0.33595780013675874,-0.10731697761148343,-0.35370923545022814,Hot,1.0468435630485412e-06
Mali,2007,0.45929642164470086,-0.13826716255588825,0.05293272794662714,0.34588258278792616,-0.08224223086887425,-0.3545361807466464,Hot,1.1817828145105237e-06
Mali,2008,0.4405248233767482,-0.1367186276221038,0.07202094143810225,0.39042688287584254,-0.076801206722187,-0.33680992673028126,Hot,1.1205919437177791e-06
Mali,2009,0.47706339522834257,-0.1373452024508027,0.0735961823573017,0.3682328807267754,-0.0909547258796363,-0.33885224629320515,Hot,1.0611613100997436e-06
Mali,2010,0.5281256152938604,-0.13554603758553868,0.09685415122312818,0.4098075608088307,-0.08658133743409921,-0.3299508499326902,Hot,1.0433702167887918e-06
Mali,2011,0.47674712449439327,-0.13383638341008877,0.10591178650852481,0.42199863241183944,-0.07778068901682014,-0.3310358324202913,Hot,1.089568991224146e-06
Mali,2012,0.4146216301275779,-0.1324221145110255,0.11955615270570788,0.4367685845462538,-0.06490539425386711,-0.33142324595282774,Hot,1.1522223835060083e-06
Mali,2013,0.5143523348997003,-0.1296830874027131,0.13227390659747956,0.47068477092898303,-0.06103643919006609,-0.34086246720695873,Hot,1.2174859073420931e-06
Mauritania,2000,0.39629653171931944,-0.14426437877343504,-0.1903724981467754,-0.17419165771222037,-0.2512567982193012,-0.4451781526314868,Hot,5.051532415960208e-07
Mauritania,2001,0.43520403338206565,-0.1437452167725131,-0.18838028169014087,-0.17262869981439874,-0.25038505897707763,-0.5021374142529735,Hot,9.07436257957166e-07
Mauritania,2002,0.41822463593982795,-0.14305598446094428,-0.18562361008154193,-0.17927127088014067,-0.2514624895011741,-0.5584057710870903,Hot,3.711205362204413e-06
Mauritania,2003,0.4114217144664406,-0.142724794908632,-0.1813843587842847,-0.17747386929764578,-0.25031159780498013,-0.556518715090792,Hot,3.4226876900206785e-06
Mauritania,2004,0.4165874697876181,-0.14183863907947208,-0.18173183839881396,-0.17763016508742796,-0.250101009111634,-0.5543484683432973,Hot,3.093492017382643e-06
Mauritania,2005,0.42581513355461953,-0.14140003669938286,-0.1783497034840623,-0.17520758034580441,-0.24879340024829877,-0.5507883827245815,Hot,2.7192875064683416e-06
Mauritania,2006,0.40335991144419464,-0.14036171269753892,-0.17362398072646407,-0.16442317085083522,-0.2465748728509546,-0.5462781728929983,Hot,2.3949700722418417e-06
Mauritania,2007,0.40346533502217763,-0.13849989034940502,-0.17784006671608601,-0.1615316987398652,-0.24539949409739478,-0.5517603720271739,Hot,2.988584863804906e-06
Mauritania,2008,0.3992297877420285,-0.13784646231376185,-0.18900574499629358,-0.18224089088600173,-0.2471086907015297,-0.5495255085220221,Hot,2.663637124888964e-06
Mauritania,2009,0.40193359244795085,-0.13622631882812608,-0.1802029280948851,-0.16809612191071602,-0.2448950607156587,-0.5513280346343699,Hot,2.960093289866326e-06
Mauritania,2010,0.4720030634851486,-0.13549233117165022,-0.17320700518902893,-0.1555143108332519,-0.24351399068022594,-0.5465832050468052,Hot,2.53947364290888e-06
Mauritania,2011,0.41693474745626885,-0.13430183899712225,-0.1710526315789474,-0.15965614926247926,-0.2420300750038567,-0.5474427007832603,Hot,2.67527091285887e-06
Mauritania,2012,0.3718320602402724,-0.13232365275222996,-0.1660952557449963,-0.15207580345804436,-0.2408546962502969,-0.5515834395836251,Hot,3.181156080037523e-06
Mauritania,2013,0.45243768768885156,-0.1348210009980442,-0.1616706819866568,-0.1476995213441438,-0.24150605197622796,-0.5510746899989434,Hot,3.086611040787217e-06
Mauritius,2000,0.07236088351159708,-0.1301664451277094,-0.3311944032616753,-0.3527595975383413,-0.2905683201144035,-0.47975746784253914,Hot,2.14087727337172e-07
Mauritius,2001,0.10867000404640499,-0.12861791019392493,-0.33128706449221645,-0.35494773859529155,-0.2905487304685108,-0.4761964872184592,Hot,2.0668917221982585e-07
Mauritius,2002,0.10161902709541007,-0.12842098667633384,-0.3314723869532988,-0.3538536680668164,-0.29063688387502784,-0.46323376782774217,Hot,1.8206193738009088e-07
Mauritius,2003,0.11064824648032491,-0.12685454960458653,-0.33133339510748705,-0.35369737227703424,-0.2897504523983848,-0.4756122012752221,Hot,2.1468246858362195e-07
Mauritius,2004,0.09111387761872933,-0.12658601753514415,-0.3312407338769459,-0.35369737227703424,-0.2880216661483573,-0.4680388363676808,Hot,2.1816353712938329e-07
Mauritius,2005,0.0837714354815451,-0.12475104839395447,-0.33133339510748705,-0.35393181596170753,-0.28829592119085456,-0.4772608108213742,Hot,2.3529261390087239e-07
Mauritius,2006,0.09596336220595725,-0.12177034242314391,-0.3312638991845812,-0.35408811175148963,-0.2868707744521633,-0.46908370457963644,Hot,2.3273955885202667e-07
Mauritius,2007,0.09332777275637713,-0.12124222935324054,-0.33121756856931067,-0.35369737227703424,-0.2866601857588172,-0.470218807435695,Hot,2.375349650357681e-07
Mauritius,2008,0.08623338609680076,-0.12051719276574607,-0.33107857672349894,-0.35424440754127184,-0.2863369566015882,-0.4689443034158607,Hot,2.3820294661958207e-07
Mauritius,2009,0.11568997406269925,-0.12104530583564944,-0.33100908080059305,-0.3543225554361629,-0.28636144365895405,-0.4684172572143078,Hot,2.367746555162221e-07
Mauritius,2010,0.1219595762592303,-0.11921033669445975,-0.3308932542624166,-0.35455699912083616,-0.28561703711503283,-0.46059346895732256,Hot,2.282064452982183e-07
Mauritius,2011,0.11103893385755738,-0.11917453241853411,-0.330846923647146,-0.35330663280257885,-0.28558765264619385,-0.47566639124421045,Hot,2.627694460248487e-07
Mauritius,2012,0.10000046510402037,-0.11875383217640768,-0.3308005930318755,-0.35205626648432153,-0.28522524419717954,-0.45944466659968314,Hot,2.298479822784574e-07
Mauritius,2013,0.09541453946175052,-0.11783187207132213,-0.3308237583395108,-0.35354107648725214,-0.28159626229556367,-0.4445731524088418,Hot,2.3581243166297647e-07
Mexico,2000,-0.13381042670193236,3.34952581712071,2.581773535952557,2.628426296766631,2.8862894517102986,0.11395195077556121,Hot,5.361487990947295e-06
Mexico,2001,-0.14118387577381697,3.4931904742723905,2.5492262787249813,2.6326462830907493,2.8919018852585463,0.33911304759366095,Hot,4.049658046682673e-06
Mexico,2002,-0.13433754459184796,3.5183966845240495,2.555295589325426,2.5105792712708803,2.876715012280259,0.3500556612948626,Hot,3.982824208893991e-06
Mexico,2003,-0.126567206755791,3.7481527231389613,2.6269690511489996,2.6018560125036627,2.9995959635534635,0.35681917505012667,Hot,4.106494555431446e-06
Mexico,2004,-0.1566749403504093,3.7715955728012824,2.6078576723498887,2.5196444270782457,2.967366098648559,0.4583982264391218,Hot,3.6672178173624902e-06
Mexico,2005,-0.12031000733314022,3.994011734851435,2.647979985174203,2.6867246263553772,3.0836796211362483,0.5855980280550354,Hot,3.3816581843507704e-06
Mexico,2006,-0.11996893105143012,4.093252236648362,2.7193291326908824,2.613500048842434,3.1669552058259605,0.6772772066976314,Hot,3.2112663197133245e-06
Mexico,2007,-0.14517756896329892,4.084945644633611,2.7727714974054853,2.6911009084692785,3.1141709049681787,0.5478893864186996,Hot,3.526519385053025e-06
Mexico,2008,-0.1447372704905454,4.079449688279023,2.8553094885100077,2.637100713099541,3.0897768984203395,0.6942447816244408,Hot,3.0980155782554327e-06
Mexico,2009,-0.11044360071129954,3.9658516718359094,2.822669570051891,2.63991403731562,2.9929942528876357,0.5742864323344697,Hot,3.323611570859816e-06
Mexico,2010,-0.16202673727979255,3.931112573119045,2.822484247590808,2.6520269610237377,2.9754713146366485,0.7514872393743709,Hot,2.8647273721817945e-06
Mexico,2011,-0.10648091445651851,4.171833671236188,2.8941577094143813,2.835361922438214,3.1088963928115794,1.3679583228407217,Hot,2.0358280924804323e-06
Mexico,2012,-0.10253063097561774,4.334653616008092,2.835340993328392,2.7678421412523204,3.1742964256242363,1.163045196098596,Hot,2.3192398004621616e-06
Mexico,2013,-0.06035086413743089,4.2802311166011,2.872127501853225,2.8588844388004295,3.1556813646147326,1.4328647638553975,Hot,1.9970274995084154e-06
Moldova,2000,-0.9183168815705636,-0.12225370014814022,-0.2881532616753151,-0.30970010745335547,-0.2812877253727542,0.04434371042576784,Moderate,5.05869068452289e-08
Moldova,2001,-0.969602351565928,-0.12033817138611783,-0.2911647516679022,-0.2981342190094754,-0.27926019702286353,0.05270044637910253,Moderate,5.364881625151585e-08
Moldova,2002,-0.9293987600326813,-0.11796613810604334,-0.28863973313565605,-0.3032919800722868,-0.2780995105037232,0.028364975483449496,Moderate,5.8032140437266126e-08
Moldova,2003,-1.0121996784580873,-0.11481536182458593,-0.2873193106004448,-0.30587086060369245,-0.27642459577990053,0.08753006708259142,Cold,5.5781756920278756e-08
Moldova,2004,-0.9769695992508727,-0.11294458840747058,-0.2894041882876205,-0.3032138321773957,-0.2761993148521349,0.06671072874271011,Cold,5.799407458695466e-08
Moldova,2005,-0.9813725839784069,-0.11003549098851134,-0.2919060415122313,-0.3046986421803263,-0.27478886034786315,0.0709905936504452,Cold,6.013478476240808e-08
Moldova,2006,-1.0000387586683763,-0.10921199264222131,-0.2927631578947369,-0.30712122692194976,-0.2747349888216583,0.10528867091321865,Cold,5.719974578309458e-08
Moldova,2007,-0.868538348601665,-0.1096684971602734,-0.2935507783543366,-0.307355670606623,-0.27510229468214575,0.09342761414024055,Moderate,5.757763481432127e-08
Moldova,2008,-0.9142673758986201,-0.10777982160519521,-0.29860081541882877,-0.30555826902412814,-0.27541572901642836,0.07431917644474367,Moderate,5.871092901150399e-08
Moldova,2009,-0.9151975839396486,-0.11359801644311375,-0.29931893995552267,-0.3135293543030185,-0.2779770752168941,0.09930936059934964,Moderate,5.214707768807485e-08
Moldova,2010,-0.9528710096012976,-0.11099325536952254,-0.2945700518902891,-0.30673048744749437,-0.2754549083082137,0.11709644222918274,Moderate,5.50227890050952e-08
Moldova,2011,-0.9793013207403839,-0.10997283350564144,-0.2940372498146776,-0.30188531796424733,-0.2741570942678247,0.11797558323922168,Cold,5.7118540620467386e-08
Moldova,2012,-0.9259383861200557,-0.11157507485331437,-0.2951028539659007,-0.3070430790270587,-0.2834915605356788,0.10840116239129091,Moderate,4.212475776594498e-08
Moldova,2013,-0.8237705362804394,-0.11038458267878642,-0.29563565604151226,-0.29758718374523785,-0.28050413953704767,0.15038814827480435,Moderate,4.4452647236981426e-08
Montenegro,2006,-0.9279290313278569,-0.135769814310074,-0.3273257968865827,-0.3530721891179056,-0.3040998680147608,-0.14750108461370237,Moderate,1.1591292838016564e-08
Montenegro,2007,-0.850963618013169,-0.1358324717929439,-0.3266540029651594,-0.35213441437921267,-0.3018813406174166,-0.1460886941121495,Moderate,1.7527669887913712e-08
Montenegro,2008,-0.8485388757195548,-0.1309183349221481,-0.3271404744255004,-0.35393181596170753,-0.29994686308551616,-0.10828378738508032,Moderate,2.0900031318490842e-08
Montenegro,2009,-0.8608176218611296,-0.1391801715919924,-0.3277659377316531,-0.35455699912083616,-0.3060294481351881,-0.11493355897513226,Moderate,5.9275240396062356e-09
Montenegro,2010,-0.877059054257485,-0.1325563805457467,-0.3276269458858414,-0.3546351470157273,-0.30285592550057666,-0.10559625856406411,Moderate,1.3620739509614462e-08
Montenegro,2011,-0.877784616529487,-0.1326906465804679,-0.32832190511489995,-0.3551040343850737,-0.3025473885777672,-0.10010059577845502,Moderate,1.4214124843048725e-08
Montenegro,2012,-0.8556704707007726,-0.13442715396286203,-0.3284377316530764,-0.3546351470157273,-0.3056033733370227,-0.10789416061615686,Moderate,6.892240764332087e-09
Montenegro,2013,-0.7560606929739839,-0.13498212023970965,-0.328484062268347,-0.35494773859529155,-0.3051136321897061,-0.13529724243120245,Moderate,8.607215379144768e-09
Morocco,2000,-0.33227961433574654,0.14293066949520444,0.08918643439584872,0.13613363290026373,-0.03674527828316343,2.3249871671601463,Moderate,1.0844631664681675e-07
Morocco,2001,-0.28250728275378784,0.17524402851810575,0.09819773906597482,0.14926247924196542,-0.009554849784146592,2.42414427481603,Moderate,1.1535853514818632e-07
Morocco,2002,-0.32130315945161164,0.17972851407779375,0.10097757598220901,0.16864315717495362,0.07772192007914219,1.815176852011091,Moderate,1.8700592577036815e-07
Morocco,2003,-0.3106305725275458,0.17310472303154803,0.11202742772424014,0.17012796717788412,0.0030902666395676574,1.7772140205812723,Moderate,1.5329304955867306e-07
Morocco,2004,-0.3381647305419858,0.22373196919042057,0.1332931801334321,0.19747973038976263,0.02142617519510063,1.89445611512623,Moderate,1.5461430270490396e-07
Morocco,2005,-0.3311137535909909,0.2455278221601615,0.14005744996293548,0.22467519781185893,0.026622328768129637,2.049400339120801,Moderate,1.4778212074765878e-07
Morocco,2006,-0.3153064182804485,0.2597421197026455,0.15286786508524833,0.25319917944710363,0.043479219058766484,2.2653595149077383,Moderate,1.4342137825485786e-07
Morocco,2007,-0.34310103454637636,0.28358776746913,0.16109154929577466,0.21365634463221647,0.059606395039901686,2.3728392578528474,Moderate,1.4452807715403585e-07
Morocco,2008,-0.3458916586694616,0.3055984460944248,0.16797164566345435,0.22053335938263163,0.07642410603875323,2.4283977692269065,Moderate,1.4833846506705002e-07
Morocco,2009,-0.2991145969796145,0.3010154987759413,0.17658914010378052,0.21404708410667186,0.07561603314568084,2.741171780863408,Moderate,1.340703231608818e-07
Morocco,2010,-0.2675433360671116,0.33238899555579426,0.19231838398813936,0.22842629676663084,0.11057865365261195,3.1507073318770447,Moderate,1.30203088722276e-07
Morocco,2011,-0.3089313925059341,0.3368913832534451,0.2128428465530022,0.25788805314056856,0.15151611615680532,3.7148922620624467,Moderate,1.2413357180602424e-07
Morocco,2012,-0.32456508898215103,0.3555633131486728,0.2237073758339511,0.22795740939728434,0.16146275885880515,4.001919334590396,Moderate,1.1886730407256977e-07
Morocco,2013,-0.277198895532986,0.35244834114314105,0.23957561156412155,0.28398945003418974,0.12615731954875253,4.063817478059522,Moderate,1.084688820301005e-07
Mozambique,2000,0.06623391321469035,-0.1424025564253011,-0.0845533728687917,0.2800820552896356,0.014525722429409974,1.8014195642399975,Hot,1.5730301074404637e-07
Mozambique,2001,0.0908410165933612,-0.14032590842161327,-0.06977390659747963,0.3930839113021392,0.10359984230335054,1.8792622435746318,Hot,1.943315411149998e-07
Mozambique,2002,0.10403136661514363,-0.1404780765942973,-0.03627687175685695,0.4251245482074826,0.07721258928593294,1.8019958274324739,Hot,1.8779435659508238e-07
Mozambique,2003,0.10366548478567222,-0.13762268558922652,-0.0325935878428466,0.4557585230047866,0.07954375714715989,1.7641216704622997,Hot,1.9198721563221416e-07
Mozambique,2004,0.07757004854135602,-0.1375510770373752,-0.03931152705707934,0.4181693855621765,0.1338119736813108,1.873723308027263,Hot,2.0905388615962158e-07
Mozambique,2005,0.13421351685304403,-0.13839247752162806,-0.009984247590808027,0.4889713783334961,0.08053793167621257,2.0279865447955525,Hot,1.7297638083147557e-07
Mozambique,2006,0.09474789036568027,-0.13708562145034173,-0.02673276501111939,0.4391130213929862,0.10999586168730521,2.245207326355957,Hot,1.7175152905784338e-07
Mozambique,2007,0.08886897554638061,-0.13464197961841595,-0.019319866567828053,0.4724821725114779,0.12386533097931089,2.3511264891490895,Hot,1.710245437479763e-07
Mozambique,2008,0.07443834813656068,-0.13472253923924868,-0.01612305411415867,0.5483637784507179,0.1193254305436861,2.4038300156017898,Hot,1.6623537647142613e-07
Mozambique,2009,0.07822119417007607,-0.13240421237306269,-0.04788269088213492,0.44184819771417405,0.09595008558226548,2.715109534986209,Hot,1.4228753458972457e-07
Mozambique,2010,0.11724652218468659,-0.13062294964576146,-0.027891030392883633,0.5527400605646186,0.06925429564203843,3.1252219131793373,Hot,1.1816876858687649e-07
Mozambique,2011,0.09465486956157725,-0.12642489829347872,0.051148999258710116,0.4664647846048646,0.054899982614189304,3.688064541106028,Hot,9.867274742464395e-08
Mozambique,2012,0.07288180001457308,-0.12691720708745644,0.10255281690140844,0.498505421510208,0.0540821148981706,3.973246510739022,Hot,9.2279194742083e-08
Mozambique,2013,0.03406731915592912,-0.12219999373425174,0.13176426982950332,0.5241379310344828,0.06655092450885083,4.029563136364791,Hot,9.428638201449893e-08
Namibia,2000,-0.1497665952990387,-0.13885793310866154,-0.21782338769458864,-0.09745042492917845,-0.2433474786901383,1.1596940434661982,Hot,4.33976553264713e-08
Namibia,2001,-0.13343214209858043,-0.1342660347211966,-0.22595441067457378,-0.12058220181693856,-0.24363152855558193,1.386719117952302,Hot,3.821074293481557e-08
Namibia,2002,-0.1103319757463756,-0.136593312656364,-0.23693476649369907,-0.1505909934551138,-0.24850445297138196,1.5718921730212019,Hot,3.228939217100129e-08
Namibia,2003,-0.07362596644739616,-0.135510233309613,-0.23081912527798373,-0.13433623131776887,-0.2457863896037749,1.6941629796185749,Hot,3.1937030901068573e-08
Namibia,2004,-0.10316937383045728,-0.1341944261693453,-0.22447183098591553,-0.1173781381264042,-0.24270102037568042,1.778015977673702,Hot,3.2317404662569924e-08
Namibia,2005,-0.11581400180150292,-0.13157176295779127,-0.21233320978502596,-0.10682817231610824,-0.23834232416456283,1.8672463941412147,Hot,3.320328002538907e-08
Namibia,2006,-0.19708317765268216,-0.13164337150964256,-0.1996386212008896,-0.043997264823678786,-0.23146635845623795,1.767613057686415,Hot,3.801256290956662e-08
Namibia,2007,-0.13764288383096906,-0.13340673209898093,-0.2088120830244626,-0.07400605646185406,-0.2356438504428484,1.7390232167280735,Hot,3.6392131464134315e-08
Namibia,2008,-0.14951233843449097,-0.12865371446985058,-0.2286647516679022,-0.14660545081566864,-0.23886144978071838,1.8511485239042942,Hot,3.3175780034706396e-08
Namibia,2009,-0.15284868460831272,-0.1304260261281704,-0.19299017790956266,-0.03430692585718473,-0.22410554901206964,1.956602710854704,Hot,3.8542155279236754e-08
Namibia,2010,-0.12189136100288835,-0.1292802892985495,-0.20295126019273538,-0.06173683696395428,-0.2266668952125354,-0.12102802863112279,Hot,2.0796069211428178e-07
Namibia,2011,-0.19942110052913364,-0.12929819143651233,-0.14286045218680507,0.12769366025202697,-0.20108771508819015,-0.10647613296709596,Hot,2.645924319575838e-07
Namibia,2012,-0.16633670120322408,-0.1256461552920958,-0.1236332468495182,0.1726286998143987,-0.19320288261639312,0.2012521168748441,Hot,1.7160543684722705e-07
Namibia,2013,-0.1312957642976852,-0.12734685839856427,-0.21668828762045964,-0.10354596073068283,-0.2313292309349893,0.2118470125858797,Hot,1.1326136339922049e-07
Nepal,2000,-0.5767941000004653,-0.12705147312217765,0.1660257598220904,-0.01586402266288954,-0.07105654306416344,0.9731847447420267,Moderate,1.77415943611705e-07
Nepal,2001,-0.5536567253266195,-0.12527021039487643,0.17427260934025204,-0.012269219497899777,-0.07494019036238396,0.9893243340679346,Moderate,1.7271361576784325e-07
Nepal,2002,-0.5493095530815468,-0.13099889454298083,0.18008710155670862,-0.023444368467324398,-0.07914706681783344,1.1132804096057631,Moderate,1.5715749532464081e-07
Nepal,2003,-0.5625867225204919,-0.12908336578095841,0.1903956634544106,-0.018677346878968437,-0.07043457180707136,1.1852903085566968,Moderate,1.5646145511628079e-07
Nepal,2004,-0.5565155647060465,-0.13112420950872059,0.1952835433654559,-0.012269219497899777,-0.07547400821295905,1.3145589720660718,Moderate,1.4267723048621985e-07
Nepal,2005,-0.5517280939882205,-0.1274990265712483,0.20410952557449963,-0.00812738106867247,-0.06888698978155093,1.3828888706524167,Moderate,1.415950744659245e-07
Nepal,2006,-0.5189971737179021,-0.13225204420037867,0.20387787249814673,-0.004610725798573813,-0.07817248193467341,1.2460973370486832,Moderate,1.463224291636913e-07
Nepal,2007,-0.5486832130005878,-0.13123162233649757,0.22155300222386953,0.003751098954771909,-0.07366686337936085,1.3639435209287565,Moderate,1.4012428532141024e-07
Nepal,2008,-0.5671385405345909,-0.12420503318608826,0.23093495181616006,0.015707726873107324,-0.06963629373694534,1.7788714357327773,Moderate,1.1741843732707907e-07
Nepal,2009,-0.5174344242089743,-0.11730375900141876,0.23744440326167532,0.03540099638565988,-0.06826991593593205,1.8210665744593295,Moderate,1.1601184259733729e-07
Nepal,2010,-0.5146810084075305,-0.11102010857646677,0.24756764269829498,0.05415649115951936,-0.0588228092041951,1.7216970105857548,Moderate,1.2579034798466106e-07
Nepal,2011,-0.5766948778094221,-0.10753814274269707,0.26030856189770196,0.07220865487935921,-0.06386714302155594,1.7769558981255538,Moderate,1.203535831024383e-07
Nepal,2012,-0.5663385616193061,-0.10527352229039956,0.2493282060785767,0.0693171827683892,-0.07596864677174879,2.020263025182715,Moderate,1.0367729558510681e-07
Nepal,2013,-0.5267923171017198,-0.09857812269230255,0.2685322461082283,0.09870079124743576,-0.07390683654154596,1.8187248658459187,Moderate,1.133991878942305e-07
Netherlands,2000,-0.8875455995733448,1.3867264598074627,0.3399277242401779,0.7099736250854743,0.7734530913685572,-0.48893743876901774,Moderate,1.436353619301659e-05
Netherlands,2001,-0.9265771289748954,1.4342566360987663,0.323295033358043,0.6737911497509036,0.7944825762343313,-0.44606306940629925,Moderate,9.817563276180669e-06
Netherlands,2002,-0.8940942641821846,1.4277581600182603,0.291720719051149,0.6539415844485689,0.78750376488507,-0.404991985380128,Moderate,7.414822823240731e-06
Netherlands,2003,-0.9175851179116212,1.4584692776934889,0.2679762787249814,0.7495164599003613,0.8111337752430953,-0.3799896352263635,Moderate,6.609349194612571e-06
Netherlands,2004,-0.9229679217757054,1.4756642812067833,0.26109618235730175,0.7705382436260623,0.8260268035329926,-0.41843770290007504,Moderate,8.329749162884895e-06
Netherlands,2005,-0.9083698569185001,1.4402180480403874,0.21902798369162338,0.7785874767998436,0.8070297444285822,-0.4167479766527572,Moderate,8.103450183566454e-06
Netherlands,2006,-0.8735676734101584,1.3967964124115524,0.20719051148999257,0.9398065839601445,0.7845604205896973,-0.38745125452697426,Moderate,6.707584780271356e-06
Netherlands,2007,-0.8663430576248381,1.3945496940972177,0.20107487027427723,0.8544690827390836,0.7724736090739239,-0.4060763078163044,Moderate,7.359748324345462e-06
Netherlands,2008,-0.910534140960626,1.4202929684877619,0.20596275018532242,0.39894500341897043,0.7577079134823289,-0.4582546400526556,Moderate,1.0471402822139894e-05
Netherlands,2009,-0.9170393958608845,1.3713216700904507,0.19519088213491473,0.392849467617466,0.7292735424691279,-0.4419699467767458,Moderate,8.955356191373945e-06
Netherlands,2010,-1.0243916051824993,1.4791462470405532,0.19495922905856192,0.38917651655758523,0.782219457905524,-0.4307088642813283,Cold,8.683638790557573e-06
Netherlands,2011,-0.8895920572636072,1.3615918581076547,0.17964696071163824,0.3849565302334668,0.710467482412171,-0.42649882570819314,Moderate,7.884150309301324e-06
Netherlands,2012,-0.9370574729038152,1.329421716188456,0.1731606745737583,0.38847318550356547,0.6958487091647709,-0.4211406828552835,Moderate,7.5024469654003395e-06
Netherlands,2013,-0.9803431537463356,1.3220191821408274,0.17431893995552258,0.37878284653707134,0.6895996121250113,-0.4215616066437976,Cold,7.476059514285235e-06
New Caledonia,2000,0.01881810867000375,-0.13432869220406649,,,,-0.2858945641029223,Hot,
New Caledonia,2001,0.034867298071213644,-0.13743471314061684,,,,-0.2886619546312556,Hot,
New Caledonia,2002,0.03265960432050625,-0.1328249126151891,,,,-0.27887533359747485,Hot,
New Caledonia,2003,0.01723055361331576,-0.12983525557539713,,,,-0.2969312888195341,Hot,
New Caledonia,2004,0.025112516414296116,-0.13172393113047529,,,,-0.29379735635091464,Hot,
New Caledonia,2005,0.024579197137439595,-0.12911917005688406,,,,-0.2787481577527432,Hot,
New Caledonia,2006,0.012201228804821943,-0.1299784726790997,,,,-0.2980502564398404,Hot,
New Caledonia,2007,0.05306216735372858,-0.12803609071013308,,,,-0.2889041669014976,Hot,
New Caledonia,2008,0.04711503727808697,-0.12874322515966471,,,,-0.27695549143578085,Hot,
New Caledonia,2009,0.018154560267403953,-0.12706042419115907,,,,-0.26814694536443434,Hot,
New Caledonia,2010,0.062382851924833,-0.1214928592847201,,,,-0.2689059280869476,Hot,
New Caledonia,2011,0.03723622788236603,-0.12117062080138924,,,,-0.255362778239254,Hot,
New Caledonia,2012,0.013633749188006137,-0.12106320797361228,,,,-0.278473606831132,Hot,
New Caledonia,2013,0.02620706120923936,-0.1187001257625192,,,,-0.2744213745818957,Hot,
New Zealand,2000,-0.8866463984670175,0.13417652403138242,0.4945329873980726,0.6973918140080101,0.15359261862142762,-0.12773891960135453,Moderate,1.1931998342931243e-06
New Zealand,2001,-0.8810279418992061,0.15328705630669945,0.5038686063750926,0.7080980756080882,0.24913621905142033,-0.08461499090164616,Moderate,1.3136406625574298e-06
New Zealand,2002,-0.8954275623743254,0.15474608055066974,0.5233506300963676,0.7288072677542249,0.198810418753168,-0.07335514865582238,Moderate,1.1683015616026266e-06
New Zealand,2003,-0.9004382830219981,0.16997184888805345,0.5259219792438843,0.7554556999120836,0.18142460802342922,-0.06095172362372121,Moderate,1.101092900218577e-06
New Zealand,2004,-0.9342854529415506,0.1662661063297484,0.5289334692364714,0.7574875451792517,0.13949297099018315,-0.03232705226117459,Moderate,9.53838003897722e-07
New Zealand,2005,-0.8673104739875076,0.18054306135510237,0.5311341734618236,0.7628016020318452,0.12254792729302924,-0.029596347332716332,Moderate,9.131657329914814e-07
New Zealand,2006,-0.9172874513384921,0.17967480766390528,0.5431106375092661,0.7487349809514505,0.16778531707066233,-0.003188930193165358,Moderate,9.62521091465164e-07
New Zealand,2007,-0.8889099047001865,0.17143087313202382,0.5359293921423276,0.7372472404024616,0.13608927001633284,0.013275815554879649,Moderate,8.733560050915797e-07
New Zealand,2008,-0.8824728650562699,0.18129495114954103,0.5114668272794662,0.7057536387613559,0.17667901630593152,0.07982427631057772,Moderate,8.564210124988782e-07
New Zealand,2009,-0.9210268876634261,0.15541741072427576,0.5224935137138621,0.6859822213539123,0.12814566860685783,0.10149910041256749,Moderate,7.460808974113558e-07
New Zealand,2010,-0.8702623341710375,0.15714496703768846,0.527033914010378,0.7016118003321286,0.1157992942830067,0.07748701595119527,Moderate,7.516118203937572e-07
New Zealand,2011,-0.8830992051372292,0.1522576833738369,0.5294431060044477,0.7083325192927615,0.1283023857739992,0.13068836372055456,Moderate,7.155288306493115e-07
New Zealand,2012,-0.9207788321858187,0.1672686260556667,0.5346553002223869,0.7191169287877307,0.13244559588029745,0.09039781154229742,Moderate,7.659777707138364e-07
New Zealand,2013,-0.8886618492225788,0.16101182883765894,0.5210109340252038,0.717319527205236,0.14138826923029835,0.10436891057469357,Moderate,7.65472127310576e-07
Nicaragua,2000,0.24937947371929708,-0.12102740369768661,-0.17994810971089698,-0.21209338673439482,0.16240306186165301,-0.39611335080501825,Hot,3.0283176825648357e-06
Nicaragua,2001,0.25151275082672236,-0.11924614097038543,-0.178975166790215,-0.2138907883168897,0.12411509896444235,-0.3940098841021596,Hot,2.7499103308555525e-06
Nicaragua,2002,0.2704827934767611,-0.11864641934863074,-0.1764733135656042,-0.2009182377649702,0.09367278924724334,-0.2996872818185972,Hot,1.684255650805017e-06
Nicaragua,2003,0.29037684278088793,-0.11565676230883877,-0.16940789473684212,-0.18567939826120933,0.09899627551857465,-0.3941035125379923,Hot,2.591534367771717e-06
Nicaragua,2004,0.27894148526317913,-0.11519130672180528,-0.17431893995552264,-0.19802676565400018,0.035329926367418496,-0.3464396747555777,Hot,1.732877667182232e-06
Nicaragua,2005,0.2834002824731751,-0.1161669732407793,-0.16672071905114902,-0.18255348246556607,-0.016254508679437462,-0.38175260580896786,Hot,1.7403238884704975e-06
Nicaragua,2006,0.2906621065801363,-0.11478850861764169,-0.16401037805782062,-0.18442903194295202,-0.023948342103781047,-0.2252068299994524,Hot,9.386731729498676e-07
Nicaragua,2007,0.28225302588924006,-0.11359801644311375,-0.16343124536693848,-0.1848197714174074,-0.05399396149165358,-0.41603929869063466,Hot,1.839991078592584e-06
Nicaragua,2008,0.24991279299615388,-0.115271866342638,-0.16190233506300966,-0.18638272931522903,-0.09174320912681601,-0.40942967700899924,Hot,1.5048451150882848e-06
Nicaragua,2009,0.2791709365799658,-0.11456473189310636,-0.1602344329132691,-0.18106867246263555,-0.09058742001914888,-0.40709459125831016,Hot,1.4919793847623674e-06
Nicaragua,2010,0.2670596278857767,-0.11437675944449668,-0.15618050407709416,-0.17731757350786365,-0.09377073747670668,-0.38322937966842185,Hot,1.28832630118763e-06
Nicaragua,2011,0.2666937460563055,-0.11136920026674188,-0.14061341734618238,-0.15910911399824168,-0.10592121534163118,-0.36767952478717414,Hot,1.1247422709551743e-06
Nicaragua,2012,0.2605853799202189,-0.11365172285700223,-0.1332931801334322,-0.14863729608283677,-0.11355138241682358,-0.37719208189189424,Hot,1.1340994260133235e-06
Nicaragua,2013,0.28586016595945046,-0.11318626726996873,-0.12312361008154192,-0.1497313666113119,-0.12645116423714245,-0.36896682865201974,Hot,1.01697470186439e-06
Niger,2000,0.36803681143287725,-0.1481222895044241,-0.08052260934025206,0.03047767900752171,-0.16642873409259537,0.23844602232598694,Hot,2.0183709558950035e-07
Niger,2001,0.37861637755283956,-0.14845347905673636,-0.06935693106004451,0.0522809416821334,-0.1740980804595731,0.23544130563003499,Hot,1.916398677021866e-07
Niger,2002,0.38097290459011146,-0.14810438736646128,-0.05909469977761305,0.06853570381947834,-0.16910272075694388,0.20872884911029196,Hot,2.0553311177752378e-07
Niger,2003,0.392327644077598,-0.1475762742965579,-0.04707190511489997,0.08627527595975384,-0.17167875919182915,0.24006247559339966,Hot,1.939878051997589e-07
Niger,2004,0.39748719801183535,-0.1471197697785058,-0.03435415122312826,0.10229559441242553,-0.18467159183013818,0.20829004928731948,Hot,1.826617132761647e-07
Niger,2005,0.41719520570775726,-0.1480506809525728,-0.02237768717568572,0.12714662498778936,-0.19134676366806322,0.25101518819597773,Hot,1.6388064350704905e-07
Niger,2006,0.3914966582276126,-0.14822970233220106,-0.010864529280948878,0.14769952134414377,-0.13843513011197928,-0.06396578359302615,Hot,3.84303150808394e-07
Niger,2007,0.4004886692908866,-0.1479164149178516,0.00421608598962191,0.17223796033994332,-0.1671633458135702,0.22598333771520424,Hot,2.039122573218816e-07
Niger,2008,0.3624989728952877,-0.14714662298545006,0.019319866567828012,0.20005861092116828,-0.1822277835050284,0.18852818002356903,Hot,1.910835323695943e-07
Niger,2009,0.4331203673701627,-0.14571445194842397,0.03558191252779832,0.22045521148774053,-0.16946023179448502,0.2461938048270362,Hot,1.9566601758607465e-07
Niger,2010,0.4665706485255426,-0.14385262960029005,0.027752038547071915,0.21709485200742407,-0.1175231831215611,-0.494227166190782,Hot,2.697705702492547e-06
Niger,2011,0.4061071258586981,-0.14248311604613384,0.04130374351371381,0.2310833251929276,-0.0606446462722128,-0.457878074798753,Hot,2.4256525649945304e-06
Niger,2012,0.3752490244443169,-0.13765848986515217,0.062453669384729384,0.2707824557975969,-0.025495924129301437,-0.49221459510234755,Hot,3.902568627310123e-06
Niger,2013,0.4614700077672371,-0.13563554827535282,0.08814399555226093,0.29961902901240595,-0.06563510856336884,-0.5089384277732578,Hot,4.181842400745291e-06
Nigeria,2000,0.2979115279132178,0.7125050909204832,6.287736286137879,1.6710364364559929,2.443010047039637,-0.4477525337226863,Hot,2.4814661970075465e-05
Nigeria,2001,0.3024633459273168,0.7428223615605294,6.259520941438101,1.6820552896356353,2.300985114317827,-0.4471003609861592,Hot,2.3414838838358224e-05
Nigeria,2002,0.3299664970070559,0.6505189382241976,5.275643995552261,1.703936700205138,1.9471961094963255,-0.4420505501698147,Hot,1.947810211462643e-05
Nigeria,2003,0.3273433103313555,0.7411395605920238,5.854869347664938,1.7987300967080198,2.109604068769452,-0.4333525121671173,Hot,1.9608898667888883e-05
Nigeria,2004,0.33779884871251464,0.6957755429942221,5.724911971830986,1.81607892937384,2.0442774971288924,-0.4117469400893037,Hot,1.657211496991745e-05
Nigeria,2005,0.3493396298082065,0.7557835094456156,5.569333765752409,1.9808928396991305,1.965399787942083,-0.40599506430392757,Hot,1.5475154560757676e-05
Nigeria,2006,0.3545860031596064,0.6522285923996473,5.170265011119348,1.9721402754713295,1.823374855220273,-0.39767402527436463,Hot,1.3832203625092234e-05
Nigeria,2007,0.34677225561496805,0.5812734685839857,4.847479614529281,1.9469766533164012,1.6709282308835667,-0.3115022716578738,Hot,8.661570115023354e-06
Nigeria,2008,0.319653590525521,0.619933135514709,4.732602853965901,2.0011331444759204,1.81722860382145,-0.31033097868010434,Hot,9.260802384143772e-06
Nigeria,2009,0.36261059786021166,0.5352739250885038,4.587495366938473,1.9519781185894305,1.3439231694088087,-0.3063736972157421,Hot,7.0931381636298575e-06
Nigeria,2010,0.37015148437948137,0.8487314097486092,4.801820793180133,2.1315619810491353,1.5105624921947505,-0.2859537997902902,Hot,7.25908641207099e-06
Nigeria,2011,0.3417243266456544,0.9746281949721844,5.061017420311342,2.210882094363583,1.5451235249608821,-0.2547240696646586,Hot,6.678368245590965e-06
Nigeria,2012,0.3257743594354879,0.8315006019593891,5.177515752409192,2.3035654977044056,1.4598253093327522,-0.2555752896020901,Hot,6.387947260732896e-06
Nigeria,2013,0.37027241142481515,0.8966285798681507,4.946372312824314,2.387340041027645,1.4547711806924448,-0.2750908620431439,Hot,6.78256109851088e-06
North America,2000,-1.4811919685837738,63.50155077270104,25.489181801334322,28.244681058903975,45.07431577039956,1.2724877082010857,Cold,2.843272671018975e-05
North America,2001,-1.4512640752104211,62.55187815804903,24.953043921423276,27.64098857087037,43.76473325024059,1.2122499587763276,Cold,2.8542298013725207e-05
North America,2002,-1.4819299336296565,63.062205453886335,24.631602112676056,27.2700986617173,44.098202894859924,1.1670710285483796,Cold,2.950357333041715e-05
North America,2003,-1.4637908768296033,64.03023671101921,24.87759451445515,27.958816059392397,45.06756223997806,1.358033282319771,Cold,2.717116669272101e-05
North America,2004,-1.5082176128691187,64.91847813925179,24.97697368421053,27.76829149164794,45.20878889462974,1.5475280297584793,Cold,2.482374271343965e-05
North America,2005,-1.4422224530516252,65.3052717320766,25.191368606375093,27.959206798866852,45.78308874844201,1.428213561977624,Cold,2.663326895692964e-05
North America,2006,-1.420678834821408,64.73492751871893,25.664520014825797,28.023053628992866,44.10977547817102,1.4376520572466573,Cold,2.5546075523239432e-05
North America,2007,-1.4747859358745585,65.66070973025954,25.92700611564122,28.46841848197714,44.58461869978623,1.6730104093089426,Cold,2.3117407587864493e-05
North America,2008,-1.5104811191022876,63.694831205216694,26.34905485544848,27.38708606036925,43.89086608273197,1.56974488055095,Cold,2.3855425142924972e-05
North America,2009,-1.4961559152704507,59.39900732644996,25.325125092661235,26.897723942561296,41.03291795121688,1.6821496545077759,Cold,2.120232609009397e-05
North America,2010,-1.4107132060085241,61.17713717960768,24.97991567828021,27.52892448959656,42.12563329652113,1.6191829789002952,Cold,2.238693061957531e-05
North America,2011,-1.465812528972105,60.33056297748359,25.29362027427724,27.94889127674123,40.95368273099253,1.588449427421706,Cold,2.2077718110286474e-05
North America,2012,-1.4306196580865314,58.61566347561058,24.979985174203115,27.53627039171632,40.38362403551603,1.3995094928257943,Cold,2.3854886426672064e-05
North America,2013,-1.3362490187597127,59.8972327770244,25.017675129725724,27.945921656735372,40.88520222636326,1.8546170295234157,Cold,1.962761326306989e-05
North Korea,2000,-1.1538455575589484,0.46486481648070827,0.19894366197183094,-0.11901924391911693,0.19987805445431817,-0.02561474733584387,Cold,1.0692407332842602e-06
North Korea,2001,-1.1388071942289897,0.4872693421411853,0.21346830985915494,-0.10159226335840577,0.21345367905793397,-0.044674073895045505,Cold,1.1371664164245465e-06
North Korea,2002,-1.1240230877635786,0.4601834074034291,0.20230263157894737,-0.15215395135293544,0.19322736967375892,-0.040105452286082345,Cold,1.083774756828662e-06
North Korea,2003,-1.1144543477148667,0.47361896194453024,0.21349147516679015,-0.18005274982905145,0.20821344878164647,0.1956116782534136,Cold,7.752590641432897e-07
North Korea,2004,-1.0854566623825421,0.48775269986618147,0.23084229058561898,-0.15504542346390543,0.2483134539239285,0.21549783941034464,Cold,8.144509900844598e-07
North Korea,2005,-1.16995676082956,0.5171838146770679,0.2650574499629355,-0.1576243039953111,0.2548123189488196,0.20820133245632907,Cold,8.316235028647757e-07
North Korea,2006,-1.1229378450490455,0.527567054695507,0.27149740548554485,-0.14598026765653999,0.25812296910467974,0.28767044627291166,Cold,7.595571399828662e-07
North Korea,2007,-1.0804583445087497,0.41396008718341193,0.21861100815418824,-0.17348832665820063,0.21842455170319725,0.13649997579913303,Cold,8.561566376331767e-07
North Korea,2008,-1.0961788604021292,0.4752570075681288,0.23885748702742773,-0.16551724137931031,0.2429605831837582,0.14116892487297542,Cold,8.901995621926091e-07
North Korea,2009,-1.1341437512499672,0.4513934576636815,0.23100444773906592,-0.15379505714564812,0.22646120393066244,0.14322456095042038,Cold,8.610924207516997e-07
North Korea,2010,-1.1659816718008986,0.43076124366152435,0.2356606745737583,-0.1438702744944808,0.1932763437884906,0.5583614129949103,Cold,5.121330392244507e-07
North Korea,2011,-1.1651072762423318,0.27422494931457186,0.21942179392142322,-0.13699325974406565,0.10962365841534456,0.6345880726452316,Cold,3.998687805293938e-07
North Korea,2012,-1.1844369993349018,0.26427136060724055,0.2111981097108969,-0.15637393767705382,0.09707649022109364,-0.004387056145087372,Cold,8.213105806014761e-07
North Korea,2013,-1.0819218718266344,0.16929156764546605,0.21703576723498888,-0.16184429031942954,0.043195169193322905,-0.026220873399774042,Cold,7.404429801567105e-07
Oceania,2000,-0.10703283789419543,3.33698536947775,4.902520385470719,8.193806779329881,4.165517815558586,4.830177386292149,Hot,9.584467849812583e-07
Oceania,2001,-0.10072602737602306,3.4285458540886244,5.182310971089696,8.998417505128455,4.08664500378325,4.876506485821627,Hot,9.33549885505629e-07
Oceania,2002,-0.0560140275372588,3.479011981005832,5.052492587101557,8.51601054996581,3.854282419027423,4.025880287794865,Hot,1.0476247999723513e-06
Oceania,2003,-0.057769020041332164,3.577473739801376,4.048068013343218,5.695184135977336,4.023737753410435,4.684246462474072,Hot,9.538191654091424e-07
Oceania,2004,-0.06981831486611999,3.68087648867466,4.546446441808747,7.390915307218911,4.134571072459651,3.9502556136487006,Hot,1.1368469808994677e-06
Oceania,2005,-0.026048925842264835,3.725399105788209,4.116868977020015,5.741682133437529,3.5206070831262135,3.9275713232926925,Hot,9.846831095947172e-07
Oceania,2006,-0.07149889072691125,3.78203251923361,4.5840205707931805,7.129119859333789,3.8022278324791428,4.08271742431557,Hot,1.0219032560558731e-06
Oceania,2007,-0.054810958470862085,3.856791847366372,4.501922720533729,6.778392107062616,3.908648583791037,4.132089421764335,Hot,1.0373661910256192e-06
Oceania,2008,-0.07273916811494875,3.9017172625840844,4.0791790214974055,5.594764091042297,4.434620781186103,3.981664517145956,Hot,1.205259191928407e-06
Oceania,2009,-0.04271205255055296,3.8990945993725306,4.150806152705709,5.8973527400605645,3.902766792611765,3.90981368016287,Hot,1.0872479889587883e-06
Oceania,2010,-0.0798645617092263,3.887708839628173,3.91641957005189,5.0422584741623515,4.831208264871602,4.442165215848877,Hot,1.1861904295941723e-06
Oceania,2011,-0.10349184595134697,3.8771197250231615,5.126876389918459,8.862830907492429,4.654857375134372,4.507390921989512,Hot,1.1307921919835274e-06
Oceania,2012,-0.08738684406767563,3.8938671750873852,5.149184581171238,8.940900654488619,4.305480938050193,4.72349316626821,Hot,1.0083286168065628e-06
Oceania,2013,-0.07735299999844986,3.829025631386029,4.190604151223129,5.885239816352446,3.8441251876320766,4.803448075006522,Hot,8.940147957238232e-07
Oman,2000,0.3640617224042157,0.06044656883148271,0.23413176426982948,-0.32079710852788906,-0.06560082668305665,-0.17580940375275847,Hot,7.023620289162165e-07
Oman,2001,0.37603660058572064,0.0472705952908426,0.2712889177168272,-0.3178274885220279,-0.06489559943092077,-0.16266526772539414,Hot,6.82011338541781e-07
Oman,2002,0.3694011165597187,0.08725502043081493,0.2851649369903632,-0.3168897137833349,-0.0401930559602722,-0.1914728398901998,Hot,8.07454013124361e-07
Oman,2003,0.38985329068846236,0.15513992758585196,0.3574870274277242,-0.31618638272931526,0.01212599080755866,-0.22879670627114965,Hot,1.068651254292154e-06
Oman,2004,0.3791496968296961,0.10755604488065987,0.3264918458117123,-0.31368565009280064,-0.020534846306984433,-0.2828014174192205,Hot,1.1364300245390822e-06
Oman,2005,0.3753234410875993,0.13072141140455698,0.30478595255744995,-0.3125915795643255,-0.012380656204163282,0.0684374308478092,Hot,5.318558250838478e-07
Oman,2006,0.37317155981935357,0.2078348706794309,0.24930504077094146,-0.30907492429422684,0.018463241253835264,-0.13084266639352077,Hot,8.500739053667418e-07
Oman,2007,0.39684845515699585,0.2513191637911358,0.20890474425500372,-0.3049330858649995,0.03411536832207341,-0.1635034317859733,Hot,9.612828466981492e-07
Oman,2008,0.3513736847245889,0.27036703858358285,0.21363046701260188,-0.3028230927029403,0.04595241185271522,-0.004939712178559537,Hot,7.184483558804611e-07
Oman,2009,0.3953229139697094,0.2441225043300796,0.2026964418087472,-0.3032138321773957,0.02914939308828318,0.08370590752991848,Hot,5.924422596142145e-07
Oman,2010,0.4039676473643332,0.3061086570263654,0.19898999258710157,-0.2987594021686041,0.06270155909094247,-0.20934722764042377,Hot,1.171676275356397e-06
Oman,2011,0.3810473212333935,0.3587051383611488,0.21942179392142322,-0.29469571163426783,0.09591090629048017,0.33423548316545204,Hot,5.143444133979773e-07
Oman,2012,0.3855805350866721,0.41062133845334475,0.24627038547071906,-0.2904757253101494,0.1302074788370607,0.13515445389662914,Hot,7.141382877024074e-07
Oman,2013,0.38429994868352313,0.43283789166521214,0.27562083024462564,-0.2803164989743088,0.1492486146447295,-0.2738246111335264,Hot,1.7530798078674211e-06
Pakistan,2000,-0.08987360023069156,0.7761382403093491,2.300824684951816,2.582006447201329,1.0048704757100635,-0.37984081825311933,Hot,7.747238655979184e-06
Pakistan,2001,-0.08184280414314649,0.7892157520911934,2.3194727575982212,2.6122496825241774,1.0040183261137325,-0.3957582273244267,Hot,8.425286037825897e-06
Pakistan,2002,-0.07476702164439078,0.8354480233801923,2.4158867679762785,2.6976653316401284,1.0516652423361632,-0.3752703240802041,Hot,7.84076296101577e-06
Pakistan,2003,-0.11892709804547813,0.8585059770763124,2.5170959970348403,2.783159128650972,1.051694626805002,-0.39642376472112306,Hot,8.763683061201108e-06
Pakistan,2004,-0.06601686467178393,0.9613985150176562,2.5913639733135656,2.8995213441437917,1.1165853288244496,-0.3604301114580592,Hot,7.649942777620873e-06
Pakistan,2005,-0.1308089554228803,1.0089286913089597,2.672396219421794,3.0667578392107058,1.1832195093283446,-0.3707810657508489,Hot,8.411224076153159e-06
Pakistan,2006,-0.10368408894649288,1.0802239557459152,2.8642281319495924,3.210081078440949,1.2637574410045571,-0.36818374060371434,Hot,8.754669977155583e-06
Pakistan,2007,-0.09966559020925067,1.1736462627049236,2.9203113417346183,3.2510305753638757,1.3026673751588596,-0.38336004345208746,Hot,9.677482446522731e-06
Pakistan,2008,-0.11125598240046379,1.1696361838012508,3.0396358413639732,3.3642668750610527,1.3383646073867654,-0.388355335731487,Hot,1.0155004449490476e-05
Pakistan,2009,-0.08325672036550975,1.1736999691188121,3.1135795033358047,3.678186968838526,1.380487243467465,-0.38276429799375966,Hot,1.0113690628487609e-05
Pakistan,2010,-0.07012218282618903,1.1660826094156296,3.1087842846553007,3.6287974992673635,1.434275513677246,-0.3836784841008384,Hot,1.0485358379239197e-05
Pakistan,2011,-0.09391070312875496,1.1838415302747531,3.240571719792439,3.7092898310051776,1.4725291946941441,-0.14870809174739247,Hot,4.82536265495941e-06
Pakistan,2012,-0.13634679396046934,1.1933923208779211,3.3199823943661975,3.603008693953307,1.4907524627857942,-0.14743323537038766,Hot,4.860243154934582e-06
Pakistan,2013,-0.052786205634890254,1.172160385254009,3.4776223128243147,3.8518315912865098,1.5132707607394114,-0.18107966229506758,Hot,5.3401579492595325e-06
Panama,2000,0.2739741743240874,-0.10378764483948498,-0.2696210155670868,-0.2902412816254762,-0.17386300470886112,0.05245183226915069,Hot,2.4785846644130786e-07
Panama,2001,0.270551008733103,-0.09239293402614611,-0.262416604892513,-0.2821920484516948,-0.18314359945051042,0.12709750053113641,Hot,2.062664620300329e-07
Panama,2002,0.310822815522692,-0.1031252657348604,-0.26183747220163084,-0.28203575266191266,-0.1981198837354516,0.18884920228417526,Hot,1.669434961048303e-07
Panama,2003,0.3139049048319657,-0.10116498162793093,-0.26188380281690143,-0.2780502100224675,-0.2014648157716239,0.40832527897198334,Hot,1.25791302803698e-07
Panama,2004,0.3033005331642423,-0.1049602348760501,-0.2620227946627131,-0.281410569502784,-0.21062297522644405,0.01069566010561285,Hot,1.929467135199245e-07
Panama,2005,0.30174398504225475,-0.09388776254604207,-0.25931245366938477,-0.28078538634365535,-0.21396790726261633,0.19458852862955692,Hot,1.4188591948658612e-07
Panama,2006,0.30522296311570085,-0.089054185296079,-0.2582468495181616,-0.27883168897137833,-0.19285026899032515,0.054047078626436554,Hot,2.123366511846158e-07
Panama,2007,0.29984015925161667,-0.09037894350532814,-0.2587333209785026,-0.28172316108234835,-0.2051476691994446,0.12700064269532407,Hot,1.7005170247089709e-07
Panama,2008,0.2805848528023293,-0.0932880409242874,-0.25502687175685695,-0.2776594705480121,-0.1908766121666393,0.19392787249142351,Hot,1.767361695436044e-07
Panama,2009,0.315492459888654,-0.08217081324937232,-0.25347479614529284,-0.2743772589625867,-0.14575186285288907,0.3828867350542908,Hot,1.964094207525897e-07
Panama,2010,0.2975890557923281,-0.0731391846471265,-0.2522470348406227,-0.272814301064765,-0.1851858200348206,0.31771722928109797,Hot,1.5963454225487673e-07
Panama,2011,0.27378193132894174,-0.06562923777172092,-0.24812361008154193,-0.2720328221158542,-0.2112890231867946,-0.5125103847769752,Hot,1.7665740621361882e-06
Panama,2012,0.30155794343404896,-0.06884267153604821,-0.2471506671608599,-0.2668750610530429,-0.20156766141256038,-0.5130257298843665,Hot,1.959297070409724e-06
Panama,2013,0.3116041902771556,-0.062272586903691,-0.24631671608598965,-0.26531210315522125,-0.19827170349111975,-0.46783925624073636,Hot,1.1772950105606317e-06
Papua New Guinea,2000,0.1422691184883499,-0.12793762895133753,-0.27070978502594517,-0.24530624206310445,-0.12498683820666587,-0.5585768852924192,Hot,1.207265502713956e-05
Papua New Guinea,2001,0.15065339363148533,-0.12437510349673511,-0.2824545959970349,-0.24436846732441142,-0.12465871163796376,-0.5621799290358652,Hot,1.5208625615070044e-05
Papua New Guinea,2002,0.15375408710158,-0.12142125073286879,-0.2758293180133432,-0.23866367099736252,-0.13264149233922407,-0.5635281928126115,Hot,1.609915315448658e-05
Papua New Guinea,2003,0.15155879612475312,-0.11795718703706191,-0.2805318754633062,-0.2369444173097587,-0.13218113566074652,-0.5636936530353379,Hot,1.6355355966513134e-05
Papua New Guinea,2004,0.1398071678730945,-0.112282209302846,-0.2746942179392142,-0.22201816938556218,-0.11218990202728348,-0.562164249879164,Hot,1.6222570774925284e-05
Papua New Guinea,2005,0.14909684550949825,-0.10962374181536633,-0.254378243143069,-0.23796033994334276,-0.09723320738823495,-0.5620026588353931,Hot,1.726013546391299e-05
Papua New Guinea,2006,0.1271625399020491,-0.10902402019361164,-0.2419848035581913,-0.2328807267754225,0.02029977055627246,-0.42947117823921266,Hot,2.5950102327256235e-06
Papua New Guinea,2007,0.1378537309869351,-0.0953288846520496,-0.26232394366197187,-0.24092995994920388,-0.01414372433450299,-0.41953881376006436,Hot,2.1757680869688283e-06
Papua New Guinea,2008,0.12990975431655263,-0.10460219211679357,-0.24423183839881396,-0.2414769952134414,-0.01097020169989153,-0.45591319588863294,Hot,2.864431930604018e-06
Papua New Guinea,2009,0.13044927498034956,-0.10710849143158924,-0.2792577835433655,-0.23764774836377844,-0.0674177663396012,-0.44559873341061884,Hot,2.1374610619985934e-06
Papua New Guinea,2010,0.1720357758012578,-0.11203157937136644,-0.2866011860637509,-0.23928885415649118,-0.10446178672262774,-0.4548975931631907,Hot,1.947572636095849e-06
Papua New Guinea,2011,0.1339220516668555,-0.1068131061552026,-0.2867170126019274,-0.2431181010061541,-0.09922155644634027,-0.4252031474841471,Hot,1.604701409056732e-06
Papua New Guinea,2012,0.13494528051198684,-0.11510179603199114,-0.2862305411415864,-0.24046107257985735,-0.09680223517859635,-0.4495212020659462,Hot,1.9349427098549118e-06
Papua New Guinea,2013,0.15172933426560845,-0.11366962499496505,-0.28423832468495186,-0.23921070626160007,-0.08045957309264189,-0.4517206816394167,Hot,2.121232634666293e-06
Paraguay,2000,0.044343017315822915,-0.12208362983749337,0.053419199406968064,0.06540978802383508,0.09090575176490465,2.1184728371031496,Hot,1.7162409111859355e-07
Paraguay,2001,0.09361923794256591,-0.12123327828425913,0.07855355819125275,0.1338673439484224,0.09890322470058453,2.061319463538682,Hot,1.7885505369612442e-07
Paraguay,2002,0.12865087276769446,-0.11974740083334455,0.061110081541882834,0.13582104132069944,0.08298174000132232,2.07615259700351,Hot,1.7090229043063877e-07
Paraguay,2003,0.09180223156909018,-0.11819886589956008,0.09657616753150483,0.1820064472013285,0.10031857661632941,2.439856739071422,Hot,1.5695073950521078e-07
Paraguay,2004,0.05762018675476771,-0.11791243169215486,0.06632227575982208,0.12198886392497801,0.07713423070236226,3.3338380962658714,Hot,1.1419810227026812e-07
Paraguay,2005,0.05877984611258298,-0.120472437420839,0.08392790956263893,0.15926540978802384,0.0733387368106587,3.33422854794309,Hot,1.1306252926363125e-07
Paraguay,2006,0.10019270809916628,-0.11931774952223671,0.10306245366938468,0.15668652925661813,0.07306448176816142,2.9659760345822113,Hot,1.2472717972072053e-07
Paraguay,2007,0.051828091352631216,-0.11806459986483887,0.1415863602668643,0.23710071309954087,0.1191883030224375,2.639145938483499,Hot,1.5401989578963653e-07
Paraguay,2008,0.05864961698683892,-0.11601480506809528,0.1305828391401038,0.17692683403340823,0.07270697073062035,3.1137319114339386,Hot,1.196204762386554e-07
Paraguay,2009,0.08620237916209932,-0.11373228247783494,0.15344699777613044,0.18607013773566475,0.10066139541945106,4.362798624151428,Hot,9.592383185045488e-08
Paraguay,2010,0.04354923978747826,-0.10938206295286818,0.17953113417346184,0.24022662889518412,0.10023042320981249,3.8381858194711738,Hot,1.072105739139456e-07
Paraguay,2011,0.07153609904855204,-0.10776191946723239,0.18824128984432908,0.2705480121129237,0.10454504271767154,3.7336882389370945,Hot,1.1096950224365437e-07
Paraguay,2012,0.10682819212516874,-0.10805730474361903,0.2148118977020015,0.27226726580052746,0.10267912894639541,4.3199622447227135,Hot,9.72403760058385e-08
Paraguay,2013,-0.015810436004012357,-0.1079677940538049,0.22620922905856192,0.32564227801113604,0.11658288011871328,3.193662228500541,Hot,1.305641812921982e-07
Peru,2000,-0.20823947275808244,0.10246288663023581,0.27559766493699034,0.2615610042004493,0.3972535316458486,-0.37051338421719054,Hot,3.973962696146597e-06
Peru,2001,-0.20869837539165634,0.07186813285176583,0.2755281690140845,0.19857380091823779,0.34576214741698275,-0.24727044957517116,Hot,2.303552337583045e-06
Peru,2002,-0.18561061181333205,0.07483988775359496,0.28768995552260934,0.2142815277913451,0.2873360285421141,-0.25345657326433285,Hot,2.1380215867359465e-06
Peru,2003,-0.1893624509121468,0.06877106298419688,0.30089418087472203,0.22100224675197813,0.6061624128566845,-0.297280841267801,Hot,3.798036335105801e-06
Peru,2004,-0.1925251582516433,0.10090540062746994,0.2929253150481838,0.2278011136075022,0.4482355850815052,-0.2543593328685349,Hot,2.7230970825894003e-06
Peru,2005,-0.19196703342702626,0.11716949296669756,0.31975074128984426,0.2286607404513041,0.40851268062265683,-0.3406530298938418,Hot,3.5254909789038206e-06
Peru,2006,-0.18523852859692078,0.09907043148628024,0.3183376575240919,0.2389762625769268,0.33938571767892084,-0.3990258273365072,Hot,4.235242299025553e-06
Peru,2007,-0.2112347426501941,0.1551757318617776,0.33098591549295775,0.26828172316108234,0.36621373772892346,-0.2014805210775644,Hot,2.0852596524969584e-06
Peru,2008,-0.20864876429613505,0.16417155618809778,0.3011721645663454,0.2614828563055583,0.3235817708550146,-0.25553029884387557,Hot,2.282773976638325e-06
Peru,2009,-0.18657182678906128,0.19865107390450104,0.31741104521868047,0.29860310637882187,0.3334892342652291,-0.22761638986413754,Hot,2.132880250517184e-06
Peru,2010,-0.18200140461414216,0.22622931743623484,0.32878521126760557,0.29117905636416924,0.3368880378276061,-0.29258052126557943,Hot,2.6353540292928195e-06
Peru,2011,-0.20435740453352416,0.22463602715754327,0.3410628243143069,0.3033701279671778,0.34488061335181286,-0.3749626520156529,Hot,3.7603676157888553e-06
Peru,2012,-0.19126627670278462,0.25311832865639977,0.3389779466271312,0.3053238253394549,0.3401790983375737,-0.24827441681113688,Hot,2.290884905328114e-06
Peru,2013,-0.22726532789058282,0.22813589512927585,0.34430596738324687,0.31110676956139494,0.35022368926903685,-0.3001510628460618,Moderate,2.763592410356352e-06
Philippines,2000,0.2961441326352639,0.4854701772759212,1.0574036323202372,0.4644329393376965,0.571478944803724,-0.23405864529310444,Hot,2.978744057245776e-06
Philippines,2001,0.30317650542543867,0.4705397942149242,1.0699128984432913,0.4781088209436358,0.5503074350052279,-0.09829264682572451,Hot,2.0811677225126774e-06
Philippines,2002,0.30160755452957055,0.46779181603763037,1.0915492957746478,0.45966591774934057,0.6373540265292779,-0.16810262734494152,Hot,2.684261415071591e-06
Philippines,2003,0.29652241723861505,0.46787237565846307,1.0947692735359527,0.5260134805118687,0.7704950548387649,-0.17944107016344216,Hot,3.1496646974510677e-06
Philippines,2004,0.3021036654847855,0.4902321459740329,1.1311851371386212,0.5693074142815278,0.6118581023999765,-0.2011822544196637,Hot,2.842305479935968e-06
Philippines,2005,0.30615937254366954,0.49323075408280637,1.1322507412898444,0.5352349321090163,0.7704215936666675,-0.16251642548816356,Hot,3.020590999762902e-06
Philippines,2006,0.30867093425444597,0.4333660047351155,1.1497173832468495,0.49373839992185203,0.8566650097091182,-0.062423460431919875,Hot,2.626521781999552e-06
Philippines,2007,0.30747406657498966,0.47242846977000236,1.1996386212008894,0.5332812347367393,0.9452493884357422,-0.14748411550757606,Hot,3.38701106155956e-06
Philippines,2008,0.2861723024354397,0.5314607697024217,1.2467105263157896,0.4833447299013383,0.893126238126838,-0.1465136755328488,Hot,3.2388557759130403e-06
Philippines,2009,0.2960697159919818,0.5222948750654547,1.2918365455893255,0.5026472599394354,0.7767931259932562,-0.1754554931930927,Hot,3.136541251862693e-06
Philippines,2010,0.32194810369339105,0.581953749826573,1.278169014084507,0.5764188727166162,0.9039299278366419,-0.11680770711635437,Hot,3.056646375104545e-06
Philippines,2011,0.27948720731391563,0.5885238344589303,1.3235266864343957,0.5300771710462049,0.9877736122572415,-0.15503022257036764,Hot,3.564648382742501e-06
Philippines,2012,0.3065004488253799,0.6287678405993636,1.3302677909562641,0.5123375989059293,0.8818426020926639,-0.1685853253126013,Hot,3.38218272617729e-06
Philippines,2013,0.32643170645114783,0.6945492465437685,1.3705754262416605,0.5483637784507179,0.9109234314203227,-0.16193659440139782,Hot,3.409206766316243e-06
Poland,2000,-0.9977814538221474,2.6859920245975375,1.3707144180874722,1.8504640031259156,1.707409048947179,1.4569339216020227,Cold,1.1483448557816194e-06
Poland,2001,-1.0936548959174723,2.6498386569816104,1.3070793180133433,1.782553482465566,1.6332867263008137,1.2823542577834086,Cold,1.210022162164131e-06
Poland,2002,-1.0313433599424515,2.583466480484432,1.259822090437361,1.7443391618638273,1.556074137014881,1.4428474461069676,Cold,1.0695439391299509e-06
Poland,2003,-1.0898410429492558,2.6987652000340145,1.1775389177168274,1.7925564130116243,1.6355052536981576,1.414126469233578,Cold,1.1312009195992382e-06
Poland,2004,-1.0894379527981435,2.7425180252151615,1.1319495922905856,1.7710657419165772,1.6140398992112721,1.2784623337754926,Cold,1.2005418892782554e-06
Poland,2005,-1.08735428678624,2.7331731091985665,1.1239112305411416,1.8206115072775226,1.6457261514426547,1.3587728242856059,Cold,1.1696795277698383e-06
Poland,2006,-1.0589705387609942,2.8567873718318815,1.1175871015567087,1.8205333593826316,1.6614223552141516,1.472887416154264,Cold,1.1134107337237133e-06
Poland,2007,-1.0129686504386708,2.850951274856,1.0545079688658265,1.8633584057829442,1.699529113886855,1.4220926584662823,Cold,1.1637998729539994e-06
Poland,2008,-1.009167200244335,2.7944968827902277,1.000324314306894,1.8066230340920189,1.6439092117861103,1.2314847433809977,Cold,1.2508796150864484e-06
Poland,2009,-1.0699097853234878,2.6732815066439315,0.9078484062268346,1.7663768682231122,1.4775931181573976,1.5147350974942855,Cold,9.8929931980992e-07
Poland,2010,-1.1466705528691497,2.835671800104728,0.9119255003706449,1.8379603399433426,1.6582635248139597,1.3084454323771615,Cold,1.2086199301373352e-06
Poland,2011,-1.0476778131429096,2.830104235198289,0.8877872498146775,1.8101396893621178,1.6047201251778374,1.4088682542275925,Cold,1.1162352965678622e-06
Poland,2012,-1.0784801020748291,2.76182548100807,0.9253150481838398,1.8519488131288462,1.5669757749541482,1.4695084081106653,Cold,1.061776963317194e-06
Poland,2013,-1.0248908168311845,2.7258332326338075,0.8910072275759823,1.8099052456774445,1.55678426167849,1.5398873994133133,Cold,1.0208846100916817e-06
Portugal,2000,-0.5683354082140472,0.4320949529397549,-0.0505003706449222,-0.06415942170557781,0.09415273557161359,0.03956598164851615,Moderate,7.571836168805298e-07
Portugal,2001,-0.5672377627256338,0.42925746407264687,-0.063310785767235,-0.08955748754517924,0.0930214335213123,0.06559220660578205,Moderate,7.244349632335888e-07
Portugal,2002,-0.563113840410408,0.4686063633149389,-0.06194403261675318,-0.08979193122985249,0.09725279703412763,0.0607023156437617,Moderate,7.376921972988988e-07
Portugal,2003,-0.5368695708795275,0.42294696044075064,-0.06706356560415126,-0.08721305069844681,0.07731543492686943,-0.14875123808712012,Moderate,1.045166162542039e-06
Portugal,2004,-0.5630642293148864,0.44818897496833565,-0.07595904373610085,-0.0910422975481098,0.06374470773472683,0.06285651894307236,Moderate,6.744738125389313e-07
Portugal,2005,-0.5576256129683405,0.46911657424687947,-0.08652242401779099,-0.09158933281234738,0.08022939475340311,-0.14713215121645146,Moderate,1.049088282341354e-06
Portugal,2006,-0.5229722627465634,0.4262946602397991,-0.0793411786508525,-0.099873009670802,0.05344055399518587,-0.13962884312775445,Moderate,9.59982345858913e-07
Portugal,2007,-0.5796405366060121,0.4041318134418203,-0.08337194217939214,-0.08869786070137733,0.07050803297916888,-0.03476998804141193,Moderate,8.105646431221908e-07
Portugal,2008,-0.5774886553377665,0.38291777995587123,-0.09717846553002225,-0.09588746703135682,0.043988549851975735,-0.19683193787381179,Moderate,1.0758852790291627e-06
Portugal,2009,-0.5243923803558668,0.3572908694620855,-0.10236749444032618,-0.11128260232489987,0.018845239348742215,-0.19681649984240548,Moderate,9.990768434571348e-07
Portugal,2010,-0.546661560858086,0.31918616880820994,-0.10686156412157156,-0.10307707336133633,0.0008472521848577023,-0.2957811175327329,Moderate,1.2773596096709212e-06
Portugal,2011,-0.5182220003503787,0.30928628651476703,-0.1066067457375834,-0.12566181498485884,-0.0007150220750822191,-0.1412110071190059,Moderate,8.192700172336096e-07
Portugal,2012,-0.5683974220834491,0.29270890676119,-0.12015845070422539,-0.1157370323336915,-7.346117209749066e-05,-0.09485194528437799,Moderate,7.41904571920625e-07
Portugal,2013,-0.5314061489852206,0.2767222975603862,-0.12991104521868052,-0.11433037022565205,-0.017444579667416773,-0.2328107159467011,Moderate,9.813985863915996e-07
Qatar,2000,0.3693142971425558,0.2074410236442487,0.29528817642698296,-0.35041516069160883,0.025799563640637742,-0.45596453253595964,Hot,3.2199338385503046e-06
Qatar,2001,0.39258190094214573,0.2567435115938721,0.19581634544106744,-0.35127478753541075,0.03166176517401729,-0.46083885353116183,Hot,3.414887682776713e-06
Qatar,2002,0.383639500974393,0.2501286716166078,0.17860452186805034,-0.348617759109114,0.024594800418238964,0.3658963905144376,Hot,4.0938045754972506e-07
Qatar,2003,0.3940268240992097,0.2631614280535453,0.26016957005189023,-0.3485396112142229,0.04893983285134639,0.44855873863622436,Hot,4.03872829418333e-07
Qatar,2004,0.3802845506397506,0.2704028428595085,0.21043365455893254,-0.34744554068574773,0.04244096782645531,0.6215813487673896,Hot,3.392467102592647e-07
Qatar,2005,0.3708088313951413,0.2725690015530105,0.1385285396590067,-0.34627332226238156,0.028537216654137446,2.321382018644154,Hot,1.3467582492592073e-07
Qatar,2006,0.37514980225327377,0.38061735522764806,0.1440187175685693,-0.3439288854156491,0.08896147941005784,2.322377557022405,Hot,1.5877393032561585e-07
Qatar,2007,0.3825170499382188,0.37862126684479297,0.17559303187546327,-0.33939630751196637,0.094872655058169,3.4964765690662416,Hot,1.1468223678012944e-07
Qatar,2008,0.3598137723501863,0.3995757193302811,0.16806430689399554,-0.33634853961121425,0.10494173304699798,3.4957412985745973,Hot,1.1756696655679415e-07
Qatar,2009,0.3789512524476098,0.4303136902124537,0.1550454040029651,-0.334238546449155,0.11914422631917901,0.6996386504768282,Hot,3.8812335692761485e-07
Qatar,2010,0.43603501923205107,0.5050193119313274,0.11770292809488508,-0.3297841164403634,0.15241234245639465,0.4486311580745599,Hot,5.207860559758551e-07
Qatar,2011,0.3818535015356185,0.5780421326816956,0.16859710896960708,-0.3283774543323239,0.20321319166754412,-0.28520410613757025,Hot,2.036448488068284e-06
Qatar,2012,0.40589007731579174,0.6848194345609725,0.17007968865826537,-0.32611116538048257,0.2620947698094172,1.1664259108282788,Hot,3.79168253971096e-07
Qatar,2013,0.4125317627287346,0.6641872205588153,0.19428743513713864,-0.32079710852788906,0.25626685015634987,2.3149774778205194,Hot,2.2620340926642167e-07
Romania,2000,-0.9345211056452778,0.6800574658628606,0.17232672349888806,0.4035557292175442,0.28601862485583246,-0.33002192335755903,Moderate,2.7968579818327e-06
Romania,2001,-0.9965597805949301,0.7312754825745066,0.163801890289103,0.38315912865097196,0.3152561713506326,0.14531735548516395,Cold,1.001136921802867e-06
Romania,2002,-0.9404434301731583,0.7325375833008857,0.1845116753150482,0.3116538048256325,0.32548686391807613,0.062299990418078544,Moderate,1.149868578338723e-06
Romania,2003,-1.0187669472277476,0.7740526412366797,0.1815928465530022,0.3546351470157273,0.3160299623633928,0.19206126863940315,Cold,9.413883290297074e-07
Romania,2004,-1.0025441189922126,0.76980983453949,0.17582468495181616,0.4298134219009475,0.3436072863687898,0.2217349990407314,Cold,9.464085444069216e-07
Romania,2005,-1.0349153588200004,0.7528386077507306,0.1748054114158636,0.43536192243821425,0.3144285088116676,0.9512280887555167,Cold,4.722737489512385e-07
Romania,2006,-1.0091796030182154,0.7792711144528436,0.18865826538176422,0.36565400019536975,0.3056033733370227,0.06673105392042478,Cold,1.1061228148075922e-06
Romania,2007,-0.9050459135185586,0.8169282616576484,0.19030300222386953,0.37378138126404215,0.3382838000974585,-0.3673172340032514,Moderate,3.586131423353009e-06
Romania,2008,-0.9353582928822033,0.8035016581855288,0.19472757598220902,0.4046497997460194,0.34087942817823647,-0.3239556842495015,Moderate,2.981515412309452e-06
Romania,2009,-0.9346389319971414,0.6317216933632298,0.17214140103780573,0.33517632118784796,0.3324705726788106,-0.34297863956224706,Moderate,3.1829709276698548e-06
Romania,2010,-0.9807028341888665,0.6020220464829014,0.16968587842846553,0.42395232978411646,0.26698238645963673,0.08023676291458512,Cold,1.0152191432022432e-06
Romania,2011,-1.0017379386899883,0.672762344643009,0.14376389918458116,0.4216860408322751,0.27141454384285185,0.770980833315699,Cold,4.98482432717579e-07
Romania,2012,-0.9472587544204264,0.6499997762232754,0.14774833209785027,0.36651362703917156,0.2696318860666195,-0.08098979065343968,Moderate,1.3519618260015735e-06
Romania,2013,-0.8472117789143544,0.5510636107717165,0.14434303187546327,0.4046497997460194,0.21250358123213978,0.7880780063329158,Moderate,4.42221805041733e-07
Russia,2000,-2.05210405307147,13.098502038605961,6.784006671608599,4.839855426394451,9.177298538857286,-0.0005535494392754763,Cold,1.908619333261345e-05
Russia,2001,-2.048011137690945,13.434211880753859,6.94845719051149,4.952153951352935,9.3299263674185,-0.27409961644387243,Cold,3.695518683663205e-05
Russia,2002,-2.02064441712389,13.3469300071161,7.078738880652335,5.000996385659861,9.136561870223492,-0.37825205619801194,Cold,5.527077185465182e-05
Russia,2003,-1.9990573891850916,13.62151299918993,7.37951723498888,5.092116831102862,9.5461421865473,-0.36256980264482674,Cold,5.343374530362587e-05
Russia,2004,-2.048228186233852,13.678325434014958,7.423901964418087,4.796248901045227,9.390762012738167,-0.35335282177063465,Cold,5.041578192802962e-05
Russia,2005,-1.9741464178463517,13.84505699593174,7.583951074870273,4.835244700595877,9.723732121387242,-0.3418276162880595,Cold,4.95819448963194e-05
Russia,2006,-2.068277270211483,14.377180144738787,7.700542068198665,4.874396795936309,10.113487716067674,-0.3313941493844813,Cold,4.931274115744409e-05
Russia,2007,-1.9352265134097246,14.385119742925301,7.8817411045218675,4.981224968252418,10.448245379904451,-0.3369545684865986,Cold,5.207975322750941e-05
Russia,2008,-1.9598088112406344,14.639473319101135,7.982579688658265,5.304600957311711,10.318958614424346,-0.28335341127986446,Cold,4.203504695603391e-05
Russia,2009,-2.0567798988243724,13.677278158944134,7.821951445515196,5.226062322946175,10.708430159239333,-0.2964735351416777,Cold,4.561959638333264e-05
Russia,2010,-2.050237435602473,14.46417558416914,8.170380837657524,5.123297841164403,11.769229073972951,-0.3027910801824214,Cold,5.116799424061266e-05
Russia,2011,-1.9669652117696128,14.928216902303559,8.335781134173462,5.4022858259255635,10.855440656840827,-0.2812141645668232,Cold,4.383677074101563e-05
Russia,2012,-2.004185936184628,15.063512309957618,8.549851742031134,5.2828758425319915,12.102968076223311,-0.1765372460084485,Cold,3.597006816130862e-05
Russia,2013,-1.8822449640862184,14.503560287687359,8.58235266864344,5.27123180619322,11.306717534447168,-0.13695905819024112,Cold,3.062903394389179e-05
Rwanda,2000,-0.2438726421164095,-0.14962606909330148,-0.27948943661971837,-0.3003223600664257,-0.26098305740500854,0.7537591504793113,Moderate,4.1285533914117755e-08
Rwanda,2001,-0.250706570524498,-0.14959026481737586,-0.2768254262416605,-0.29696200058610916,-0.2653907277308578,0.7773769234322978,Moderate,3.6793598417567135e-08
Rwanda,2002,-0.22942341054576865,-0.14965292230024574,-0.27520385470719055,-0.2930546058415551,-0.2719532591049001,1.5516010625272798,Moderate,1.9833498182097052e-08
Rwanda,2003,-0.21847796259633492,-0.14971557978311564,-0.2710340993328392,-0.28703721793494186,-0.2734665592501083,1.6537255068542729,Hot,1.8139162229390263e-08
Rwanda,2004,-0.21917871932057603,-0.1496171180243201,-0.2686017420311342,-0.28195760476702153,-0.2749357826920581,1.6531768906876494,Hot,1.7380326689542922e-08
Rwanda,2005,-0.1933065330061069,-0.14963502016228292,-0.26918087472201635,-0.27828465370714073,-0.27558713841798915,1.8279414153378255,Hot,1.5803085146864647e-08
Rwanda,2006,-0.21338042253149941,-0.14963502016228292,-0.26475630096367686,-0.2703917163231415,-0.2731531249158257,1.7400364557789938,Hot,1.761995703647036e-08
Rwanda,2007,-0.2431160729097064,-0.14938439023080333,-0.261767976278725,-0.26429618052163717,-0.27305027927488923,1.9629618724083397,Moderate,1.6119910012114986e-08
Rwanda,2008,-0.2455532179772005,-0.1494828519895989,-0.2581773535952558,-0.2582006447201329,-0.2717034911197686,1.9789637603705048,Moderate,1.6629435400026317e-08
Rwanda,2009,-0.2238111553648978,-0.14926802633404498,-0.2560693106004448,-0.2546839894500342,-0.268378148729489,2.106448615590757,Hot,1.7274857964884362e-08
Rwanda,2010,-0.20562248746932246,-0.14903529854052824,-0.25143624907338774,-0.24749438312005467,-0.26689423305311977,2.008387811637942,Hot,1.8595262207375155e-08
Rwanda,2011,-0.24233469815524256,-0.1484803322636806,-0.25291882876204597,-0.25077659470548014,-0.2658510844093354,2.017163590681902,Moderate,1.8998214723641712e-08
Rwanda,2012,-0.2285180080525014,-0.14780900209007464,-0.2515289103039289,-0.24569698153755984,-0.26650733754673966,2.238901057788355,Moderate,1.723176278622304e-08
Rwanda,2013,-0.21776790379168323,-0.14726298688220843,-0.24955985915492956,-0.24218032626746117,-0.2659245455814329,2.2121316567650267,Hot,1.7639277950213282e-08
Saint Lucia,2000,0.3012540754739799,-0.15118355509606737,-0.3421979243884359,-0.3671388101983003,-0.306617137511968,3.238040706516552,Hot,5.383383791363398e-10
Saint Lucia,2001,0.3267665813459181,-0.15102243585440192,-0.3422442550037065,-0.3675295496727557,-0.30661224010049487,3.5139610527222565,Hot,5.034088761987945e-10
Saint Lucia,2002,0.3298610734290726,-0.1510582401303276,-0.3422674203113418,-0.36745140177786456,-0.3066808038611192,3.434139709030722,Hot,4.936270798911483e-10
Saint Lucia,2003,0.34063908393112147,-0.15086131661273652,-0.3422905856189771,-0.36729510598808246,-0.3065632659857632,3.5935705451931366,Hot,5.074009434092784e-10
Saint Lucia,2004,0.3235418601370197,-0.1506643930951454,-0.3422905856189771,-0.3673732538829735,-0.3063477798809439,3.7008772046465808,Hot,5.530233740636904e-10
Saint Lucia,2005,0.35931766139497107,-0.1507270505780153,-0.3423137509266123,-0.36729510598808246,-0.30642613846451455,3.73534656405723,Hot,5.27552628584902e-10
Saint Lucia,2006,0.3469272902884729,-0.1505301270604242,-0.3423369162342476,-0.3673732538829735,-0.3061861653023294,3.774643685023451,Hot,5.866694954801044e-10
Saint Lucia,2007,0.338822077557646,-0.15046746957755433,-0.3423600815418829,-0.3673732538829735,-0.3063673695268366,3.9119858331104727,Hot,5.219556572347146e-10
Saint Lucia,2008,0.31094684326149563,-0.15043166530162866,-0.3423832468495182,-0.3673732538829735,-0.3063037031776854,3.7237254013937204,Hot,5.619571290058282e-10
Saint Lucia,2009,0.3322548087879855,-0.15043166530162866,-0.34240641215715345,-0.3673732538829735,-0.3063820617612561,3.913364270731459,Hot,5.180051180545542e-10
Saint Lucia,2010,0.3702755121182853,-0.14990355223172527,-0.3424295774647888,-0.36729510598808246,-0.30592660249425163,3.8709486675346034,Hot,6.415651280235341e-10
Saint Lucia,2011,0.33561596050956805,-0.14990355223172527,-0.3423832468495182,-0.3673732538829735,-0.30586783355657365,3.9009518311074056,Hot,6.524688779001628e-10
Saint Lucia,2012,0.338499605436756,-0.14987669902478107,-0.3423832468495182,-0.36729510598808246,-0.30587762837952,-0.4686175253452869,Hot,2.70545951591959e-08
Saint Lucia,2013,0.33005951781115833,-0.14987669902478107,-0.3423832468495182,-0.3673732538829735,-0.3059168076713053,-0.47345656491683724,Hot,2.7887388634190225e-08
Saint Vincent And The Grenadines,2000,0.31163519721185645,-0.15295586675438716,-0.34270756115641215,-0.3673732538829735,-0.30748887675419156,-0.46373699866645457,Hot,9.282574214777909e-09
Saint Vincent And The Grenadines,2001,0.33754459184796665,-0.15266048147800054,-0.34270756115641215,-0.3673732538829735,-0.30744480005093305,-0.45233076424555313,Hot,8.839834318043137e-09
Saint Vincent And The Grenadines,2002,0.34018638268448714,-0.152562019719205,-0.34270756115641215,-0.3679202891472111,-0.3074252104050404,-0.45083724864450647,Hot,8.91552270848817e-09
Saint Vincent And The Grenadines,2003,0.35078455296527067,-0.15242775368448377,-0.34270756115641215,-0.3679984370421021,-0.30734685182146976,-0.449021784750546,Hot,9.501990368227076e-09
Saint Vincent And The Grenadines,2004,0.3325214684264132,-0.15226663444281838,-0.34270756115641215,-0.3679984370421021,-0.3071950320658016,-0.44594750037239234,Hot,1.0627942627077656e-08
Saint Vincent And The Grenadines,2005,0.3684895126795108,-0.15226663444281838,-0.3426843958487769,-0.3679202891472111,-0.30720482688874795,-0.4473450064040487,Hot,1.0655174604708345e-08
Saint Vincent And The Grenadines,2006,0.3564774261763643,-0.15226663444281838,-0.3426612305411416,-0.3679202891472111,-0.3072244165346406,-0.45090095673813774,Hot,1.0776515332753117e-08
Saint Vincent And The Grenadines,2007,0.34873809527500826,-0.15210551520115292,-0.3426612305411416,-0.3679202891472111,-0.3068081365594215,-0.45123150486026997,Hot,1.4663964112305877e-08
Saint Vincent And The Grenadines,2008,0.3238085197754477,-0.15226663444281838,-0.3426380652335063,-0.3679202891472111,-0.30686200808562636,-0.450940833620797,Hot,1.4131695044356653e-08
Saint Vincent And The Grenadines,2009,0.34324986783294104,-0.1517474724418964,-0.3426380652335063,-0.36784214125232,-0.30656816339723636,-0.4358459494877674,Hot,1.503684354082644e-08
Saint Vincent And The Grenadines,2010,0.3796644119457315,-0.1522308301668927,-0.3426380652335063,-0.36784214125232,-0.3069305718462506,-0.442448485874764,Hot,1.2640392073403556e-08
Saint Vincent And The Grenadines,2011,0.3448746312112706,-0.152302438718744,-0.3425917346182358,-0.3679202891472111,-0.30701872525276763,-0.43677477648905655,Hot,1.1393468431358133e-08
Saint Vincent And The Grenadines,2012,0.3502326295275935,-0.1521681726840228,-0.3425917346182358,-0.3679202891472111,-0.3070138278412945,-0.41483003146817143,Hot,9.878953985414376e-09
Saint Vincent And The Grenadines,2013,0.34277546173201645,-0.152302438718744,-0.342614899925871,-0.3679202891472111,-0.3065926504546022,-0.42001106589180187,Hot,1.3330476422146622e-08
Sao Tome And Principe,2000,0.23506667266134096,-0.1537793651006772,-0.34252223869532994,-0.3679202891472111,-0.3075084664000842,3.334327651414906,Hot,2.6109101940143864e-10
Sao Tome And Principe,2001,0.22519406465255934,-0.1537793651006772,-0.3425685693106005,-0.36784214125232,-0.30771905509343034,4.204979041083993,Hot,1.6253233750024627e-10
Sao Tome And Principe,2002,0.25045231365995024,-0.15374356082475152,-0.34252223869532994,-0.36776399335742893,-0.3077582343852157,3.4170390619828077,Hot,1.8323951128389008e-10
Sao Tome And Principe,2003,0.26322096936979933,-0.15368090334188161,-0.3424990733876946,-0.36768584546253785,-0.30757703016070853,3.500948858448294,Hot,2.3094373342822224e-10
Sao Tome And Principe,2004,0.25706299213819167,-0.1535824415830861,-0.34247590808005934,-0.36768584546253785,-0.3077141576819572,4.188895553111574,Hot,1.6427130315580167e-10
Sao Tome And Principe,2005,0.2514817438920212,-0.15354663730716042,-0.34245274277242405,-0.3676076975676467,-0.30772884991637667,4.173081487460174,Hot,1.6123528741607002e-10
Sao Tome And Principe,2006,0.2731059801524609,-0.15351083303123478,-0.3424295774647888,-0.3676076975676467,-0.307738644739323,4.235951636318256,Hot,1.5677129352973268e-10
Sao Tome And Principe,2007,0.2737943341028223,-0.15351083303123478,-0.3424295774647888,-0.3676076975676467,-0.3077778240311083,4.237893143443054,Hot,1.4728201864624017e-10
Sao Tome And Principe,2008,0.26527982983394227,-0.15348397982429055,-0.34240641215715345,-0.3675295496727557,-0.3077239525049035,4.246447218640635,Hot,1.599586070656238e-10
Sao Tome And Principe,2009,0.2921442380588418,-0.15341237127243926,-0.3423600815418829,-0.36745140177786456,-0.3076945680360645,4.202483522246823,Hot,1.6855215032844043e-10
Sao Tome And Principe,2010,0.2780422841568517,-0.15328705630669945,-0.3423600815418829,-0.36745140177786456,-0.3071117760707578,4.258433393916751,Hot,3.06218308236893e-10
Sao Tome And Principe,2011,0.25703198520349074,-0.15334971378956935,-0.3423369162342476,-0.36745140177786456,-0.3072538010034796,4.268315350764458,Hot,2.716388206866515e-10
Sao Tome And Principe,2012,0.25025386927786425,-0.1532512520307738,-0.3423369162342476,-0.3673732538829735,-0.3074301078165136,4.25581463742181,Hot,2.300816718754932e-10
Sao Tome And Principe,2013,0.2606287896288004,-0.1532512520307738,-0.3423137509266123,-0.36729510598808246,-0.30705300713307976,3.5951799622758327,Hot,3.7122523517578456e-10
Saudi Arabia,2000,0.26884562732455125,2.6173641787170436,1.3320051890289102,0.15293543030184623,1.5561867774787632,0.7395693862216837,Hot,1.6413259963936902e-06
Saudi Arabia,2001,0.2782779368605785,2.749258180158166,1.3152335063009637,0.1639542834814887,1.6268760146824397,1.7360627761723308,Hot,9.69379512268302e-07
Saudi Arabia,2002,0.26768596796673594,2.9511584921029197,1.2617911415863603,0.1771612777180815,1.7316169538590376,0.7957316818458181,Hot,1.722237880440255e-06
Saudi Arabia,2003,0.2817755190948453,2.989630186585033,1.4901547442550036,0.1886490182670704,1.8058470195578127,0.7959415657880978,Hot,1.7846322048113347e-06
Saudi Arabia,2004,0.2596241649444897,3.495132856241357,1.5151501111934769,0.20912376672853375,2.09182646512186,0.7182289359036494,Hot,2.147665821396935e-06
Saudi Arabia,2005,0.2578753738273567,3.535699100865121,1.6369996293550777,0.20248119566279185,2.141985753430024,2.1020793642032416,Hot,1.0596597633875375e-06
Saudi Arabia,2006,0.2625698237410795,3.8287839525235303,1.6869671979243885,0.21279671778841455,2.316921291251509,1.6530905054718963,Hot,1.3639696005588584e-06
Saudi Arabia,2007,0.2717974875080809,3.6348769451791787,1.6796006300963675,0.24413402363973816,2.2142519571280594,2.037654490709112,Hot,1.1177996063771213e-06
Saudi Arabia,2008,0.2565544784090962,4.047664442326025,1.753497961452928,0.21889225358991893,2.455816778041966,1.9534469362687767,Hot,1.2656118058303764e-06
Saudi Arabia,2009,0.28260030355789084,4.356834364944034,1.6472850259451441,0.21904854937970106,2.603057453982697,1.9551228145276174,Hot,1.3321444516369437e-06
Saudi Arabia,2010,0.3348655926898051,4.819336099213649,1.6806662342475907,0.2656246947347856,2.868095568087487,1.9859164333858228,Hot,1.4359451920929184e-06
Saudi Arabia,2011,0.2682750997260537,4.681453832623961,1.8618884358784284,0.3176711927322457,2.83584611353669,1.9564053900337692,Hot,1.4379292549634678e-06
Saudi Arabia,2012,0.2945937859002167,5.267534025250966,1.965831171237954,0.3484614633193318,3.180540625252523,2.069034406306063,Hot,1.5276288814867922e-06
Saudi Arabia,2013,0.3505426988746032,5.0658306368238035,1.9603178280207558,0.3626843801895086,3.0662693233491436,-0.48917742844373996,Hot,4.492865967105444e-05
Senegal,2000,0.40898456939894573,-0.11930879845325529,-0.14075240919199408,-0.0010940705284751575,-0.21733242894468124,-0.3849510232246211,Hot,5.515258593536343e-07
Senegal,2001,0.4395139973054974,-0.11612221789587225,-0.1518485915492958,-0.039464686919996085,-0.23800440277291435,-0.2861967117946801,Hot,2.811305671265369e-07
Senegal,2002,0.44262709354947233,-0.11451997654819929,-0.15808005930318758,-0.054000195369737214,-0.24474813837146375,-0.38920202089112504,Hot,3.942360670403105e-07
Senegal,2003,0.4222369332901303,-0.11012500167832545,-0.1654697924388436,-0.08627527595975384,-0.23287681296050972,-0.19534150475137593,Hot,2.296552068512013e-07
Senegal,2004,0.43324439510896634,-0.1073501702940874,-0.15231189770200151,-0.04055875744847124,-0.20319849943312462,-0.5034442025731402,Hot,1.6751974985941903e-06
Senegal,2005,0.44090930936703976,-0.10465589853068205,-0.14758617494440326,-0.028758425319917968,-0.2290029604852355,-0.5027479795180982,Hot,1.252267874502604e-06
Senegal,2006,0.41677351139582386,-0.11458263403106919,-0.13604985174203116,-0.013441437921265972,-0.22491362190514202,-0.4253997585651703,Hot,6.412503739333333e-07
Senegal,2007,0.43062120843326596,-0.10772611519130675,-0.1378799110452187,-0.04063690534336228,-0.09920196680044761,-0.47559000526924905,Hot,2.408808033582705e-06
Senegal,2008,0.42907706308515864,-0.11180780264683111,-0.1291929206819867,-0.021021783725700897,-0.1445617918649098,-0.4666124326691033,Hot,1.7319044513727545e-06
Senegal,2009,0.4050900984005072,-0.10717114891445914,-0.12136304670126022,-0.017192536876037882,-0.16372046554793462,-0.4673765122732556,Hot,1.54011006727245e-06
Senegal,2010,0.46675048874680825,-0.09281363426827251,-0.1152010748702743,0.005704796327048971,-0.1960580735052488,-0.467405865746962,Hot,1.1961759703282343e-06
Senegal,2011,0.4275019108023506,-0.08424746125306018,-0.10989621942179396,0.017739572140275495,-0.1971159143834526,-0.45035688026143517,Hot,1.0243460403019766e-06
Senegal,2012,0.4171331918383546,-0.08833809977756596,-0.11448295033358044,-0.011253296864315728,-0.20342378036089023,-0.4667781309541356,Hot,1.1113276780799638e-06
Senegal,2013,0.4666884748774064,-0.08394312490769212,-0.11445978502594516,0.009065155807365412,-0.20042656453931273,-0.46666610423288823,Hot,1.141891263230469e-06
Serbia,2006,-0.9269368094174263,0.32662450713176416,-0.15733876945885844,-0.05712611116538047,-0.0700427788892181,-0.2434507794113336,Moderate,8.296880296412258e-07
Serbia,2007,-0.8397391076514265,0.3126518884517783,-0.15532338769458862,-0.025866953208947965,-0.06742756116254754,-0.44505299444562707,Moderate,2.1284780676686976e-06
Serbia,2008,-0.8456614321793071,0.30886558627264066,-0.15719977761304674,-0.06822311223991402,-0.07591477524554395,-0.23433705603453828,Moderate,7.876720730823512e-07
Serbia,2009,-0.8645756623468842,0.2567972180077606,-0.1640798739807265,-0.023522516362215504,-0.09358953325219954,-0.30744556920318833,Moderate,9.257849294331012e-07
Serbia,2010,-0.8958058469776768,0.25477427641796124,-0.16641957005189031,-0.08111751489694244,-0.0983987913188484,-0.3022857717069761,Moderate,8.880065807266212e-07
Serbia,2011,-0.9084194680140215,0.2839726634353308,-0.1660952557449963,-0.07041125329686429,-0.08553818879031488,-0.3045793736289161,Moderate,9.503497419147692e-07
Serbia,2012,-0.8616300035502942,0.23749871328383396,-0.16966271312083026,-0.03211878480023441,-0.11681305845795203,-0.4649073110907137,Moderate,1.9942124616232097e-06
Serbia,2013,-0.7580513381817846,0.24476698129674138,-0.1707514825796887,-0.030165087427957416,-0.10624934191033329,-0.3144175498259224,Moderate,8.944269500338155e-07
Sierra Leone,2000,0.2616954281825132,-0.15181012992476628,-0.2773350630096368,-0.3225163622154928,-0.13805802942854553,-0.1017868524534281,Hot,4.15862990691833e-07
Sierra Leone,2001,0.28252588691460845,-0.15088816981968076,-0.2744625648628614,-0.3204845169483247,-0.034487571594033976,-0.0885633206333953,Hot,6.505933754329677e-07
Sierra Leone,2002,0.2948728483125249,-0.14974243299005988,-0.26781412157153445,-0.31657712220377066,0.08284950989154682,-0.0755116432523598,Hot,9.0507523177066e-07
Sierra Leone,2003,0.2948542441517045,-0.14941124343774756,-0.26102668643439586,-0.299697176907297,0.07269717590767397,-0.07674062961181784,Hot,8.83758686068283e-07
Sierra Leone,2004,0.29384961946739385,-0.14958131374839442,-0.25393810229799857,-0.29328904952622836,0.007537116257202263,-0.053919411081227,Hot,7.006344312319573e-07
Sierra Leone,2005,0.2975456460837466,-0.15036900781875878,-0.24775296515937734,-0.29266386636709973,0.07738889609896692,0.025873274934242463,Hot,7.421547553013268e-07
Sierra Leone,2006,0.2744144727968409,-0.1490890049544167,-0.2341549295774648,-0.26398358894207286,-0.07933806586528688,-0.04706339791919279,Hot,5.013884372920171e-07
Sierra Leone,2007,0.28331966444295287,-0.14987669902478107,-0.24812361008154193,-0.2720328221158542,-0.12123052360674763,-0.007040259875660698,Hot,3.808765031938318e-07
Sierra Leone,2008,0.2938372166935136,-0.1497066287141342,-0.24905022238695332,-0.2875842531991794,-0.12864030716564756,0.19355105143256796,Hot,2.704698164207957e-07
Sierra Leone,2009,0.2943023207140276,-0.14974243299005988,-0.24390752409191993,-0.2813324216078929,-0.10959427394650557,0.0032117935677030817,Hot,3.973981717714769e-07
Sierra Leone,2010,0.30860271899810404,-0.14934858595487768,-0.2425407709414381,-0.28539611214222915,-0.11853694729650643,0.030453291032175818,Hot,3.624784838212547e-07
Sierra Leone,2011,0.2899303429211943,-0.1478448063660003,-0.23700426241660494,-0.27789391423268534,-0.1653170216881867,1.8252226925724684,Hot,6.900477867740821e-08
Sierra Leone,2012,0.2713385848745073,-0.14678858022619354,-0.22597757598220908,-0.26062322946175637,-0.15852920938637882,0.25710531692734045,Hot,2.082972790285387e-07
Sierra Leone,2013,0.29154890491258373,-0.14481934505028266,-0.2273674944403262,-0.2625769268340334,-0.19014200044566446,0.34658740467405186,Hot,1.484193255038197e-07
Slovakia,2000,-1.0082121866555458,0.21443180851873234,-0.18884358784284658,-0.15879652241867734,-0.048450091704029835,0.48795870493497673,Cold,2.829196483163136e-07
Slovakia,2001,-1.0955959300297513,0.23310373841396012,-0.18838028169014087,-0.14527693660252025,-0.03644163877182713,-0.12570368844143603,Cold,6.992096135183562e-07
Slovakia,2002,-1.0339293382965102,0.22201336394598925,-0.19099796145292813,-0.15715541662596463,-0.0402371326635307,-0.12080786825889697,Cold,6.820383819491818e-07
Slovakia,2003,-1.0822505453344644,0.22492246136494853,-0.18831078576723503,-0.15254469082739083,-0.042612377228016134,-0.0989952814199413,Cold,6.450960017553103e-07
Slovakia,2004,-1.1076638290153595,0.22938009371769222,-0.18794014084507046,-0.1376184429031943,-0.03158340659044661,-0.12700459313424142,Cold,7.137619404189519e-07
Slovakia,2005,-1.1231921019135933,0.22938009371769222,-0.19074314306894,-0.1476995213441438,-0.024070777390610188,-0.13411426349270547,Cold,7.449247777420492e-07
Slovakia,2006,-1.0791808587990706,0.2274287606797442,-0.18821812453669384,-0.13238253394549182,-0.015588460719086926,-0.11918021488886713,Cold,7.420790158357845e-07
Slovakia,2007,-1.0084416379723327,0.21304439282661328,-0.1862954040029652,-0.14918433134707432,-0.01412903210008349,-0.11933051305548928,Cold,7.460231622357592e-07
Slovakia,2008,-1.0145065943998377,0.21656216293630864,-0.18796330615270573,-0.14730878186968835,-0.005465511204053096,-0.11835334767597767,Cold,7.663481080428833e-07
Slovakia,2009,-1.043956980978796,0.18304936066989796,-0.189770200148258,-0.1670020513822409,-0.017072376395456168,-0.14910539815559493,Cold,7.900532174542538e-07
Slovakia,2010,-1.1130652370402645,0.19005804768234444,-0.19486656782802078,-0.15176321187848002,-0.0017385810729738643,-0.15546129844282142,Cold,8.44202469042066e-07
Slovakia,2011,-1.0555411717830696,0.1863075497791324,-0.19556152705707933,-0.1297255055191951,0.005455716381106787,-0.20885754811135024,Cold,9.89608476164673e-07
Slovakia,2012,-1.053519519640568,0.16765352202186745,-0.2045265011119348,-0.13574289342580834,7.346117209749066e-05,-0.14941029430134897,Cold,8.371503863003603e-07
Slovakia,2013,-0.9930590976671936,0.16461910963716841,-0.20656504818383992,-0.12425515287681936,0.011435455789842317,-0.1017146744353419,Cold,7.807303374649882e-07
Slovenia,2000,-0.8512984929079388,-0.019432770758647862,-0.2602853965900667,-0.301572726384683,-0.21168081610464787,0.05181137011070666,Moderate,1.7836298583044433e-07
Slovenia,2001,-0.9030862752454589,-0.008252885600862889,-0.2597294292068199,-0.3000879163817524,-0.20322298649049042,0.01364498355439382,Moderate,2.0651301696116322e-07
Slovenia,2002,-0.8701507092061138,-0.005907705527732651,-0.25507320237212755,-0.30180717006935626,-0.2020084284451453,0.05231714048488189,Moderate,1.9604410250569786e-07
Slovenia,2003,-0.8945283612679977,-0.008530368739286717,-0.2537064492216457,-0.30141643059490086,-0.20071551181622949,0.08845357820987808,Moderate,1.876380533642575e-07
Slovenia,2004,-0.9517113502434822,-0.004654555870334843,-0.2556986656782802,-0.304464198495653,-0.2011513814373413,0.09154274151051513,Moderate,1.860139006072171e-07
Slovenia,2005,-0.9849135759212551,-0.0025868589356284007,-0.25530485544848036,-0.3050112337598906,-0.19989274668873766,0.09626897029237505,Cold,1.86874365272433e-07
Slovenia,2006,-0.9158301254075475,-0.0004207002421264213,-0.25502687175685695,-0.3050112337598906,-0.19861452229424137,0.09512565295379352,Moderate,1.8939798746722265e-07
Slovenia,2007,-0.8608238232480694,0.0010562261398067334,-0.2581773535952558,-0.3043079027058709,-0.16872562007351014,0.12717112636736613,Moderate,2.299871433954538e-07
Slovenia,2008,-0.8767985960059969,0.0094344267064094,-0.2566947739065975,-0.30344827586206896,-0.18328072697175907,0.10576824253345968,Moderate,2.1248502698422447e-07
Slovenia,2009,-0.8775799707604608,-0.009147992499004212,-0.25928928836174947,-0.3057927127088014,-0.19065622865034684,0.11171004007027757,Moderate,1.9823130330188282e-07
Slovenia,2010,-0.9552275366385694,-0.006847567770781031,-0.262903076352854,-0.3050112337598906,-0.1869488881651603,0.05266978351166362,Moderate,2.2367090864562207e-07
Slovenia,2011,-0.8797628589634074,-0.007760576806885171,-0.26498795404002967,-0.30508938165478167,-0.18659627453909236,-0.4583354919448817,Moderate,1.1971003921620212e-06
Slovenia,2012,-0.8745412911597681,-0.013122267126751623,-0.2671886582653818,-0.30641789586793006,-0.18635630137690723,-0.4585605025146939,Moderate,1.201753837640811e-06
Slovenia,2013,-0.8398259270685892,-0.018743538447079055,-0.27036230541141587,-0.30688678323727653,-0.19177283846622867,-0.46457950767892475,Moderate,1.2103557470048143e-06
Somalia,2000,0.34827299125449396,-0.14967977550718997,0.17545404002965156,0.14160398554263945,-0.12062324458407506,-0.12189945346155963,Hot,4.787264244853862e-07
Somalia,2001,0.3309773230783067,-0.14938439023080333,0.18363139362490732,0.15066914135000486,-0.11304205162361433,-0.10322234021708453,Hot,4.783867278026915e-07
Somalia,2002,0.33381755829691295,-0.1490890049544167,0.19245737583395106,0.15762430399531116,-0.10171923629765485,-0.08312242545110853,Hot,4.854825635022627e-07
Somalia,2003,0.35399687140028874,-0.1488204728849743,0.20292809488510002,0.16457946664061734,-0.09442209320263775,-0.05523119333257161,Hot,4.7571345454337645e-07
Somalia,2004,0.34629474882057376,-0.14862354936738323,0.21059581171237948,0.17184722086548793,-0.09991698887552984,-0.08240840791652423,Hot,4.890079906995178e-07
Somalia,2005,0.35736422450881167,-0.14842662584979213,0.2216224981467754,0.18403829246849665,-0.10365861124102853,-0.1010563994761438,Hot,4.990801836411318e-07
Somalia,2006,0.3440250412004645,-0.14822970233220106,0.20665770941438102,0.15254469082739083,-0.10827197284875077,-0.10147308508629208,Hot,4.882622617156126e-07
Somalia,2007,0.3603656957878629,-0.14804172988359138,0.18548461823573012,0.11878480023444371,-0.09617046909855795,-0.0824185497564677,Hot,4.97806298478594e-07
Somalia,2008,0.3290052820313261,-0.14777319781414897,0.19509822090437362,0.12058220181693856,-0.09824207415170712,-0.053833318006550446,Hot,4.659701466133208e-07
Somalia,2009,0.3657484996519471,-0.1475762742965579,0.2025574499629355,0.12230145550454237,-0.09772784594702469,-0.04060018724434457,Hot,4.555688076453017e-07
Somalia,2010,0.3565146344980056,-0.14728088902017125,0.2081634544106746,0.12667773761844292,-0.10316887009371194,-0.02309988747064647,Hot,4.29759497030738e-07
Somalia,2011,0.3642105556907804,-0.14698550374378463,0.21462657524091922,0.1285532870958289,-0.09966722089039837,-0.0228951743074493,Hot,4.369306769673847e-07
Somalia,2012,0.3652585900836723,-0.14678858022619354,0.21944495922905854,0.1338673439484224,-0.08204143699847442,-0.020490202074133303,Hot,4.7177697233644697e-07
Somalia,2013,0.36802130796552657,-0.1465648035016582,0.22046423276501112,0.13449252710755105,-0.08987729535553982,-0.027690655113485632,Hot,4.614238106096094e-07
South Africa,2000,-0.4051707164307297,3.2322489113262356,1.4627038547071907,1.216606427664355,2.17525386956724,1.9347401630815368,Moderate,1.145626089943991e-06
South Africa,2001,-0.384160417477369,3.1719992660123437,1.4520478131949592,1.2309856403243136,2.128326872831365,1.9845753702989872,Moderate,1.102106156271932e-06
South Africa,2002,-0.37809546104986386,3.0368291733240245,1.4489668272794662,1.3410178763309564,2.0292571361406924,2.140369917399176,Moderate,9.966613961736308e-07
South Africa,2003,-0.3548588641849751,3.465630132878619,1.5088028169014085,1.2691218130311612,2.248592606377899,2.2369393251577696,Moderate,1.0527516868885045e-06
South Africa,2004,-0.3681670405586208,3.8676763472477704,1.5230958117123794,1.274670313568428,2.4643970429429523,2.2532495948449864,Moderate,1.135021121408346e-06
South Africa,2005,-0.35811459232857434,3.5712437957903123,1.5524694217939214,1.2883461951743675,2.283907840510898,2.2677830269252124,Moderate,1.0557163919482957e-06
South Africa,2006,-0.4042839180982828,3.8446004914136878,1.541720719051149,1.2030086939533065,2.4446947565864057,2.19942631305064,Moderate,1.1488096064565654e-06
South Africa,2007,-0.37535444802230045,4.008315543083733,1.577997590808006,1.249662987203282,2.5723898633377327,2.349198477916519,Moderate,1.1405498952641417e-06
South Africa,2008,-0.3775993500946486,4.273616276623836,1.6273396960711637,1.2153560613460974,2.6958389143418247,3.3603851944356293,Moderate,8.838967599717032e-07
South Africa,2009,-0.38281471651134796,4.093153774889567,1.6076260192735359,1.1898798476116048,2.5672132994105965,3.4029179480648866,Moderate,8.370093366936302e-07
South Africa,2010,-0.351807781810402,4.02907307205163,1.6161971830985915,1.224343069258572,2.504756610893312,3.4071733265883175,Moderate,8.179551558194439e-07
South Africa,2011,-0.40763886843292524,4.091014469403009,1.6132320237212747,1.2135586597636026,2.5342047460814583,3.7431894247861823,Moderate,7.622202602754212e-07
South Africa,2012,-0.3857231669862965,3.9761274990265716,1.6914612676056338,1.2451304092995994,2.4920086488286612,3.7628533829429838,Moderate,7.475026789224605e-07
South Africa,2013,-0.4245345471514705,3.9291343868741526,1.689028910303929,1.2126208850249096,2.459906116622059,3.85146190231154,Moderate,7.241456460322659e-07
South America,2000,-0.06441070545427502,7.114345430703062,18.3109247590808,17.360476702158834,20.119315635720735,-0.025804462097300508,Hot,4.298846612477495e-05
South America,2001,-0.03913385228606399,6.9300966267896555,18.64292994810971,17.80599785093289,19.57848469191609,0.04774896853403713,Hot,3.691663544400781e-05
South America,2002,-0.025788467590776704,7.183340270411795,19.144829503335806,18.294187750317477,21.22676729214773,0.0005535494392753917,Hot,4.32478000823595e-05
South America,2003,-0.028306230688493545,7.190510076665906,19.89760934025204,19.14271759304484,27.62407959273126,0.0959323817178485,Hot,4.8134643426165846e-05
South America,2004,-0.03390608309548441,7.517125632728689,20.586059117865087,19.99148187945687,23.86181463787315,0.08870132772881115,Hot,4.210431133009823e-05
South America,2005,-0.026700071470984372,7.73972081615847,20.70760748702743,19.97827488522028,22.2774824366581,0.07008143095864902,Hot,4.047801093414209e-05
South America,2006,-0.031140264520159958,7.989249766153324,20.685067642698296,19.86050600761942,21.201369316247895,0.06595875224434371,Hot,3.8796918848928326e-05
South America,2007,-0.04429340622030135,8.30347704274583,20.69095163083766,21.314603887857768,20.71000712573369,0.1245480880634856,Hot,3.474082866536401e-05
South America,2008,-0.04296010802816056,8.69607092827061,20.668550778354337,20.63104425124548,19.810857071494862,0.20694538813008131,Hot,2.9755688036847076e-05
South America,2009,-0.02810158491946712,8.450793736041927,20.505629169755377,19.80126990329198,19.44311534138631,0.11414384662336567,Hot,3.313885559222923e-05
South America,2010,-0.026259772998230863,9.442428962078797,20.757899369903633,21.611331444759205,19.304778159503794,0.17342205449429351,Hot,3.030447479084863e-05
South America,2011,-0.0414655737755748,9.586505368403623,20.70357672349889,21.32562274103741,19.636014584491367,0.19264055547841438,Hot,3.004593680827655e-05
South America,2012,-0.022892419889708457,10.06890532901892,20.898535952557452,21.50817622350298,20.928416985202468,0.34643627963655255,Hot,2.665980705126516e-05
South America,2013,-0.061381327933992515,10.637334013614577,20.97750648628614,21.600468887369342,20.56692435213368,0.4797886610608383,Hot,2.2896568904340845e-05
South Korea,2000,-0.7780167034357238,3.7840644118923907,0.3476186063750927,0.9215199765556317,2.043116810609752,-0.2841600140870083,Moderate,9.32676032261785e-06
South Korea,2001,-0.7581288555185368,3.9241486414515054,0.34078484062268344,0.8975285728240695,2.1141145847362375,-0.2835044293509839,Moderate,9.586835116715933e-06
South Korea,2002,-0.7600202785352944,4.107054785017701,0.2968402520385471,0.6412034775813227,2.1875169878960476,-0.28321153954325445,Moderate,9.86744331550226e-06
South Korea,2003,-0.7727145176018618,4.1889391640596685,0.3003613787991104,0.6179935527986714,2.232822941434305,-0.36935394853467346,Moderate,1.4231082756373124e-05
South Korea,2004,-0.7192461594035509,4.244220966088876,0.3095116753150482,0.65401973234346,2.2692351957372927,-0.41319059645871553,Moderate,1.8317538428943698e-05
South Korea,2005,-0.79428914276678,4.30955481858421,0.3137045959970348,0.6573019439288853,2.305980474020456,-0.39672800141670583,Moderate,1.687421424195657e-05
South Korea,2006,-0.753608044439139,4.352430439005179,0.32707097850259453,0.6011136075021979,2.3256533759081637,-0.3673603628158756,Moderate,1.461011214050569e-05
South Korea,2007,-0.7246165604937549,4.51561737760532,0.3342058932542624,0.5968154732831884,2.4162799752190978,-0.36816701512999606,Moderate,1.5171394081987032e-05
South Korea,2008,-0.7443369709635561,4.6135599743999425,0.26554392142327643,0.5399238058024812,2.4549352439767955,-0.3679265746627149,Moderate,1.5368867303768615e-05
South Korea,2009,-0.7501848788481545,4.659828049964868,0.280925685693106,0.5274201426199082,2.4858379103724726,-0.36400169844136976,Moderate,1.5253255821439747e-05
South Korea,2010,-0.7732230313309574,5.165733517725355,0.2918365455893254,0.5801699716713881,2.7653037986772087,-0.37153458832123665,Moderate,1.7396460585717736e-05
South Korea,2011,-0.7937806290376844,5.426245429360402,0.29436156412157155,0.6217446517534433,2.931046895163561,-0.3658966469773662,Moderate,1.784294254944993e-05
South Korea,2012,-0.7916845602519006,5.466525239776761,0.3110174203113417,0.6395623717886099,2.9336278310099195,-0.37064557847432267,Moderate,1.8269769491823044e-05
South Korea,2013,-0.6898205783723531,5.525942435675381,0.3126158265381764,0.6282309270294031,2.96167530651674,-0.36851997652611573,Moderate,1.8239191595117626e-05
Spain,2000,-0.6371149907676854,2.613971723573088,0.7155763528539659,1.533730585132363,1.4618969143859013,-0.41265406674429456,Moderate,1.2539022029278991e-05
Spain,2001,-0.6261509386574309,2.629824066739171,0.7375833951074869,1.4972355182182278,1.489733801199376,-0.1186067616597423,Moderate,4.551470732561437e-06
Spain,2002,-0.6237820088462787,2.8088185931604888,0.7498146775389177,1.4603497118296376,1.6160135560349573,-0.1772763248957348,Moderate,5.58755779228694e-06
Spain,2003,-0.5978106003407665,2.8491968653356428,0.7471738324684951,1.5474846146331933,1.6551536685284993,-0.17764647844029652,Moderate,5.7064974895537605e-06
Spain,2004,-0.6424977946317694,2.9977846104271006,0.7454827650111193,1.5005958776985446,1.7094610643544352,0.05651181000058346,Moderate,3.69392048831824e-06
Spain,2005,-0.6494061396831403,3.1348075743945722,0.7426102668643441,1.3841555143108333,1.758523332492611,-0.26049453471848116,Moderate,7.583399328126436e-06
Spain,2006,-0.5896991862229989,3.058025304672011,0.7392049666419569,1.3913451206408125,1.702394099598657,-0.3736992689712221,Moderate,1.150228793265138e-05
Spain,2007,-0.6540385757274617,3.12605342893075,0.7610498517420312,1.434717202305363,1.7533418711540014,-0.32374568357331024,Moderate,9.459819208551852e-06
Spain,2008,-0.6549191726729685,2.8469143427453827,0.7318847294292069,1.245755592458728,1.5823046728651573,-0.32396197596908727,Moderate,8.682490944172852e-06
Spain,2009,-0.5999562802220719,2.4967037688475946,0.7961452928094885,1.2232489987300965,1.4007723217893182,-0.33638515119915974,Moderate,8.255497358194009e-06
Spain,2010,-0.653691298058811,2.3752019584938933,0.7574592290585619,1.2787340041027644,1.312070405187338,-0.370293888717761,Moderate,9.116194394454088e-06
Spain,2011,-0.5736872051434304,2.381378196091068,0.7402010748702742,1.2181693855621765,1.4252936610354594,-0.33725860712024197,Moderate,8.404553653152146e-06
Spain,2012,-0.6288361392025328,2.3290771000326718,0.7035998888065234,1.1761258181107745,1.2915943278180317,-0.3367515145558471,Moderate,7.739977796216951e-06
Spain,2013,-0.6080831978071898,2.102409180216348,0.6594468124536693,1.2439581908762332,1.175408138028645,0.09695777850920267,Moderate,2.5530608687455924e-06
Sri Lanka,2000,0.3303757885451082,-0.06481469049441231,-0.13697646404744257,-0.19302530038097096,-0.14933676805124652,-0.38258812214250887,Hot,9.516092602081216e-07
Sri Lanka,2001,0.3447630062463469,-0.06331091090553492,-0.14191067457375836,-0.19638565986128748,-0.15416561576378804,1.8583931623399728,Hot,7.33696989819118e-08
Sri Lanka,2002,0.35464801702900856,-0.05768068851622606,-0.13957097850259453,-0.18161570772687308,-0.1442875368224125,0.4412802949333568,Hot,1.8680399927428362e-07
Sri Lanka,2003,0.35475964199393195,-0.05791341630974282,-0.1316716085989622,-0.19568232880726774,-0.13852818092996946,0.5639278478526555,Hot,1.725591540240775e-07
Sri Lanka,2004,0.34053986174007805,-0.047646540188061984,-0.1407292438843588,-0.18966494090065447,-0.019256621912488163,1.5703614054736277,Hot,1.5600757152746058e-07
Sri Lanka,2005,0.34928381732574476,-0.0497768946056383,-0.12432820607857675,-0.17544202403047768,-0.10438832555053025,3.1755313378783536,Hot,6.297821250676259e-08
Sri Lanka,2006,0.33798489032072015,-0.05127172312553428,-0.12333209785025949,-0.17997460193416037,-0.1121409279125518,0.07988572601709633,Hot,3.464580938813786e-07
Sri Lanka,2007,0.33683143234984503,-0.048219408602872424,-0.12722386953298742,-0.18403829246849662,-0.011014278403150026,-0.3322085147698376,Hot,1.41177656833026e-06
Sri Lanka,2008,0.32824871282462303,-0.04997381812322939,-0.10748702742772426,-0.16028133242160789,-0.061756358676621464,0.020975457081670538,Hot,4.78361136972777e-07
Sri Lanka,2009,0.35088997654325393,-0.041703030384403685,-0.11573387694588586,-0.17466054508156684,-0.08531290786254925,0.058585285231831395,Hot,4.070356396080113e-07
Sri Lanka,2010,0.3611656747031475,-0.040584146761727044,-0.10021312083024464,-0.1723942561297255,-0.04786240232724991,0.13253270920641647,Hot,4.2576853583586885e-07
Sri Lanka,2011,0.3452157074929807,-0.024660195043793114,-0.10479985174203116,-0.1552017192536876,-0.07271676555356665,0.23910389289123593,Hot,3.348041245873045e-07
Sri Lanka,2012,0.36610197870753775,-0.016487869063762962,-0.10202001482579692,-0.17317573507863632,-0.095729702065973,-0.13429242115451326,Hot,5.574009178501498e-07
Sri Lanka,2013,0.3828674283003395,-0.02764090101460368,-0.09606653076352854,-0.18982123669043663,-0.11493245245225633,-0.3902691480137708,Hot,1.2052717658262176e-06
Sudan,2012,0.36004942505391335,-0.013140169264714455,1.100166790214974,1.757468008205529,0.5108342985315111,-0.07373792407439446,Hot,1.8884648977725288e-06
Sudan,2013,0.41240153360299026,0.0012800028643420484,1.1204827650111193,1.7705187066523393,0.4008629239015718,-0.014431950288264692,Hot,1.4623485986759226e-06
Suriname,2000,0.2646162814313419,-0.1346061753424903,-0.32394366197183105,-0.3487740548988961,-0.2795050675965219,0.2693707454370098,Hot,3.9565889133079854e-08
Suriname,2001,0.2808391096668768,-0.13308449361565008,-0.3228317272053373,-0.3550258864901827,-0.28281571775238196,0.5879051574520223,Hot,2.5445255288768572e-08
Suriname,2002,0.28826837122122395,-0.1402632509387434,-0.326376019273536,-0.3566669922828954,-0.2787557636411275,0.05788344788825435,Hot,5.4131699792276626e-08
Suriname,2003,0.3099732255118856,-0.14046017445633446,-0.32440696812453673,-0.35588551333398455,-0.2786920972919763,-0.08358512058093262,Hot,6.982776262376715e-08
Suriname,2004,0.3066058724033632,-0.14033485949059468,-0.3246386212008896,-0.35393181596170753,-0.28575416463628145,0.31861649117883484,Hot,2.9299572072766665e-08
Suriname,2005,0.33143002432494045,-0.14003947421420807,-0.3255420681986657,-0.3556510696493113,-0.2871107476143484,0.31959532601209956,Hot,2.7513528434668942e-08
Suriname,2006,0.2988169304064853,-0.13866100959107044,-0.32500926612305414,-0.35354107648725214,-0.2885799710562982,-0.20848051705624285,Hot,6.24003127274991e-08
Suriname,2007,0.2886156488898744,-0.13849989034940502,-0.3249397702001483,-0.3550258864901827,-0.28669936505060245,0.6969826153079475,Hot,1.973223321884211e-08
Suriname,2008,0.28942803057903893,-0.1368618447258064,-0.32389733135656046,-0.35088404806095536,-0.27305517668636237,0.3067777780478961,Hot,4.635024779855239e-08
Suriname,2009,0.3127638496349711,-0.13643219341469856,-0.32151130467012606,-0.3527595975383413,-0.282345566250958,0.15399786765513684,Hot,4.131199475271554e-08
Suriname,2010,0.3261216371041381,-0.13297708078787313,-0.32167346182357304,-0.35158737911497506,-0.2791475565589807,-0.17590107805837873,Hot,8.461450699933846e-08
Suriname,2011,0.29992077728183913,-0.1295488213679919,-0.3208858413639733,-0.35189997069453943,-0.28099388068436426,-0.23256648085588366,Hot,9.234516284538609e-08
Suriname,2012,0.309514322878312,-0.13191190357908497,-0.3216502965159378,-0.35119663964051967,-0.26969555241577065,-0.22002963606478115,Hot,1.258375458418029e-07
Suriname,2013,0.29223725886294455,-0.12603105125829656,-0.3210016679021498,-0.353462928592361,-0.26772189559208476,-0.19097016070713746,Hot,1.2227869418422742e-07
Switzerland,2000,-1.0766258873797128,0.23621871041949188,-0.20883524833209788,-0.1740353619224382,-0.04861660369411747,4.654670316982718,Cold,5.7518576226080754e-08
Switzerland,2001,-1.1200045890263362,0.24932307540828064,-0.20797813194959233,-0.17215981244505224,-0.04090807803535442,4.418456324205118,Cold,6.202636682320806e-08
Switzerland,2002,-1.0824179827818494,0.2348402457963542,-0.21006300963676802,-0.18185015141154634,-0.051746049625470435,3.3433175299587705,Cold,7.5837954304004e-08
Switzerland,2003,-1.0686571051615696,0.2454383114703474,-0.21286601186063753,-0.18442903194295202,-0.04668702357369013,0.3126710976476408,Cold,3.410112372881847e-07
Switzerland,2004,-1.1299516136783996,0.25062993147956697,-0.21381578947368424,-0.18505421510208067,-0.0460307704362859,0.25555941867959336,Cold,3.653409690287928e-07
Switzerland,2005,-1.1502053434250574,0.2555082640744371,-0.21219421793921425,-0.18255348246556607,-0.04331760448015201,-0.37417561564983354,Cold,1.5198692966656828e-06
Switzerland,2006,-1.0933634307312834,0.2518293747230763,-0.21131393624907338,-0.18255348246556607,-0.04496313473513573,0.301527490805981,Cold,3.476156742557825e-07
Switzerland,2007,-1.0773638524255953,0.23387353034636163,-0.21156875463306155,-0.1858356940509915,-0.054890187791242925,0.9842189303315739,Cold,1.8816087835327676e-07
Switzerland,2008,-1.110336626786581,0.245885864919418,-0.20811712379540404,-0.18145941193709095,-0.04830806677130801,-0.39672739689613595,Cold,1.6786693116637516e-06
Switzerland,2009,-1.0961230479196675,0.23536835886625765,-0.2168967753891772,-0.1849760672071896,-0.05664346109863629,-0.4400453642199461,Cold,2.141932882698462e-06
Switzerland,2010,-1.176058925578706,0.24886657089022857,-0.21571534469977766,-0.1845853277327342,-0.04916021636763886,-0.3295364612352486,Cold,1.2173473891204214e-06
Switzerland,2011,-1.0554419495920264,0.21251627975670995,-0.2170820978502595,-0.18927420142619908,-0.0705570070939005,-0.3616242522571894,Cold,1.283906686882162e-06
Switzerland,2012,-1.1066468015571684,0.22387518629412315,-0.21682727946627134,-0.19232196932695123,-0.06421975664762389,-0.4302406096224046,Cold,1.937891469362043e-06
Switzerland,2013,-1.1052886978172671,0.2322981422056329,-0.2159006671608599,-0.1887271661619615,-0.05834776029129804,0.36921855220622946,Cold,3.063283923331511e-07
Syria,2000,-0.3167823483722136,0.3338390687307832,0.4401640103780578,0.01695809319136463,0.1471819070030535,1.2396664918660627,Moderate,2.9057939777400466e-07
Syria,2001,-0.2704269809942996,0.3053388650939639,0.2721691994069681,-0.0066425710657419135,0.09106736634351913,4.2763748246068145,Moderate,9.5342334893085e-08
Syria,2002,-0.3105871628189646,0.2103143167872823,0.16456634544106744,0.023444368467324398,0.025138413091760327,2.5843160496899187,Moderate,1.2222604931617505e-07
Syria,2003,-0.31187084991558406,0.3414474773649843,0.16308376575240918,0.0469668848295399,0.10932491631548148,0.1445495306850412,Moderate,6.712706112720973e-07
Syria,2004,-0.3167885497591537,0.30846278816847705,0.11953298739807265,0.06079906222526134,0.07183033407692364,-0.1362430190262441,Moderate,1.0010089475233965e-06
Syria,2005,-0.31912027124866477,0.3037187216083281,0.13167160859896213,0.10768779915991013,0.0750332411803741,-0.1337689524786483,Moderate,1.0037961288418626e-06
Syria,2006,-0.3189652365751602,0.329479898136835,0.11054484803558189,0.13277327341994724,0.09122408351066041,-0.230739732922065,Moderate,1.339871373741244e-06
Syria,2007,-0.29682628519868487,0.44524407327345067,0.1146682727946627,0.13730585132362993,0.14928289652504168,0.21295720697776077,Moderate,6.717260894878668e-07
Syria,2008,-0.28792109355257345,0.4551887109118007,0.07938750926612305,0.1058903975774153,0.14335213123103782,0.5320792748137381,Moderate,4.721037797512707e-07
Syria,2009,-0.29469920947819994,0.41201770521444525,0.11262972572275756,0.07330272540783431,0.12738167241704398,0.5092163462243048,Moderate,4.650064346604289e-07
Syria,2010,-0.17271172697773868,0.4012406181608239,0.10113973313565604,0.02133437530526519,0.11570134605354339,0.21005300273987462,Hot,6.247376790640352e-07
Syria,2011,-0.329160316704831,0.3745753836651943,0.08749536693847289,0.058298329588746735,0.10059772907029987,0.5340052336508728,Moderate,4.2668078114435234e-07
Syria,2012,-0.27330442453454745,0.26054771591097264,-0.029582097850259476,0.03415063006740258,0.01062248548529673,0.6621750567010934,Moderate,2.9836674764312654e-07
Syria,2013,-0.22392588102329086,0.1524009004775395,-0.09629818383988144,-0.02438214320601741,-0.06702597342174793,0.5564144090301862,Hot,2.4682339208876345e-07
Taiwan,2000,-0.0242381208557295,1.8770660186092725,-0.07229892512972573,0.03563544007033313,0.8857213519794112,0.2646214035335705,Hot,1.644904416759364e-06
Taiwan,2001,-0.01741659522152153,1.9173189758186875,-0.04913361749444034,0.062049428543518574,0.914297747925334,0.3002429758833075,Hot,1.6158122755647071e-06
Taiwan,2002,0.007872660720570029,1.9811938040700514,-0.050801519644180906,0.08541564911595194,0.9503573886022544,0.2508159596547846,Hot,1.7628872326478931e-06
Taiwan,2003,-0.010756305647758282,2.0757349946517363,-0.04570515196441811,0.06478460486470643,1.0018683624770126,0.36926654561248823,Hot,1.6051246494240385e-06
Taiwan,2004,-0.029186827634000295,2.167376038883444,-0.03894088213491478,0.06548793591872619,1.0534821819927076,0.17939417765212537,Hot,2.087608145084194e-06
Taiwan,2005,-0.037292040364828,2.2346970286926515,-0.032060785767235,0.051499462733222603,1.0908935082362217,0.20636525918465926,Hot,2.0710273338116766e-06
Taiwan,2006,0.006750209684396069,2.3212001593290283,-0.030902520385470752,0.09377747386929766,1.1411164628935375,0.3201004227442546,Hot,1.8731185021556329e-06
Taiwan,2007,0.001782898745304088,2.3527795306954533,-0.00912713120830245,0.09534043176711925,1.1630960455851058,0.3345488153158947,Hot,1.871354283807688e-06
Taiwan,2008,-0.023500155809847077,2.235475771694035,-0.02316530763528544,0.06470645696981539,1.0940278515790478,0.33552814271181186,Hot,1.7816013745150135e-06
Taiwan,2009,-0.01079351396939933,2.110635212610266,-0.012022794662713124,0.05001465273029205,1.027158595324441,0.2845569535718258,Hot,1.7971255418560404e-06
Taiwan,2010,-0.021199441255036925,2.268979622891464,-0.007436063750926647,0.07681938067793295,1.1164433038917279,0.39039661207214693,Hot,1.7073261690947244e-06
Taiwan,2011,-0.05644192323613178,2.323160443435958,-0.014154002965159392,0.06626941486763699,1.1440010382512322,0.34616771939943775,Hot,1.8238023837057293e-06
Taiwan,2012,-0.035115353548821254,2.2919301637598073,-0.009451445515196472,0.07361531698739866,1.12837339824036,0.3641943949181773,Hot,1.769592560471244e-06
Taiwan,2013,-0.0011317531165845524,2.303512847021756,0.0011582653817642451,0.06072091433037023,1.1361455902482742,0.32142908441060325,Hot,1.8639317634686315e-06
Tajikistan,2000,-1.312532847971449,-0.13422127937628953,-0.2690187175685693,-0.30274494480804925,-0.2730110999831039,0.28141332723106566,Cold,4.778065773100973e-08
Tajikistan,2001,-1.28830402919613,-0.13376477485823748,-0.26788361749444034,-0.30047865585620787,-0.27250666660136785,0.3466351806307857,Cold,4.5036740405607065e-08
Tajikistan,2002,-1.320073734490719,-0.13747946848552392,-0.2654280948851001,-0.2961805216371984,-0.2727270501176603,0.3307314820084085,Cold,4.554506542602018e-08
Tajikistan,2003,-1.3499210098338497,-0.13568925468924128,-0.2622776130467013,-0.29664940900654485,-0.2692841698520247,0.3234231781567441,Cold,5.0347687395616517e-08
Tajikistan,2004,-1.2793802333891977,-0.13130323088834886,-0.2575055596738325,-0.2918823874181889,-0.265336856204653,0.30618218469532943,Cold,5.651283011845452e-08
Tajikistan,2005,-1.3280177111611016,-0.13238631023509986,-0.252108042994811,-0.28961609846634756,-0.2619919241684807,0.32158979600445586,Cold,5.98582458743038e-08
Tajikistan,2006,-1.3022075387160341,-0.13046183040409604,-0.24745181616011866,-0.2796131679202892,-0.26148749078674466,0.42735308183906967,Cold,5.4131863154341735e-08
Tajikistan,2007,-1.3089174393853187,-0.12533286787774633,-0.24272609340252044,-0.2773468789684478,-0.25745692114432916,0.32989192743026746,Cold,6.51067810578595e-08
Tajikistan,2008,-1.3287494748200437,-0.12830462277957547,-0.23044848035581914,-0.2648432157858748,-0.2535732738461086,0.2918232116950945,Cold,7.31443697259504e-08
Tajikistan,2009,-1.3345353688352404,-0.1323505059591742,-0.22398535952557452,-0.2571847220865488,-0.26422024638877123,0.28419084567975933,Cold,5.946048780490028e-08
Tajikistan,2010,-1.2997703936485399,-0.131544909750847,-0.22187731653076356,-0.2553091726091628,-0.2668648485842808,0.3128292260504971,Cold,5.4099593460959275e-08
Tajikistan,2011,-1.3155839303460222,-0.13327246606425974,-0.21773072646404748,-0.253589918921559,-0.26810879109846486,0.3336957122188384,Cold,5.127543785783894e-08
Tajikistan,2012,-1.391042406634244,-0.12797343322726318,-0.20904373610081545,-0.2446810589039758,-0.25717287127888555,0.3395378269342333,Cold,6.478023022419677e-08
Tajikistan,2013,-1.225462274637723,-0.12820616102077995,-0.20359988880652338,-0.23803848783823386,-0.2527211242497777,0.3389258133858448,Cold,7.045796035472756e-08
Tanzania,2000,-0.01775767150323189,-0.13121372019853475,0.37963306152705706,0.7682719546742209,0.1572607798148289,0.17109050382987864,Hot,7.217258944648478e-07
Tanzania,2001,-0.02103820519459194,-0.12701566884625198,0.3949916604892513,0.7724919409983393,0.15969969072846543,-0.44588470379023204,Hot,4.161141488320986e-06
Tanzania,2002,-0.0021177736400745805,-0.12303244314952315,0.45909006671608593,0.8925271075510403,0.23443418980897646,-0.20393205436141762,Hot,1.688968039501126e-06
Tanzania,2003,0.018669275383439293,-0.12123327828425913,0.5245088954781318,1.0529647357624303,0.348426339258385,-0.4175640920257863,Hot,4.796279869507456e-06
Tanzania,2004,0.0011937669859863878,-0.11645340744818453,0.5103317272053374,0.9966982514408519,0.4237338354812563,-0.2671495891816665,Hot,2.7439728727809497e-06
Tanzania,2005,0.05158623726196347,-0.10629394415428065,0.553975166790215,1.088287584253199,0.4915140102698718,-0.49607138245254434,Hot,1.156612127628238e-05
Tanzania,2006,0.0011317531165845524,-0.10163938828394582,0.5269180874722017,0.9536387613558659,0.6121715367342591,-0.45436834554611916,Hot,8.75342495476471e-06
Tanzania,2007,-0.007792042690347802,-0.10316107001078606,0.5559905485544847,1.0664061736836965,0.6061134387419529,-0.4342926248418589,Hot,7.46537315343437e-06
Tanzania,2008,-0.024095488956105436,-0.10062791748904615,0.5999119718309859,1.0754713294910618,0.5259672999835936,-0.4196765056285422,Hot,6.174981230258228e-06
Tanzania,2009,0.008914493726521762,-0.10225701204366333,0.6113787991104521,1.1230633974797302,0.5433971874165909,-0.45644670528042947,Hot,8.240066225674627e-06
Tanzania,2010,0.017670852086069003,-0.08984187936644336,0.6625277983691624,1.169717690729706,0.6501901420004457,0.02912676163493818,Hot,1.8341878083763577e-06
Tanzania,2011,0.002917752555358838,-0.07868884741560263,0.7069125277983691,1.1932402070919212,0.5692995966981652,-0.08982768120238094,Hot,2.0901732479132967e-06
Tanzania,2012,0.0028619400728973976,-0.06144013748841957,0.7215530022238694,1.2906906320211,0.5492349018926046,-0.2576921879311315,Hot,3.118894703686056e-06
Tanzania,2013,-0.019159184951714637,-0.05352739250885039,0.7725166790214973,1.3440656442317085,0.5473004243607041,-0.431308074706173,Hot,6.8413508059490585e-06
Thailand,2000,0.24348815612611743,1.343743426558717,1.5712796515937735,0.9767705382436259,1.328995859238599,1.285993064520432,Hot,1.0183989940454624e-06
Thailand,2001,0.27159284173905474,1.3877379306023623,1.608761119347665,1.014359675686236,1.3751392701387681,1.2863176562635439,Hot,1.0469161586580644e-06
Thailand,2002,0.2794996100877959,1.4987132838339219,1.591850444773907,1.0817231610823481,1.4340845146297925,0.7926211026144208,Hot,1.4743946213913948e-06
Thailand,2003,0.269298328571185,1.5562059999015383,1.687754818383988,1.2080101592263357,1.4969525857108226,1.0889897904426609,Hot,1.2557069391757049e-06
Thailand,2004,0.25821024872212667,1.7015982133666314,1.7317920681986658,1.2309856403243136,1.5949742763462371,0.8422691353432632,Hot,1.5541599251369075e-06
Thailand,2005,0.283003393709003,1.7642019898226347,1.788709229058562,1.1780013675881607,1.6469847861912588,1.1099284244189422,Hot,1.343172145899125e-06
Thailand,2006,0.27642992355240215,1.7776285932947542,1.8146775389177172,1.191911692878773,1.6629552450052523,1.1345978778981436,Hot,1.334615604071705e-06
Thailand,2007,0.2683991274648576,1.8515465209432638,1.9238324684951817,1.3851714369444175,1.8232964966367027,1.1196720484280336,Hot,1.4558697630151289e-06
Thailand,2008,0.2375224218896557,1.8530323983941783,1.947808561897702,1.3303897626257692,1.7915220909988023,1.0890214583448328,Hot,1.4605671290353214e-06
Thailand,2009,0.2692301133148425,1.8940909518119204,2.016470533728688,1.481840382924685,1.8265189933860457,0.3057033855949289,Hot,2.8038661537995545e-06
Thailand,2010,0.3244162556955863,2.0031418252124764,2.1435554114158633,1.5644427078245577,1.9397569414685865,-0.04167011121621166,Hot,4.8714766021218985e-06
Thailand,2011,0.23973011564036284,2.0376840004117494,2.113672164566345,1.5545179251733905,1.9051420371762504,0.24073184992825658,Hot,3.138340103011905e-06
Thailand,2012,0.3169249802718379,2.1940591755170367,2.1323665678280213,1.568350102569112,1.9262302909797027,-0.030234545681423114,Hot,4.74073868259803e-06
Thailand,2013,0.35977966472201517,2.2066443785049032,2.10347942920682,1.5871837452378625,1.9049461407173238,-0.0412838059184462,Hot,4.792581803047246e-06
Togo,2000,0.3283417336287263,-0.14232199680446841,-0.2692040400296516,-0.27820650581224965,-0.2589849135239569,0.17137350450559546,Hot,7.654541410355333e-08
Togo,2001,0.3259666024306335,-0.14386158066927146,-0.2722850259451446,-0.2888346195174367,-0.2646512185984098,0.1717814476646852,Hot,6.772940469238565e-08
Togo,2002,0.3324222462353706,-0.1424025564253011,-0.26804577464788737,-0.2813324216078929,-0.26510178045394106,0.18685172693246252,Hot,6.570778492819308e-08
Togo,2003,0.34503586727171537,-0.1380791901072786,-0.26552075611564124,-0.27625280843997263,-0.26713910362677806,0.7426580362674762,Hot,3.622677534818436e-08
Togo,2004,0.33522527313233635,-0.1386252053151448,-0.2665863602668644,-0.28500537266777376,-0.26391170946596176,-0.030993591739740766,Hot,9.449190701722227e-08
Togo,2005,0.3524713302130021,-0.13882212883273587,-0.2546330615270571,-0.24976067207189603,-0.2509041845932332,0.4396197158039126,Hot,6.554523989422388e-08
Togo,2006,0.3526077607256865,-0.14080031507762816,-0.2582236842105264,-0.2668750610530429,-0.26025824050698,-0.01677006728737335,Hot,9.965358949953641e-08
Togo,2007,0.35970214738526235,-0.14065709797392556,-0.2604938843587843,-0.27914428055094265,-0.25916611774846404,-0.4660285660377058,Hot,5.17610177223104e-07
Togo,2008,0.3300161081025772,-0.1406033915600371,-0.2563936249073388,-0.26984468105890397,-0.2600623440480534,-0.35693989868599724,Hot,2.5531533579791976e-07
Togo,2009,0.3482791926414341,-0.1315359586818656,-0.250972942920682,-0.2613265605157761,-0.25990072946943893,-0.4216866599733365,Hot,3.635329628733559e-07
Togo,2010,0.37425680253388677,-0.13099889454298083,-0.25046330615270573,-0.26195174367490476,-0.2582013276882504,-0.28147196681541103,Hot,1.972471686786005e-07
Togo,2011,0.35286821897717413,-0.13182239288927083,-0.2427029280948851,-0.23881996678714468,-0.23491903354481986,2.2974556410485887,Hot,2.96121781771844e-08
Togo,2012,0.3266673591548749,-0.1344003007559178,-0.2425407709414381,-0.2540588062909055,-0.2527162268383046,0.7269881457430485,Hot,4.9480944700318046e-08
Togo,2013,0.34884972023993166,-0.13960087183411882,-0.23709692364714607,-0.24007033310540196,-0.2613650554999155,0.14053696365458535,Hot,7.599247793055372e-08
Trinidad And Tobago,2000,0.26766736380591505,0.0637226600786799,-0.24756764269829507,-0.27375207580345806,-0.16543945697501583,-0.46994433130773566,Hot,1.5585966199406006e-06
Trinidad And Tobago,2001,0.2915861132342248,0.0851157149442572,-0.24356004447739069,-0.2747679984370421,-0.15326938946419869,-0.44173137305373755,Hot,1.33636300042616e-06
Trinidad And Tobago,2002,0.2845723446048709,0.10250764197514288,-0.23844051148999262,-0.2711731952720523,-0.14176047250225893,-0.31793115660699267,Hot,7.473298161230191e-07
Trinidad And Tobago,2003,0.30480126880376823,0.13551023330961298,-0.23030948851000743,-0.2710168994822702,-0.12268995222575108,-0.20822693559505034,Hot,5.845400210418665e-07
Trinidad And Tobago,2004,0.2806034569631495,0.1383566732457024,-0.22319773906597484,-0.2689850542151021,-0.11939399430431044,-0.24757862657911905,Hot,6.661607782576706e-07
Trinidad And Tobago,2005,0.3105437531103832,0.18773972081615845,-0.2043180133432172,-0.2674220963172804,-0.0880750479334148,-0.22045621767030626,Hot,7.173416706025683e-07
Trinidad And Tobago,2006,0.30061533261914014,0.22804638443946168,-0.1897470348406227,-0.2661717299990231,-0.06273584097125465,-0.3614440423814569,Hot,1.325015159994798e-06
Trinidad And Tobago,2007,0.28782807274847017,0.25361063745037754,-0.1914612676056338,-0.26523395526033017,-0.049013294023443885,0.011441543785818829,Hot,5.112394235054584e-07
Trinidad And Tobago,2008,0.2825196855276683,0.2435764891222134,-0.1973684210526316,-0.2646869199960926,-0.05556603057453981,0.008273249300723155,Hot,5.010252073798005e-07
Trinidad And Tobago,2009,0.2984138402553731,0.2433437613286967,-0.19570051890289103,-0.2636709973625085,-0.05524769882878404,0.011590373385383965,Hot,4.988248794971423e-07
Trinidad And Tobago,2010,0.33607486314314194,0.2672878708539767,-0.19310600444773912,-0.262186187359578,-0.04117743566637854,-0.025320549200755618,Hot,5.618333905000643e-07
Trinidad And Tobago,2011,0.29673326439458186,0.2668492684738875,-0.1955151964418088,-0.25444954576536094,-0.041309665776154025,-0.13712582713738034,Hot,7.045582567237336e-07
Trinidad And Tobago,2012,0.2974836322143448,0.2589365234943183,-0.20387787249814682,-0.25804434893035066,-0.04759304469622579,-0.025306096260621035,Hot,5.48329730204741e-07
Trinidad And Tobago,2013,0.3018649120875885,0.2557141386610096,-0.20566160118606375,-0.28078538634365535,-0.05090859226355907,-0.25755806850604873,Hot,9.35979533459744e-07
Turkey,2000,-0.8058051183147112,1.9307724324977513,0.8947600074128984,1.9589332812347366,1.261602579956364,-0.3297446692574656,Moderate,7.3789405932241215e-06
Turkey,2001,-0.7253359213788165,1.787000362518294,0.9132227575982208,1.7548891276741232,1.2077016692827005,-0.3490332192668256,Moderate,7.730711678266807e-06
Turkey,2002,-0.7956038367981001,1.8536679242918588,0.7830568939955522,1.7999804630262772,1.1536244517960033,-0.3025337050846559,Moderate,6.188138931425994e-06
Turkey,2003,-0.7961743643965973,1.9926690745042228,0.7952881764269829,1.8310051772980365,1.3591394268559354,-0.34301888271031544,Moderate,8.283570624724543e-06
Turkey,2004,-0.7977495166794055,2.064223919941639,0.7083951074870274,1.8601543420924098,1.319837699783779,-0.3748185769236312,Moderate,9.365726181663509e-06
Turkey,2005,-0.788614873716507,2.242063758464355,0.7474286508524833,1.849526228387223,1.347713765889039,-0.25624028204767896,Moderate,5.995363013323367e-06
Turkey,2006,-0.787337388006828,2.400658798677032,0.8833163454410675,1.9623717886099443,1.4531305478489347,-0.4515116808702881,Moderate,1.636609151827284e-05
Turkey,2007,-0.7601567090479789,2.6787506097915745,0.9668736100815419,1.910168994822702,1.5902825561549445,-0.118176888577662,Moderate,4.801472198063419e-06
Turkey,2008,-0.7718773303649362,2.644118923902487,0.9551751297257227,1.8185796620103545,1.564233224529175,0.7798289962332894,Moderate,1.5994678249414677e-06
Turkey,2009,-0.7601939173696199,2.697288273652081,1.0294431060044478,2.0177004981928297,1.6550410280646164,0.7800517322502141,Moderate,1.6767542725997865e-06
Turkey,2010,-0.6510371044484101,2.698559325447442,1.1520339140103781,1.9606525349223403,1.6388991598490614,0.7314488002935975,Moderate,1.724780124432335e-06
Turkey,2011,-0.8271937018714236,2.9268563398183827,1.212425871015567,1.9603399433427762,1.8185411100962585,0.6843605818974206,Moderate,1.954269537347111e-06
Turkey,2012,-0.75724825857303,3.056020265220174,1.3355958117123794,2.082172511477972,1.9156273951402982,0.09246750697714408,Moderate,3.85239932184004e-06
Turkey,2013,-0.670016449178859,2.984313251610074,1.4246664195700518,2.244251245482075,1.9354276297263078,1.3319251745249288,Moderate,1.3619845082477188e-06
Turkmenistan,2000,-0.49353427894148555,0.19808715655867198,0.02969792438843588,-0.15754615610042003,0.022219555853753528,0.19551212362601772,Moderate,4.962048197634345e-07
Turkmenistan,2001,-0.48046175527156665,0.1504048120946844,0.03426148999258708,-0.1513724724040246,0.0021156817564076612,0.1957899637779925,Moderate,4.658636132675203e-07
Turkmenistan,2002,-0.49491718822914765,0.11546878986022906,0.09261489992587096,-0.1144866660154342,0.005254922510707002,0.20075268484575254,Moderate,4.6756767849258004e-07
Turkmenistan,2003,-0.549774657102061,0.20889109681923762,0.1795079688658265,-0.07939826120933867,0.06915145000110194,0.03592202409855975,Moderate,7.143839015295678e-07
Turkmenistan,2004,-0.47376425737616235,0.2875441399589146,0.18580893254262418,-0.06267461170264726,0.13419886918769083,-0.1790269543215916,Moderate,1.2907333878939885e-06
Turkmenistan,2005,-0.4800648665073946,0.2747799155914195,0.15997961452928092,-0.03329100322360067,0.10918289138275962,-0.1808349113288487,Moderate,1.2233477950875072e-06
Turkmenistan,2006,-0.48521201766775146,0.2888420449612195,0.17721460340993325,0.046341701670411246,0.10648931507251841,-0.18040990006102392,Moderate,1.2141512382186113e-06
Turkmenistan,2007,-0.5006844780835237,0.2860045560941115,0.16060507783543365,0.0185991989840774,0.09692956787689867,0.9337719098852115,Moderate,3.10900817591064e-07
Turkmenistan,2008,-0.5337254677008516,0.377797768498503,0.2101556708673091,0.033212855328709566,0.1509431190144449,0.2317147801539793,Moderate,6.585100340131703e-07
Turkmenistan,2009,-0.49671559044180247,0.31535511128416516,0.11503891771682723,0.023131776887760105,0.0939519417012138,0.30863216196946436,Moderate,5.266635756513826e-07
Turkmenistan,2010,-0.44548593292889954,0.375524196977224,0.11163361749444031,0.03641691901924393,0.12408081708413017,2.092133047775503,Moderate,1.877182175418107e-07
Turkmenistan,2011,-0.5390772646302348,0.42897102986524166,0.16116104521868052,0.02742991110676956,0.16444528244596318,-0.4781940893779134,Moderate,5.589427324198409e-06
Turkmenistan,2012,-0.5338929051482363,0.4449397369280826,0.1960016679021497,0.03665136270391719,0.18670891500297515,2.1531716691324356,Moderate,2.100965122705129e-07
Turkmenistan,2013,-0.3286766085234965,0.42167590864539,0.22637138621200886,0.0914330370225652,0.17199709093758495,2.1484261852337143,Moderate,2.042085669811537e-07
Uganda,2000,0.03949353272859474,-0.142053464735026,-0.011930133432171993,0.0930741428152779,-0.12035388695305094,-0.14594158340524752,Hot,5.062037410220232e-07
Uganda,2001,0.027952751632902662,-0.14155220487206688,-0.00650945144551521,0.0944026570284263,-0.11247884930420025,0.03802295002941578,Hot,3.6943503051732667e-07
Uganda,2002,0.05955501948010672,-0.14131947707855014,0.006532616753150441,0.11050112337598902,-0.10759123265398074,-0.1400951751598737,Hot,5.333143017438955e-07
Uganda,2003,0.060547241390536875,-0.1406929022498512,0.03201445515196437,0.16379798769170656,-0.10572531888270455,1.128538674146661,Hot,1.3769320017306545e-07
Uganda,2004,0.05817211019244436,-0.13985150176559838,0.03655485544848034,0.15582690241281624,-0.1265589072895521,1.0277000191045556,Hot,1.313056894276717e-07
Uganda,2005,0.07438873704103885,-0.1361726124142376,0.06066994069681245,0.212249682524177,-0.11772397699196088,1.1250044954244127,Hot,1.298102657351162e-07
Uganda,2006,0.05505901394846916,-0.13286966796009617,0.04535767234988877,0.13785288658786754,-0.10939837748757894,1.2092020355858148,Hot,1.290894295349922e-07
Uganda,2007,0.0342533607641349,-0.13001427695502538,0.07820607857672345,0.2217055778059978,-0.08402978605657979,1.1304341764823995,Hot,1.5226414098362786e-07
Uganda,2008,0.034681256463007876,-0.12935189785040083,0.18006393624907338,0.3816743186480414,-0.054331882883302034,1.1991307588140745,Hot,1.6574702812504597e-07
Uganda,2009,0.07567862552459845,-0.12741846695041556,0.18854243884358782,0.37362508547426004,-0.04320496401626918,1.2808655395989774,Hot,1.6539159386840325e-07
Uganda,2010,0.06638894788819495,-0.12228055335508445,0.21696627131208301,0.4255934355768291,-0.03197030209682671,1.3233808491546248,Hot,1.685398907464384e-07
Uganda,2011,0.051834292739571075,-0.11997117755787988,0.22565326167531505,0.41254273713001854,-0.03897360050345389,1.184692318006898,Hot,1.7720796490390865e-07
Uganda,2012,0.05770700617193033,-0.12177034242314391,0.25562916975537436,0.4652144182866073,-0.04147128035476847,1.2932881287998577,Hot,1.6536664954180822e-07
Uganda,2013,0.07400115035727738,-0.12062460559352305,0.268184766493699,0.4634170167041125,-0.04449788064518498,1.191536863361083,Hot,1.7290230565867184e-07
Ukraine,2000,-1.0205405438926418,2.402753348818683,1.498146775389177,1.3035068867832371,1.6196474353480468,1.1361878158573882,Cold,1.3040839138278488e-06
Ukraine,2001,-1.0486452295055793,2.56577916817716,1.483274647887324,1.3221842336622056,1.6883777079624565,1.1803739121334516,Cold,1.316597849764597e-06
Ukraine,2002,-1.016013531426304,2.4943943930503902,1.5270570793180132,1.4219009475432256,1.6577003224945455,1.127979958466064,Cold,1.3362270250973932e-06
Ukraine,2003,-1.1021507960255315,2.5959353195755406,1.5377131208302446,1.3538341310930937,1.715293881418976,1.0873896545227086,Cold,1.408928245253576e-06
Ukraine,2004,-1.0552062968882994,2.626198883801698,1.4943244996293552,1.2899091530721891,1.711219235073302,1.223431794272272,Cold,1.2997970581780336e-06
Ukraine,2005,-1.0502327845622677,2.6520406199510376,1.5150111193476652,1.3068672462635536,1.7384341506296848,1.3558554729550576,Cold,1.2270219585093498e-06
Ukraine,2006,-1.084662884854198,2.8269534589168313,1.476301890289103,1.335078636319234,1.8220035800077867,1.1598759766816003,Cold,1.4212917157708247e-06
Ukraine,2007,-0.9655404431201041,2.860743744321666,1.5156365826538174,1.4764481781772003,1.8708356698067234,1.2748459835958936,Moderate,1.3635675860971495e-06
Ukraine,2008,-1.0024262926403493,2.7636604501492594,1.5009266123054115,1.575070821529745,1.8166458118561437,1.446220463572707,Cold,1.2169869292191838e-06
Ukraine,2009,-1.0121934770711472,2.330518222138679,1.4082190511489994,1.306163915209534,1.5758156026632122,1.3804795946519326,Cold,1.1153210250673085e-06
Ukraine,2010,-1.0103702693107317,2.480654502163921,1.3512555596738325,1.434795350200254,1.6386298022180377,1.3729611820346015,Cold,1.1569483026012362e-06
Ukraine,2011,-1.0596464899374747,2.6060589785935186,1.4594143810229798,1.6654879359187262,1.740491063448414,1.4243416641361748,Cold,1.1862065708713069e-06
Ukraine,2012,-1.02245057107022,2.5707380603928627,1.4526269458858414,1.6156295789782162,1.7682593865012644,1.5660579291005527,Cold,1.1227477484317764e-06
Ukraine,2013,-0.9016847617969761,2.5090651951109266,1.4968726834692363,1.6290710168994822,1.719015914138582,1.5273329571654606,Moderate,1.1163034498678728e-06
United Arab Emirates,2000,0.43515442228654433,0.85076330240739,0.22875741289844329,-0.275627625280844,0.3683930858344822,1.7382864124209014,Hot,3.386766149286041e-07
United Arab Emirates,2001,0.44496501642592357,0.7578422553113405,0.20253428465530018,-0.2675002442121715,0.3122442632946356,1.7678597445228954,Hot,3.06660157500656e-07
United Arab Emirates,2002,0.4485680222381738,0.6085115714944258,0.1674620088954781,-0.2578880531405685,0.22347868034350446,-0.35308325410511776,Hot,2.7612902833626145e-06
United Arab Emirates,2003,0.4612436571439201,0.804477324704503,0.21034099332839137,-0.2529647357624304,0.3400174837589592,-0.4708618523858123,Hot,7.131212392695204e-06
United Arab Emirates,2004,0.4519911878291582,0.8524819076518214,0.19873517420311343,-0.2512454820748266,0.3639560310397939,-0.35378400776321256,Hot,3.501602323643285e-06
United Arab Emirates,2005,0.44372473903788606,0.8775807050757037,0.22095070422535212,-0.24444661521930253,0.38266904027876064,-0.30117624660086406,Hot,2.910545749716505e-06
United Arab Emirates,2006,0.4430673920222256,0.9442661689872313,0.2575055596738325,-0.24030477679007523,0.4271571261009993,-0.43478654617950746,Hot,6.025474031252581e-06
United Arab Emirates,2007,0.4558670546667761,1.0461293339957127,0.2601000741289844,-0.2310833251929276,0.48430502058137176,-0.4628369140385479,Hot,8.100788443102788e-06
United Arab Emirates,2008,0.4208106142938867,1.2334483545697446,0.26519644180874724,-0.2181107746410081,0.5879489395879808,0.637552980071169,Hot,8.553366664155995e-07
United Arab Emirates,2009,0.45375238172017196,1.3592824823104501,0.2566484432913269,-0.2097489498876624,0.6558221651945864,0.14046597886354031,Hot,1.5583246218880133e-06
United Arab Emirates,2010,0.49421023011796616,1.5093023984389338,0.2890103780578206,-0.2008400898700791,0.7453517443355315,0.14091672475172187,Hot,1.7019485906333452e-06
United Arab Emirates,2011,0.4595382757353683,1.6227124424334378,0.3401362120088955,-0.20099638565986128,0.8182595089365516,-0.4264919509883707,Hot,8.7178690354432e-06
United Arab Emirates,2012,0.4759409441921686,1.7104866248651749,0.37286879169755377,-0.198808244602911,0.8734435414161845,-0.4720342860433467,Hot,1.31441907033469e-05
United Arab Emirates,2013,0.47183252534429354,1.762975693372181,0.4059025203854707,-0.1862264335254469,0.9099537439486359,0.7785850262073366,Hot,1.041582170438977e-06
Usa,2000,-0.995728794744945,53.75946687433147,18.18110637509266,20.608850249096413,35.0374039801263,1.459219361554683,Cold,2.011291013652366e-05
Usa,2001,-0.9856205340324368,52.68895482843039,17.63507690882135,20.071896063299793,33.85763714588654,1.4104500430367337,Cold,1.9918853190265787e-05
Usa,2002,-0.9833446250253872,53.08510228834079,17.205661601186065,19.76946371007131,34.26298120128606,1.3387455993971988,Cold,2.0909883575257037e-05
Usa,2003,-0.987890241652546,53.6098229031002,17.366729985174203,20.238272931522907,35.175550162961365,1.5381205961353552,Cold,1.943801203609302e-05
Usa,2004,-0.9944078993266846,54.550625008391634,17.38542438843588,20.20615414672267,35.514544087722435,1.9181719340257446,Cold,1.663374010095602e-05
Usa,2005,-0.9776517518142933,54.68809552580818,17.555063936249073,20.08783823385757,36.07350035138927,1.8141243547899277,Cold,1.7628631761830852e-05
Usa,2006,-0.9715619898390276,53.95789417151144,17.841572461082286,20.400820552896352,34.29121967584033,1.705153321255651,Cold,1.7565846131056847e-05
Usa,2007,-0.9817570699686987,54.64010884499882,18.04811434395849,20.450757057731757,34.86244885265892,2.134597760418338,Cold,1.5027100342465862e-05
Usa,2008,-1.0476964173037302,52.82911961761034,18.43499814677539,19.539943342776205,34.33752959873058,2.010105128098342,Cold,1.5515369649362392e-05
Usa,2009,-1.033879727200989,48.95225947358764,17.551079503335803,19.178118589430497,31.90638108227896,2.1545447361426726,Cold,1.3663548080627012e-05
Usa,2010,-1.0064571941514722,50.59161195325753,17.173577650111195,19.66763700302823,33.10920982714586,2.0707102660848697,Cold,1.4622637785404716e-05
Usa,2011,-1.0031580562992917,49.42549353956597,17.363440511489994,19.635518218227997,31.640559382338463,2.086553797519569,Cold,1.389681345222779e-05
Usa,2012,-0.9502354201517171,47.56809301950886,17.021937546330616,19.16155123571359,30.979741857441244,1.8533851263363257,Moderate,1.4915492989185208e-05
Usa,2013,-0.8731377105823052,48.838867331731095,16.985475352112676,19.49985347269708,31.469272416064488,2.3607622191463813,Moderate,1.2531781618285803e-05
Uruguay,2000,-0.3924330676555813,-0.10700107860381228,0.1305828391401038,0.11042297548109799,-0.15208421588769255,2.022891449117335,Moderate,6.965355095543869e-08
Uruguay,2001,-0.3315974617723256,-0.10911353088342578,0.1302121942179392,0.11925368760379015,-0.15411664164905636,0.36821758700570995,Moderate,1.892016299983124e-07
Uruguay,2002,-0.3747839204238029,-0.11333843544265278,0.14895292809488508,0.11769072970596856,-0.14804874883380387,0.3785808647806665,Moderate,1.9450887725504373e-07
Uruguay,2003,-0.40375059882142655,-0.113624869650058,0.16164751667902144,0.1463710071309954,-0.14779898084867243,3.3583015892987516,Moderate,4.727371221253504e-08
Uruguay,2004,-0.36980420671083114,-0.1043426111163326,0.1762416604892513,0.16668945980267655,-0.14426304976504667,4.298531888668864,Moderate,3.899570212694573e-08
Uruguay,2005,-0.35986338344570784,-0.10288358687236225,0.18022609340252033,0.16981537559831983,-0.137156905717483,0.32951221071243647,Moderate,2.189757589090497e-07
Uruguay,2006,-0.35644021785472324,-0.0950603525826072,0.19878150481838397,0.20005861092116828,-0.11364933064628688,3.4388874583273963,Moderate,5.617586442914884e-08
Uruguay,2007,-0.41033647175190746,-0.10088749848950712,0.18958487768717563,0.19091530721891176,-0.05988065008239893,0.99263099393874,Moderate,1.8346762150503197e-07
Uruguay,2008,-0.35345735073649237,-0.08067598472947633,0.23093495181616006,0.20404415356061342,-0.008021959993045667,0.9926047552184724,Moderate,2.217571756857057e-07
Uruguay,2009,-0.383906160612821,-0.08271682845723853,0.22386953298739803,0.2043567451401778,-0.05204479172533355,0.555763158434836,Moderate,2.622942524789721e-07
Uruguay,2010,-0.38027834925281045,-0.09764721151823559,0.19910581912527797,0.20209045618833643,-0.025966075630725376,0.3303393046091958,Moderate,3.608389334868169e-07
Uruguay,2011,-0.38738513868626734,-0.08543795342758811,0.20385470719051152,0.19646380775617858,-0.06396998866249243,1.3148477081545193,Moderate,1.4970138076807584e-07
Uruguay,2012,-0.3364531477464936,-0.07721192103366946,0.19180874722016303,0.2278011136075022,-0.046109129019856546,-0.25500464201409945,Moderate,9.458460527821728e-07
Uruguay,2013,-0.46702645046564684,-0.08718341187896367,0.19766957005189023,0.22459704991696783,-0.04863129592853697,-0.10312183574547859,Moderate,6.359867916884651e-07
Uzbekistan,2000,-0.6765496103203481,0.9510242260681981,0.33263065233506295,0.25069844681058906,0.498546693145338,0.12037942275654387,Moderate,1.3417494598604607e-06
Uzbekistan,2001,-0.6721466255928141,0.9755949104221772,0.43877409191994077,0.2352251636221549,0.5328775475722306,-0.29689605420289084,Moderate,3.488878670072169e-06
Uzbekistan,2002,-0.6815293240333203,1.0324700027300762,0.5846923647146035,0.24538438995799547,0.5919403299386109,-0.2942028409735821,Moderate,3.698158593234824e-06
Uzbekistan,2003,-0.7346814114976817,1.0120526143834727,0.4983089325426241,0.24991696786167825,0.5591423653028191,-0.3423067626066157,Moderate,4.29640598809852e-06
Uzbekistan,2004,-0.6391056359754861,1.0013381848127212,0.45549944403261666,0.2307707336133633,0.5420895785532556,-0.2661584626305645,Moderate,3.17737500194511e-06
Uzbekistan,2005,-0.6687234600018296,0.9342320206590674,0.6202742772424017,0.27265800527498296,0.538911158507171,-0.29212805899184774,Moderate,3.4549162895541767e-06
Uzbekistan,2006,-0.6879043498078347,0.9637436950907864,0.674759080800593,0.3018853179642473,0.5654502312802568,0.9877347069907212,Moderate,6.471520033029806e-07
Uzbekistan,2007,-0.6773309850748123,0.9541123448667856,0.5866614158636025,0.32642375696004683,0.5414627098846905,0.9876039287079919,Moderate,6.294398667908243e-07
Uzbekistan,2008,-0.7234196928142982,0.9949650236979553,0.6964881393624908,0.3583862459704992,0.5875865311389665,1.102964384912642,Moderate,6.180103748200974e-07
Uzbekistan,2009,-0.6942979797431699,0.8234893952210243,0.5550871015567086,0.40074240500146524,0.46451458081830843,1.1026972242118895,Moderate,5.33204882373562e-07
Uzbekistan,2010,-0.6477441679831697,0.8095078254720571,0.6340576352853966,0.43637784507179833,0.4750978870118198,1.102957549909576,Moderate,5.404222062842002e-07
Uzbekistan,2011,-0.7359154874987792,0.890846189306158,0.6821488139362489,0.47599882778157654,0.5312662991975592,1.036630951073174,Moderate,6.029833864223148e-07
Uzbekistan,2012,-0.7356860361819921,0.9096881895120325,0.7594282802075611,0.4915502588649017,0.5572421696512307,1.7955414602873188,Moderate,4.227233760872588e-07
Uzbekistan,2013,-0.5091555726438219,0.8518195285471967,0.7549805411415864,0.5357819673732539,0.5320939617365241,0.9547889330765897,Moderate,6.358437828973937e-07
Venezuela,2000,0.1754961497138835,1.1248897899631665,1.322553743513714,0.5030379994138907,0.9831014817118412,0.5800595168450773,Hot,1.293694885017731e-06
Venezuela,2001,0.20398532131711236,1.0149348585954878,1.3332561156412157,0.5496141447689752,0.9011335058854643,0.6272499645499908,Hot,1.1640764292562208e-06
Venezuela,2002,0.20404733518651447,1.3158250424056894,1.2267883617494442,0.543596756862362,1.0262280871445397,0.5445422475179147,Hot,1.379263466459071e-06
Venezuela,2003,0.22162206577501078,1.2274869426281236,1.2253752779836915,0.5909543811663572,1.0166683399489198,0.535900836228029,Hot,1.3800247882080544e-06
Venezuela,2004,0.20744569522973832,1.1243527258242818,1.2954734988880652,0.5808733027254078,0.9508177452807319,0.543290823221736,Hot,1.3027852434125387e-06
Venezuela,2005,0.22244685023805583,1.1741743757748269,1.337588028169014,0.6368271954674222,0.972322279059403,0.5562354658614647,Hot,1.3098874123950994e-06
Venezuela,2006,0.2098332292017111,1.2407076715136707,1.3301519644180875,0.6111946859431474,1.0175449766026168,0.5661738961137158,Hot,1.3443418541440902e-06
Venezuela,2007,0.21014329854872027,1.225723582038785,1.3617262787249813,0.6539415844485689,1.0504898635826034,0.4831546502103394,Hot,1.4857176659035517e-06
Venezuela,2008,0.1948258728064532,1.2399647327882135,1.4247359154929575,0.6965321871642083,1.0565969356896412,0.5159603183200935,Hot,1.4475659428433295e-06
Venezuela,2009,0.22732114037304452,1.2079020036967916,1.3527149740548554,0.6801992771319723,1.002935998178163,0.3980773595483453,Hot,1.558926606981238e-06
Venezuela,2010,0.2321830277341527,1.5427256900155302,1.2359849888806522,0.6055680375109895,1.1493832934602415,0.40388197881186183,Hot,1.72276135062662e-06
Venezuela,2011,0.19699015684857915,1.35592583144242,1.245042624166049,0.5699325974406564,1.0663868612244995,0.3977835270660686,Hot,1.634851139328898e-06
Venezuela,2012,0.19782734408550498,1.4197648554178584,1.335711638250556,0.6660545081566864,1.152968198658599,0.4967098321421811,Hot,1.5775746214715247e-06
Venezuela,2013,0.21451837703502383,1.6221216718806646,1.340321534469978,0.6864511087232588,1.2451962515212585,0.5424997977756926,Hot,1.608487905254676e-06
Vietnam,2000,0.0708229395504304,0.32854003589378666,1.3737027427724242,1.0282700009768488,1.4534145977143782,1.2397883802091447,Hot,1.123664011643236e-06
Vietnam,2001,0.08592951813673093,0.39162717007478615,1.3719421793921422,0.9147992575949985,1.1069766075140983,2.233520592167108,Hot,5.834386963217125e-07
Vietnam,2002,0.10147019380884535,0.46814090772790545,1.395153817642698,0.9847416235225163,1.0451810695456916,2.4295122549570287,Hot,5.215822426118509e-07
Vietnam,2003,0.10920952471020139,0.5373326709542287,1.4477622312824312,1.0791442805509428,1.156753897727356,2.147233388474124,Hot,6.23093298290624e-07
Vietnam,2004,0.07640418779660034,0.641863254519171,1.5868699036323204,1.1489303506886783,1.2807661510508621,2.375426472016816,Hot,6.235831721050713e-07
Vietnam,2005,0.0943448002145678,0.7036524836978656,1.6742726093402522,1.0907883168897137,1.1692863736871877,1.9462879400811823,Hot,6.784848353051162e-07
Vietnam,2006,0.11109474634001855,0.7377918607929753,1.738324684951816,1.080316498974309,1.1098464906373735,1.5570492034027248,Hot,7.700126519043075e-07
Vietnam,2007,0.09465486956157725,0.7536979103729463,1.789311527057079,1.19097391814008,1.2221588279514861,1.1241675047041357,Hot,1.0425494120938469e-06
Vietnam,2008,0.056094645567481026,0.8688713149567887,1.7666095255744996,1.0062322946175637,1.2522044473393585,0.6594010303887631,Hot,1.4628734321352686e-06
Vietnam,2009,0.10681578935128822,0.9601095610843325,1.8342522238695333,1.3990036143401388,1.5947294057725785,0.6368523763066763,Hot,1.817111703324792e-06
Vietnam,2010,0.13418250991834285,1.0950111217032095,1.8432635285396588,1.2521637198397968,1.4569995029127354,0.7250446341415753,Hot,1.571361277020857e-06
Vietnam,2011,0.04929172409409345,1.21137501846158,1.8724286508524834,1.2080101592263357,1.4709277411424189,0.783643247266364,Hot,1.5155096774601252e-06
Vietnam,2012,0.12458276293493016,1.137295971571405,1.8514640474425503,1.3160886978607014,1.4232612352740959,1.469627290561204,Hot,9.803530442510929e-07
Vietnam,2013,0.16385924712061847,1.2014840872371184,1.8617262787249813,1.5013773566474553,1.5057924134198868,0.888930554480191,Hot,1.4341614206311352e-06
Yemen,2000,0.32787662960821173,-0.012522545504996943,-0.03247776130467015,-0.10573410178763307,-0.1484993106893351,0.7439173202839938,Hot,1.4028297614978158e-07
Yemen,2001,0.30054711736279816,-0.00033118955231230805,-0.04169755374351373,-0.09221451597147602,-0.1380335423711797,-0.24471419773685907,Hot,5.952721814838924e-07
Yemen,2002,0.304733053547426,-0.004690360146260475,-0.0411415863602669,-0.08987007912474357,-0.1456098379201673,0.6284750857237235,Hot,1.565044749216169e-07
Yemen,2003,0.3220411244974938,0.012334573056387261,0.005374351371386196,-0.07033310540197323,-0.11904627808971567,0.9127359427085807,Hot,1.4728827371074958e-07
Yemen,2004,0.3202799306064803,0.02576117652850692,-0.000532802075611598,-0.057438702744944795,-0.11119083008675765,0.9161338993546041,Hot,1.530496481620622e-07
Yemen,2005,0.31734667458377075,0.04087058096913223,0.05316438102297994,-0.05712611116538047,-0.08853540461189235,0.9161697351905954,Hot,1.7062881383714487e-07
Yemen,2006,0.30844148293765905,0.05974838545093246,0.1316484432913269,-0.04626355377552014,-0.0637447077347268,-0.346455210643808,Hot,1.233472378003901e-06
Yemen,2007,0.31854354226322706,0.05768963958520744,0.14654373610081542,-0.023835107941779794,-0.06839724863423438,-0.19169841300628931,Hot,7.229642558856895e-07
Yemen,2008,0.2810933665314248,0.06539650997820413,0.10523999258710154,-0.01852105108918629,-0.07350035138927317,-0.24405069836223878,Hot,8.191291461707412e-07
Yemen,2009,0.3209000693004992,0.08652103277433905,0.1254633061527057,-0.024616586890690663,-0.050203365011423196,-0.35758029158685856,Hot,1.3679977648929631e-06
Yemen,2010,0.31794820911696897,0.07686282934339433,0.14346275018532242,-0.015082543713978673,-0.056457359462656,-0.2147306225681462,Hot,8.072941201038156e-07
Yemen,2011,0.3168691677893762,0.04828206608574228,0.09062268346923645,-0.017348832665820026,-0.08124805633982156,-0.21487601357693234,Hot,7.28147596281395e-07
Yemen,2012,0.3285339766238722,0.028965659223852785,0.045681986656782754,-0.015082543713978673,-0.10249302731041506,-0.2633576670202176,Hot,7.623397397067062e-07
Yemen,2013,0.37949077311140644,0.08995824326320169,0.07811341734618235,0.007267754224870565,-0.0631570183579469,-0.15802205484878074,Hot,6.792537331201809e-07
Zambia,2000,-0.10950098989639043,-0.13826716255588825,-0.033219051148999285,0.38214320601738794,-0.023355755315527967,0.43196449098696843,Hot,3.274634484077954e-07
Zambia,2001,-0.09136813448327706,-0.13735415351978414,-0.02691808747220165,0.4012894402657028,0.01503505322261922,0.14443843235573733,Hot,5.198263133809568e-07
Zambia,2002,-0.054903979274964834,-0.13668282334617815,0.0006717939214232746,0.48350102569112036,0.10389858440321369,-0.04860620683630948,Hot,9.051276970280294e-07
Zambia,2003,-0.064999837213593,-0.13567135255127846,0.023721275018532228,0.5595389274201426,0.09036703650285641,-0.03756343631274511,Hot,8.574726497168084e-07
Zambia,2004,-0.09392310590263522,-0.13540282048183608,0.021636397331356545,0.5562567158347173,0.07928909175055524,-0.00575374139520867,Hot,7.871620107944188e-07
Zambia,2005,-0.01612670673796193,-0.13415862189341965,0.03958951074870273,0.5959558464393865,0.14709375359653654,0.14094300524208334,Hot,7.356465923231239e-07
Zambia,2006,-0.0927200368362385,-0.1342660347211966,0.017767790956263886,0.49709875940216863,0.11085780610658234,-0.25831216390074324,Hot,1.5276377528182554e-06
Zambia,2007,-0.08868293393817538,-0.13366631309944194,0.02659377316530763,0.5293738399921852,0.16227572916335073,-0.161281119184244,Hot,1.3139047656790484e-06
Zambia,2008,-0.11120637130494249,-0.13138379050918159,0.029489436619718302,0.5323434599980462,0.28780128263206484,-0.030692874032723805,Hot,1.265880340738179e-06
Zambia,2009,-0.10120353417041734,-0.1279197268133747,0.017512972572275725,0.47638956725603204,0.23016364700437583,-0.07374558207989579,Hot,1.241485588044817e-06
Zambia,2010,-0.05675819397008162,-0.12629958332773894,0.04343495181616012,0.5583667089967763,0.2637598897102936,0.015263450010983066,Hot,1.1204374812679595e-06
Zambia,2011,-0.09366264765114708,-0.12399020753053436,0.0287713120830244,0.5394549184331348,0.27779587099238695,0.16187037207032315,Hot,9.198969833759454e-07
Zambia,2012,-0.09915707648015494,-0.1168472544833667,0.07074684951816157,0.6212757643840968,0.23183856172819856,0.9054844359513231,Hot,4.2229422090866853e-07
Zambia,2013,-0.1364956272470338,-0.11460948723801342,0.07987398072646405,0.6505812249682523,0.1952402057892301,0.645576242464337,Hot,4.774359997364092e-07
Zimbabwe,2000,-0.13999320948130053,-0.030576851640507188,-0.0687546330615271,0.07877307805021001,-0.026024844568403368,-0.39746204538548474,Hot,1.8299858297229693e-06
Zimbabwe,2001,-0.09946094444022398,-0.0422669477302327,-0.05592105263157898,0.115268144964345,-0.03367949870096158,0.5073825996444008,Hot,2.936361920121405e-07
Zimbabwe,2002,-0.0706306965552845,-0.04775395301583893,-0.08265381764269833,0.043059490084985844,-0.06722676729214772,0.6024095901627506,Hot,2.369935693686694e-07
Zimbabwe,2003,-0.08475745600503566,-0.05926502772593619,-0.0909238324684952,0.03844876428641203,-0.0425438134673918,0.3208175168129823,Hot,3.432639530752386e-07
Zimbabwe,2004,-0.1264555817908676,-0.06983624019298507,-0.08550315048183842,0.06087721012015238,-0.04359185952264928,0.6498200407001594,Hot,2.5015684828141305e-07
Zimbabwe,2005,-0.03871835936107101,-0.05847733365557183,-0.08478502594514456,0.0493894695711634,-0.02778301528726992,0.7816669723017464,Hot,2.393510404176493e-07
Zimbabwe,2006,-0.10503599129945432,-0.061458039626382396,-0.09161879169755378,0.03680765849369933,-0.06865681144231216,0.7827206647352203,Hot,2.043281108050275e-07
Zimbabwe,2007,-0.10611503262704709,-0.06620210618653134,-0.08517883617494444,0.05173390641789586,-0.035623771055808454,0.6600288945871992,Hot,2.5555634132686335e-07
Zimbabwe,2008,-0.11048080903294007,-0.08513361708222007,-0.085549481097109,0.058063885904073485,-0.10366350865250172,2.0712062302886545,Hot,8.956599266745855e-08
Zimbabwe,2009,-0.12300761065212243,-0.08038955052207111,-0.07262323943661976,0.08979193122985249,-0.11548585994872408,2.723898176870651,Hot,6.770230619050167e-08
Zimbabwe,2010,-0.07768787489322009,-0.07587821175543892,-0.05999814677538921,0.11769072970596856,-0.07437209063149672,-0.036338399155664405,Hot,5.020816550765334e-07
Zimbabwe,2011,-0.1062514631397313,-0.06147594176434523,-0.05154280948851004,0.13160105499658104,-0.09652798013609906,-0.3236509195615599,Hot,9.717191289647897e-07
Zimbabwe,2012,-0.11228541263253554,-0.05347368609496191,-0.057588954781319514,0.09416821334375305,-0.13788172261551154,0.07989224676884293,Hot,3.0101230552819573e-07
Zimbabwe,2013,-0.17260630339975538,-0.04976794353665689,-0.06317179392142329,0.07486568330565596,-0.17293739394043275,0.09220882637677631,Hot,2.3471915616048242e-07
