Country,Year,Avg_Temp,co2,methane,nitrous_oxide,total_ghg,Food_Production_Tonnes,Temp_Category,Carbon_Intensity_Index
Afghanistan,2000,15.497833333333334,1.047,9.724,3.222,16.009,81037858.38000001,Moderate,1.9754964065537733e-07
Afghanistan,2001,15.778083333333333,1.069,8.387,2.853,14.895,81277591.79999998,Moderate,1.8326084086486383e-07
Afghanistan,2002,15.537666666666668,1.341,10.375,3.299,20.037,89977626.42999999,Moderate,2.2268869020344207e-07
Afghanistan,2003,14.915999999999999,1.56,10.687,3.434,20.769,92282282.32899998,Moderate,2.2505945075021e-07
Afghanistan,2004,15.770916666666666,1.237,10.651,3.412,18.934,98797893.56,Moderate,1.9164376006516388e-07
Afghanistan,2005,14.979999999999999,1.89,10.901,3.561,19.199,104166738.84,Moderate,1.8431027052867012e-07
Afghanistan,2006,15.595583333333332,2.159,11.122,3.418,19.426,110571940.43,Moderate,1.7568652362225234e-07
Afghanistan,2007,15.106166666666667,2.8,11.452,3.366,20.244,106381643.85000001,Moderate,1.902959860090939e-07
Afghanistan,2008,15.216499999999998,4.254,12.664,3.665,23.057,111217696.24999999,Moderate,2.073141286873749e-07
Afghanistan,2009,15.25775,6.388,13.006,3.968,25.67,112512136.82,Moderate,2.2815316193767087e-07
Afghanistan,2010,15.828666666666665,8.365,14.88,4.388,29.565,121228560.35000001,Moderate,2.438781725260489e-07
Afghanistan,2011,15.518,11.41,15.341,4.523,32.977,117650606.62,Moderate,2.802960449342726e-07
Afghanistan,2012,14.481583333333333,9.731,15.133,4.545,30.964,123491786.76,Moderate,2.5073732076967703e-07
Afghanistan,2013,16.533625,8.891,15.176,4.559,30.17,131912586.69,Moderate,2.2871206249778634e-07
Africa,2000,24.588083333333334,927.86,1144.002,332.845,3546.103,262333041.37,Hot,1.3517561371466513e-05
Africa,2001,24.841166666666666,917.322,1126.9,325.154,3454.855,263690079.17000002,Hot,1.3101952859859831e-05
Africa,2002,24.961333333333332,896.956,1094.189,338.207,3595.661,278396047.77,Hot,1.2915632301127217e-05
Africa,2003,25.025583333333334,988.111,1156.926,351.472,3807.845,287296493.88,Hot,1.3254060066380159e-05
Africa,2004,24.895916666666665,1043.504,1165.298,355.221,3834.66,299213095.33,Hot,1.2815816042258994e-05
Africa,2005,25.156166666666667,1055.713,1187.496,373.502,3831.348,310422080.09999996,Hot,1.2342382302262069e-05
Africa,2006,24.818916666666667,1084.853,1166.233,365.623,3875.206,323389554.73,Hot,1.1983089531918694e-05
Africa,2007,24.8515,1113.892,1167.5,381.133,3947.366,306842160.90999997,Hot,1.2864483731403913e-05
Africa,2008,24.754666666666665,1166.199,1193.499,390.418,4309.603,329743162.86,Hot,1.3069574967230375e-05
Africa,2009,25.026500000000002,1160.896,1176.871,386.331,4488.401,337896255.92,Hot,1.3283369993242243e-05
Africa,2010,25.4725,1216.281,1222.721,405.307,4745.26,355366669.65000004,Hot,1.3353137454675928e-05
Africa,2011,24.7865,1264.906,1228.808,415.312,4989.64,363242167.60999995,Hot,1.3736400757361399e-05
Africa,2012,24.725916666666667,1263.516,1274.511,417.564,4880.732,384086504.52,Hot,1.2707376931642429e-05
Africa,2013,25.208750000000002,1280.567,1265.35,421.158,4846.195,403887648.78999996,Hot,1.199886899864297e-05
Albania,2000,13.746583333333334,3.025,3.531,1.197,7.124,864374644.53,Moderate,8.24179658304513e-09
Albania,2001,13.690416666666666,3.221,3.473,1.163,7.202,901612512.2400001,Moderate,7.987910431854111e-09
Albania,2002,13.559916666666666,3.748,3.432,1.302,7.704,945785345.73,Moderate,8.145611503324881e-09
Albania,2003,13.626583333333334,4.303,3.449,1.315,8.847,651272517.5,Moderate,1.3584175208830035e-08
Albania,2004,13.258166666666666,4.177,3.378,1.26,7.716,673270650.12,Moderate,1.1460472823468944e-08
Albania,2005,12.747083333333334,4.261,3.362,1.273,10.937,666451701.52,Moderate,1.6410791597717892e-08
Albania,2006,12.976916666666666,3.911,3.329,1.236,8.405,724721568.4100001,Moderate,1.1597557399654267e-08
Albania,2007,13.890500000000001,4.004,3.206,1.214,11.476,800507223.49,Moderate,1.4335910593825452e-08
Albania,2008,13.955166666666665,4.448,3.031,1.149,10.527,897696322.87,Moderate,1.1726682754606521e-08
Albania,2009,13.84425,4.37,2.924,1.136,9.234,951155679.2,Moderate,9.70818993380596e-09
Albania,2010,13.775416666666667,4.817,2.956,1.129,9.359,954451835.4599999,Moderate,9.805628364351968e-09
Albania,2011,13.44325,5.175,2.91,1.172,9.83,974793787.9699999,Moderate,1.0084184071778618e-08
Albania,2012,13.768250000000002,4.93,2.975,1.168,9.602,974770594.97,Moderate,9.850522820135945e-09
Albania,2013,14.993875000000001,5.346,3.006,1.145,9.96,1044833177.02,Moderate,9.532622249682569e-09
Algeria,2000,24.03225,84.552,65.86,4.823,156.96,52034333.809999995,Hot,3.016469809273613e-06
Algeria,2001,24.72441666666667,86.019,57.163,5.112,150.513,49259573.86,Hot,3.0555074912394405e-06
Algeria,2002,24.263,89.658,52.896,4.904,150.197,57711591.730000004,Hot,2.6025447036730915e-06
Algeria,2003,24.393666666666665,94.078,59.672,5.168,162.177,58329806.99,Hot,2.7803451715082523e-06
Algeria,2004,23.916,90.853,57.54,5.831,155.878,64005115.84,Hot,2.435399038324761e-06
Algeria,2005,24.222583333333333,109.564,57.848,5.285,173.606,63023797.74,Hot,2.754610218216116e-06
Algeria,2006,24.200833333333335,103.798,62.265,5.263,171.777,67285538.4,Hot,2.5529556801026398e-06
Algeria,2007,24.06533333333333,107.549,57.808,6.208,171.844,69816650.19,Hot,2.461361252236825e-06
Algeria,2008,23.95025,108.596,61.145,5.973,176.144,71776720.1,Hot,2.454054703259495e-06
Algeria,2009,24.154333333333337,116.328,54.668,6.575,177.874,75709190.01000002,Hot,2.349437335507991e-06
Algeria,2010,25.215666666666667,117.847,59.699,6.877,184.522,84487160.06,Hot,2.1840241485799072e-06
Algeria,2011,24.144166666666667,124.715,59.952,7.049,191.634,93381870.95,Hot,2.052154192224886e-06
Algeria,2012,23.95483333333333,135.593,60.493,7.572,203.436,96117038.96000001,Hot,2.116544580281101e-06
Algeria,2013,25.1215,141.534,59.81,7.665,209.305,105519319.57000001,Hot,1.9835703913687547e-06
Angola,2000,22.360666666666663,15.995,57.569,13.94,116.786,186075102.0,Hot,6.276282969463142e-07
Angola,2001,22.502916666666668,15.908,56.044,14.767,126.604,179221333.42000002,Hot,7.064114348312305e-07
Angola,2002,22.9255,16.08,55.955,15.524,137.304,176405784.42000002,Hot,7.78341819533279e-07
Angola,2003,23.06658333333333,17.484,56.964,17.692,141.321,171588839.29,Hot,8.236025126176928e-07
Angola,2004,22.572833333333335,17.016,61.914,17.648,144.092,172766105.86,Hot,8.34029327967459e-07
Angola,2005,22.966083333333334,15.387,61.376,17.429,144.177,176958802.88,Hot,8.147489519525113e-07
Angola,2006,21.947083333333335,17.145,51.594,16.136,140.936,156082658.66,Hot,9.029574477203652e-07
Angola,2007,22.427083333333332,17.588,50.227,17.203,161.5,149191289.95999998,Hot,1.0825028656887226e-06
Angola,2008,22.287333333333333,18.75,50.37,16.284,194.451,151683034.35,Hot,1.2819561498839691e-06
Angola,2009,22.3165,20.668,49.446,16.291,209.619,300029022.22999996,Hot,6.986624085340826e-07
Angola,2010,22.6815,22.983,55.308,17.093,226.011,294108223.34,Hot,7.684620194052205e-07
Angola,2011,22.029666666666667,23.397,53.697,17.612,207.032,290832821.06,Hot,7.118591310759569e-07
Angola,2012,22.123333333333335,25.941,53.475,16.852,202.332,305820656.83,Hot,6.616034424740287e-07
Angola,2013,22.507875,25.71,54.453,17.45,205.22,331805527.39,Hot,6.184948183225779e-07
Antigua And Barbuda,2000,26.892083333333332,0.355,0.079,0.015,0.417,878992058.59,Hot,4.744070159115053e-10
Antigua And Barbuda,2001,27.253833333333333,0.374,0.079,0.015,0.437,787225802.77,Hot,5.551139176424611e-10
Antigua And Barbuda,2002,27.36175,0.403,0.079,0.016,0.47,776704493.0,Hot,6.051207423553287e-10
Antigua And Barbuda,2003,27.513833333333334,0.432,0.079,0.016,0.501,884624306.0,Hot,5.663421138619018e-10
Antigua And Barbuda,2004,27.15116666666667,0.451,0.08,0.017,0.52,931455289.0,Hot,5.582661943978009e-10
Antigua And Barbuda,2005,27.598166666666668,0.48,0.079,0.017,0.551,921864649.12,Hot,5.977016256434997e-10
Antigua And Barbuda,2006,27.466416666666664,0.517,0.08,0.018,0.591,925017183.0,Hot,6.389070497527103e-10
Antigua And Barbuda,2007,27.509083333333336,0.535,0.08,0.018,0.613,906402051.85,Hot,6.763003217750269e-10
Antigua And Barbuda,2008,26.965416666666666,0.539,0.081,0.018,0.622,892450827.0,Hot,6.969571661375611e-10
Antigua And Barbuda,2009,27.277333333333335,0.557,0.077,0.019,0.634,868621778.22,Hot,7.298918990602742e-10
Antigua And Barbuda,2010,27.735416666666666,0.55,0.059,0.014,0.603,972187683.64,Hot,6.20250605440749e-10
Antigua And Barbuda,2011,27.296166666666668,0.546,0.058,0.013,0.597,962680341.58,Hot,6.201435446370803e-10
Antigua And Barbuda,2012,27.4335,0.557,0.058,0.013,0.611,883766147.1800001,Hot,6.913593615893458e-10
Antigua And Barbuda,2013,27.249625,0.557,0.058,0.014,0.619,929359336.77,Hot,6.66050229274386e-10
Argentina,2000,14.7505,143.355,113.917,37.133,329.932,1110050010.26,Moderate,2.9722264461355167e-07
Argentina,2001,15.370416666666666,135.004,113.092,36.622,319.058,1032965578.0,Moderate,3.0887573263464957e-07
Argentina,2002,15.183750000000002,124.93,116.586,37.231,394.168,1041956906.99,Moderate,3.7829587478850224e-07
Argentina,2003,15.518333333333333,134.421,123.989,41.076,455.75,1136323612.0,Moderate,4.0107412605532117e-07
Argentina,2004,15.442166666666667,157.235,125.187,41.377,507.462,1204097417.03,Moderate,4.214459664154488e-07
Argentina,2005,15.112833333333334,161.728,123.062,41.007,518.319,1206439592.2,Moderate,4.2962698084633776e-07
Argentina,2006,15.561083333333334,174.342,125.455,42.329,529.459,1242385253.09,Moderate,4.2616330019773826e-07
Argentina,2007,14.628083333333334,173.764,122.57,44.551,436.537,1233801692.45,Moderate,3.538145573291764e-07
Argentina,2008,15.476,187.596,120.002,43.278,404.48,1246509822.19,Moderate,3.2449002204000033e-07
Argentina,2009,15.534416666666667,178.378,114.282,38.016,540.889,1233207380.8,Moderate,4.3860344008849007e-07
Argentina,2010,15.078833333333334,186.121,105.478,39.065,479.33,1348934544.0,Moderate,3.553397025650344e-07
Argentina,2011,15.339666666666666,189.884,104.441,40.154,479.874,1398663941.0,Moderate,3.430945673152987e-07
Argentina,2012,15.689,191.715,107.532,39.688,430.562,1326042021.0,Moderate,3.2469710073788296e-07
Argentina,2013,14.457125,189.525,109.297,41.103,403.474,1409157155.0,Moderate,2.86322925929207e-07
Armenia,2000,9.918166666666668,3.491,1.482,0.488,6.047,982833368.88,Cold,6.1526197474738915e-09
Armenia,2001,10.443416666666668,3.533,1.528,0.494,6.896,992649011.62,Moderate,6.947067807783017e-09
Armenia,2002,9.604999999999999,3.077,1.558,0.572,6.927,1027609802.22,Cold,6.740885478412476e-09
Armenia,2003,9.423083333333333,3.456,1.596,0.56,7.586,996630330.99,Cold,7.611648729226231e-09
Armenia,2004,9.720166666666666,3.691,1.639,0.608,9.073,1028235599.93,Cold,8.823853202314545e-09
Armenia,2005,9.735416666666667,4.376,1.657,0.596,11.676,1051906210.0300001,Cold,1.1099848900566101e-08
Armenia,2006,10.0535,4.402,1.696,0.878,9.912,1068193580.7699999,Moderate,9.279216959510081e-09
Armenia,2007,9.53525,5.1,1.584,0.769,9.661,1098403278.83,Cold,8.795494494057989e-09
Armenia,2008,9.706750000000001,5.575,1.608,0.749,9.818,1107484491.48,Cold,8.865135418749263e-09
Armenia,2009,9.842083333333333,4.364,1.529,0.788,8.521,1159959107.8400002,Cold,7.345948607206766e-09
Armenia,2010,11.509500000000001,4.256,1.523,0.741,8.032,1170069195.1100001,Moderate,6.864551281841368e-09
Armenia,2011,9.136000000000001,4.969,1.519,0.775,8.712,1193653589.0799997,Cold,7.298599922458335e-09
Armenia,2012,10.35075,5.748,1.57,0.932,9.617,1233608642.79,Moderate,7.795827346389058e-09
Armenia,2013,11.34375,5.535,1.662,0.999,9.309,1242757251.3799999,Moderate,7.490602032031894e-09
Asia,2000,8.252583333333332,9330.988,3124.517,914.204,15223.786,1087002636.06,Cold,1.400528893027854e-05
Asia,2001,8.450916666666666,9518.094,3126.75,914.775,15091.465,1106858466.2,Cold,1.363450291723079e-05
Asia,2002,8.645333333333333,10033.99,3118.312,928.619,15833.838,1146930221.2,Cold,1.3805406548297337e-05
Asia,2003,8.534,11036.212,3244.389,947.199,16659.463,1114703004.5,Cold,1.494520326741866e-05
Asia,2004,8.488833333333334,11688.357,3336.776,986.009,17570.074,1161813080.56,Cold,1.5122978281849052e-05
Asia,2005,8.666666666666666,12547.688,3450.765,1014.694,18444.852,1199675832.35,Cold,1.5374863348288187e-05
Asia,2006,8.406916666666667,13390.617,3565.383,1049.227,20054.037,1229805725.19,Cold,1.6306670698410566e-05
Asia,2007,9.100666666666667,14118.133,3605.32,1075.899,20395.619,1268543341.89,Cold,1.6077983550435593e-05
Asia,2008,8.764999999999999,14843.06,3658.641,1083.122,21354.332,1294939046.83,Cold,1.6490607828827634e-05
Asia,2009,8.442333333333334,15377.568,3695.425,1085.741,22301.697,1341047667.75,Cold,1.6630055381094372e-05
Asia,2010,8.575583333333334,16536.467,3792.538,1104.769,23224.924,1369111573.68,Cold,1.6963499856049584e-05
Asia,2011,8.574,17768.818,3966.571,1125.328,24820.846,1407228004.0,Cold,1.7638112595691274e-05
Asia,2012,8.429333333333334,18438.48,3993.183,1141.599,25514.309,1462378348.0,Cold,1.7447132622995364e-05
Asia,2013,10.047375,18685.477,3997.845,1151.409,25780.629,1490259393.5,Moderate,1.729942390911732e-05
Australia,2000,21.709666666666667,349.898,185.127,93.781,771.373,23631959.0,Hot,3.2641092825140195e-05
Australia,2001,21.79275,357.668,197.299,103.915,736.087,22310669.0,Hot,3.2992599505079855e-05
Australia,2002,22.46083333333333,362.425,190.631,97.392,700.182,20886414.0,Hot,3.3523321259297014e-05
Australia,2003,22.44033333333333,370.784,147.337,60.966,734.551,21165578.93,Hot,3.470497866958281e-05
Australia,2004,22.286916666666666,382.005,168.446,82.404,761.87,24423595.35,Hot,3.119401373500017e-05
Australia,2005,22.896833333333333,385.082,148.877,61.452,637.517,23419056.66,Hot,2.722214570951272e-05
Australia,2006,22.264416666666666,391.373,167.974,79.327,662.826,25906782.25,Hot,2.5585036691114478e-05
Australia,2007,22.48675,398.896,165.577,75.065,697.449,24207700.240000002,Hot,2.881103798685182e-05
Australia,2008,22.225916666666667,404.279,147.579,60.32,797.295,25844738.25,Hot,3.084941164573753e-05
Australia,2009,22.690583333333333,406.977,151.71,64.432,709.313,26842737.679999996,Hot,2.6424762706068265e-05
Australia,2010,22.078166666666664,405.026,141.697,53.296,908.156,26918756.51,Hot,3.373692116594277e-05
Australia,2011,21.767,403.874,193.829,102.145,868.66,28229597.8,Hot,3.0771248509560824e-05
Australia,2012,22.0245,405.005,194.517,102.902,796.274,28386135.36,Hot,2.8051510424013195e-05
Australia,2013,22.142875,397.85,153.629,63.836,693.835,29494611.04,Hot,2.352412701882754e-05
Austria,2000,8.084916666666667,66.204,11.488,4.508,79.593,4850616.399999999,Cold,1.6408839006762316e-05
Austria,2001,7.188916666666667,70.191,11.377,4.535,83.539,4813667.399999999,Cold,1.7354539834941685e-05
Austria,2002,7.91525,71.988,11.331,4.595,85.26,4979500.39,Cold,1.712219624463244e-05
Austria,2003,7.509333333333334,77.412,11.906,4.424,92.458,4770449.21,Cold,1.9381399224372158e-05
Austria,2004,6.906083333333334,77.716,10.705,3.94,91.037,5216179.4799999995,Cold,1.745280868809202e-05
Austria,2005,6.6095,79.095,10.519,3.919,92.129,5156663.19,Cold,1.786600728794015e-05
Austria,2006,7.277583333333333,76.796,10.357,3.909,90.179,5343146.149999999,Cold,1.687750635877584e-05
Austria,2007,7.976500000000001,74.092,10.067,3.851,87.998,6136479.02,Cold,1.4340142836479081e-05
Austria,2008,7.801916666666667,73.466,9.921,4.091,88.091,7521783.720000001,Cold,1.1711449247646108e-05
Austria,2009,7.616,67.302,9.77,3.703,80.774,8652059.840000002,Cold,9.335810449525224e-06
Austria,2010,6.6490833333333335,72.0,9.876,3.799,85.611,10187627.639999999,Cold,8.403427630239967e-06
Austria,2011,7.855583333333333,69.892,9.65,3.961,83.299,13505495.59,Cold,6.16778505291526e-06
Austria,2012,7.611333333333334,67.26,9.423,3.775,80.307,15752481.62,Cold,5.09805355366899e-06
Austria,2013,8.055125,67.759,9.544,3.823,81.276,16208020.61,Cold,5.0145540248943434e-06
Azerbaijan,2000,12.632,29.765,7.2,2.041,41.017,25590576.66,Moderate,1.6028164953897334e-06
Azerbaijan,2001,13.09725,28.415,7.445,2.154,39.851,28124996.11,Moderate,1.4169245900413178e-06
Azerbaijan,2002,12.432250000000002,28.57,7.346,2.26,39.97,29152001.71,Moderate,1.3710893346716486e-06
Azerbaijan,2003,11.98475,30.488,7.598,2.337,41.913,26959445.29,Moderate,1.5546684286148222e-06
Azerbaijan,2004,12.6195,32.253,7.715,2.479,44.232,30528752.0,Moderate,1.4488636335719314e-06
Azerbaijan,2005,12.68725,34.194,8.681,2.563,47.177,35624717.54,Moderate,1.3242771292923737e-06
Azerbaijan,2006,12.71225,34.522,9.518,2.663,48.468,35117517.0,Moderate,1.3801658761874914e-06
Azerbaijan,2007,12.514833333333334,30.037,12.742,2.695,47.2,36994706.489999995,Moderate,1.2758581754635739e-06
Azerbaijan,2008,12.365499999999999,33.037,13.584,2.904,51.361,41735879.49,Moderate,1.2306197784016127e-06
Azerbaijan,2009,12.611666666666666,29.103,12.131,2.916,45.978,46042289.67,Moderate,9.986036604811696e-07
Azerbaijan,2010,13.962666666666665,27.549,12.386,2.895,44.614,53722333.93,Moderate,8.304553414912414e-07
Azerbaijan,2011,11.808666666666667,30.21,11.983,2.997,47.194,51158419.62,Moderate,9.22506977894268e-07
Azerbaijan,2012,13.08675,32.77,12.088,3.095,50.62,52823329.35,Moderate,9.582886891946979e-07
Azerbaijan,2013,14.173874999999999,33.559,12.241,3.141,51.03,54255340.24,Moderate,9.405525582129764e-07
Bahamas,2000,25.44916666666667,2.026,0.25,0.04,2.312,3928760.9699999997,Hot,5.88480548746505e-07
Bahamas,2001,25.58066666666667,1.946,0.253,0.041,2.223,3630700.23,Hot,6.122784165305719e-07
Bahamas,2002,26.116249999999997,2.034,0.259,0.045,2.313,3696025.87,Hot,6.258071386802445e-07
Bahamas,2003,26.180333333333337,2.07,0.258,0.037,2.337,3686060.5999999996,Hot,6.34010023055502e-07
Bahamas,2004,25.84975,2.048,0.276,0.054,2.345,4078107.0700000003,Hot,5.750215442426958e-07
Bahamas,2005,25.801666666666666,1.905,0.274,0.046,2.199,4231877.029999999,Hot,5.196274524953642e-07
Bahamas,2006,25.71575,1.854,0.278,0.047,2.151,4155970.94,Hot,5.175684607726201e-07
Bahamas,2007,26.034750000000003,1.872,0.287,0.051,2.2,3888479.81,Hot,5.657736549302914e-07
Bahamas,2008,25.89975,1.92,0.301,0.061,2.267,4008729.92,Hot,5.65515632064424e-07
Bahamas,2009,25.769166666666667,2.154,0.289,0.05,2.551,4315492.71,Hot,5.911258760703883e-07
Bahamas,2010,25.229166666666668,2.231,0.29,0.047,2.649,4334235.109999999,Hot,6.111803632220674e-07
Bahamas,2011,26.003249999999998,2.11,0.309,0.053,2.501,4214025.88,Hot,5.934940785190245e-07
Bahamas,2012,25.81641666666667,2.048,0.307,0.045,2.413,3955321.14,Hot,6.100640894953754e-07
Bahamas,2013,26.01166666666667,1.993,0.317,0.056,2.373,4117997.25,Hot,5.762508519764428e-07
Bangladesh,2000,25.150166666666667,26.539,73.923,20.198,124.543,13628295.959999999,Hot,9.138559305358724e-06
Bangladesh,2001,25.337,31.064,74.105,20.726,128.719,12594434.63,Hot,1.0220307108751326e-05
Bangladesh,2002,25.380333333333336,32.007,75.264,21.284,130.745,12691552.67,Hot,1.0301733215615044e-05
Bangladesh,2003,25.280833333333334,33.496,76.025,20.888,132.481,11956821.75,Hot,1.107995014812777e-05
Bangladesh,2004,25.386333333333337,35.978,75.405,21.091,134.663,12386629.98,Hot,1.0871640579059215e-05
Bangladesh,2005,25.532,37.717,76.956,21.854,137.185,12566900.0,Hot,1.091637468935261e-05
Bangladesh,2006,25.765666666666664,41.726,78.065,22.878,143.213,13469461.67,Hot,1.0632421166953647e-05
Bangladesh,2007,25.34375,42.675,78.855,23.005,147.178,14599489.46,Hot,1.0081036759689762e-05
Bangladesh,2008,25.389499999999998,45.341,81.754,25.076,155.325,15168012.61,Hot,1.0240299355849535e-05
Bangladesh,2009,25.904916666666665,49.188,82.806,24.721,158.02,14454300.62,Hot,1.0932385676894434e-05
Bangladesh,2010,25.94033333333333,54.036,84.043,25.383,164.582,15060133.49,Hot,1.0928322061750725e-05
Bangladesh,2011,25.205083333333334,55.593,84.741,26.488,167.877,14951432.48,Hot,1.1228154158232593e-05
Bangladesh,2012,25.533583333333336,59.704,85.275,25.997,172.465,14075552.13,Hot,1.2252804448048003e-05
Bangladesh,2013,25.9675,64.763,85.88,26.149,176.806,14955303.89,Hot,1.182229324647356e-05
Barbados,2000,26.902083333333337,1.309,0.219,0.052,1.588,322699077.50000006,Hot,4.920993290038167e-09
Barbados,2001,27.221833333333336,1.307,0.208,0.048,1.557,337019311.31,Hot,4.619913290214736e-09
Barbados,2002,27.26608333333333,1.317,0.196,0.04,1.553,351418214.41,Hot,4.419235918627932e-09
Barbados,2003,27.440083333333334,1.358,0.195,0.04,1.582,340484108.53,Hot,4.646325498666511e-09
Barbados,2004,27.22541666666667,1.387,0.195,0.054,1.636,333230077.90999997,Hot,4.9095207892138e-09
Barbados,2005,27.67716666666667,1.429,0.193,0.045,1.665,350547382.04,Hot,4.749714533769637e-09
Barbados,2006,27.50225,1.471,0.179,0.045,1.688,370662789.71,Hot,4.554004454471022e-09
Barbados,2007,27.366416666666666,1.469,0.174,0.045,1.673,402491492.0,Hot,4.15660959075227e-09
Barbados,2008,27.003833333333333,1.733,0.19,0.049,2.007,422461183.8,Hot,4.750732309170951e-09
Barbados,2009,27.320333333333334,1.7,0.174,0.044,1.919,430053030.83000004,Hot,4.462240370295961e-09
Barbados,2010,27.84466666666667,1.567,0.171,0.045,1.771,484118273.96999997,Hot,3.6581969563320985e-09
Barbados,2011,27.39525,1.626,0.174,0.043,1.823,557291397.0699999,Hot,3.27117914669664e-09
Barbados,2012,27.346666666666668,1.554,0.169,0.045,1.738,649920867.37,Hot,2.674171710102031e-09
Barbados,2013,27.251125000000002,1.54,0.165,0.047,1.714,696122690.2,Hot,2.4622096387137564e-09
Belarus,2000,7.909833333333334,55.014,16.446,14.405,88.358,11103954.04,Cold,7.957344899335976e-06
Belarus,2001,7.09225,54.105,16.249,14.366,87.376,12164538.389999999,Cold,7.1828449231566025e-06
Belarus,2002,7.7019166666666665,53.944,16.029,14.05,86.952,12971029.0,Cold,6.703553996868406e-06
Belarus,2003,6.724916666666666,55.236,16.022,14.288,88.974,14168982.0,Cold,6.279490913356308e-06
Belarus,2004,6.905833333333334,58.373,16.42,14.49,94.18,14690818.0,Cold,6.410806640528347e-06
Belarus,2005,6.968083333333333,59.396,15.738,14.868,95.442,14436375.15,Cold,6.611215931776618e-06
Belarus,2006,6.992083333333333,61.809,15.995,15.389,97.951,15584171.63,Cold,6.285287151622113e-06
Belarus,2007,7.928166666666667,60.276,15.837,15.288,97.469,15663316.11,Cold,6.222755966408446e-06
Belarus,2008,8.13075,62.931,16.773,15.822,102.151,16184527.6,Cold,6.311645060826795e-06
Belarus,2009,7.196416666666667,60.628,17.212,15.855,100.278,16958485.08,Cold,5.913145756463658e-06
Belarus,2010,7.037250000000001,62.515,17.564,15.778,102.54,17135269.14,Cold,5.984148435491196e-06
Belarus,2011,7.5885,61.353,17.467,16.319,101.044,19322288.58,Cold,5.229400976610351e-06
Belarus,2012,6.835166666666666,62.592,17.746,16.198,103.409,21342359.18,Cold,4.8452466891129e-06
Belarus,2013,8.2665,64.152,18.061,15.975,107.009,21678066.22,Cold,4.936279554538626e-06
Belgium,2000,11.03425,126.776,14.84,9.713,152.466,18542419.23,Moderate,8.222551215473128e-06
Belgium,2001,10.543333333333333,126.085,14.311,9.528,150.412,18942735.75,Moderate,7.940352124673854e-06
Belgium,2002,11.03575,126.883,13.905,9.539,151.02,20153118.36,Moderate,7.493629016049256e-06
Belgium,2003,10.870249999999999,128.292,13.253,8.693,151.658,19703645.34,Moderate,7.696950979683488e-06
Belgium,2004,10.452583333333333,128.812,13.351,8.668,153.557,16207570.3,Moderate,9.47439916553074e-06
Belgium,2005,10.727833333333331,125.658,13.091,8.75,148.796,18667517.380000003,Moderate,7.970850595728728e-06
Belgium,2006,11.09525,123.9,12.895,8.696,146.462,19306684.27,Moderate,7.586076944424132e-06
Belgium,2007,11.1455,120.493,12.865,9.017,143.205,19470466.93,Moderate,7.354985022180719e-06
Belgium,2008,10.504916666666665,120.204,12.88,8.901,142.555,20274171.189999998,Moderate,7.031359833784662e-06
Belgium,2009,10.6285,107.807,12.889,8.455,129.971,20882567.0,Moderate,6.223899282885132e-06
Belgium,2010,9.361749999999999,114.563,12.768,9.555,137.439,17773503.0,Cold,7.732802715772872e-06
Belgium,2011,11.305333333333332,105.159,12.695,9.496,127.768,18422447.0,Moderate,6.935451792291665e-06
Belgium,2012,10.351833333333333,102.486,12.361,9.337,125.317,17481129.009999998,Moderate,7.1687013327120725e-06
Belgium,2013,10.060125,102.816,12.446,9.389,125.772,21971471.83,Moderate,5.724331772072652e-06
Belize,2000,25.285,0.396,0.282,0.085,6.232,4918472.48,Hot,1.2670597951460336e-06
Belize,2001,25.52391666666667,0.447,0.297,0.084,7.11,5528382.0600000005,Hot,1.286090331084981e-06
Belize,2002,25.787333333333333,0.432,0.305,0.147,7.283,6508927.0,Hot,1.1189246524158818e-06
Belize,2003,25.865333333333336,0.432,0.321,0.215,6.071,7623887.0,Hot,7.963128524448417e-07
Belize,2004,25.744083333333336,0.392,0.314,0.084,5.03,8007073.0,Hot,6.281945189965773e-07
Belize,2005,25.919,0.418,0.324,0.105,4.703,8882766.499999998,Hot,5.294521105049751e-07
Belize,2006,25.7085,0.443,0.385,0.093,5.397,8217965.16,Hot,6.567318354593955e-07
Belize,2007,25.85875,0.473,0.418,0.108,5.407,7770763.66,Hot,6.958131196319102e-07
Belize,2008,25.524666666666665,0.432,0.435,0.099,5.477,9048501.83,Hot,6.052935057765794e-07
Belize,2009,25.907750000000004,0.513,0.449,0.123,6.829,10663325.189999998,Hot,6.404193099151552e-07
Belize,2010,25.502333333333336,0.539,0.45,0.111,6.903,9885813.650000002,Hot,6.982732576318329e-07
Belize,2011,25.84275,0.572,0.487,0.167,6.88,11976575.95,Hot,5.744546232803189e-07
Belize,2012,25.734416666666664,0.473,0.455,0.134,6.192,10455874.879999999,Hot,5.922028982616424e-07
Belize,2013,26.213333333333335,0.473,0.479,0.203,6.302,12372730.17,Hot,5.09345908628515e-07
Benin,2000,27.637666666666664,1.473,4.477,2.308,28.571,13275298.209999999,Hot,2.152192545572011e-06
Benin,2001,27.675833333333333,1.689,4.009,1.876,29.252,13526531.529999997,Hot,2.1625645696798544e-06
Benin,2002,27.8195,2.11,4.321,2.186,30.527,13199587.28,Hot,2.3127236511046694e-06
Benin,2003,27.964583333333337,2.394,4.282,1.973,24.629,12944482.22,Hot,1.9026638283980874e-06
Benin,2004,27.872,2.594,4.306,1.908,24.335,12832450.04,Hot,1.8963641415147767e-06
Benin,2005,28.153333333333332,2.49,4.757,2.345,19.23,12976733.700000001,Hot,1.4818828036917484e-06
Benin,2006,28.144333333333336,3.351,4.686,2.114,20.712,13128665.03,Hot,1.5776164884285659e-06
Benin,2007,28.0705,3.931,4.828,2.194,32.751,12697122.0,Hot,2.5794032238641775e-06
Benin,2008,27.690916666666666,3.919,4.759,1.977,34.669,11963739.92,Hot,2.8978394159341257e-06
Benin,2009,28.15608333333333,4.225,4.904,2.086,22.641,12266219.51,Hot,1.845800830136878e-06
Benin,2010,28.32558333333333,4.679,5.296,2.111,27.193,12129731.160000002,Hot,2.2418466987815167e-06
Benin,2011,28.061166666666665,4.48,5.503,2.181,30.67,14081771.83,Hot,2.1779928117190056e-06
Benin,2012,27.751833333333334,4.403,5.628,2.233,37.231,13918442.580000002,Hot,2.6749398943929903e-06
Benin,2013,28.160625,4.566,6.057,2.367,29.419,14363173.3,Hot,2.0482241171437985e-06
Bhutan,2000,11.998416666666666,0.397,0.853,0.142,11.172,4896757.29,Moderate,2.2815093860799896e-06
Bhutan,2001,12.42575,0.464,0.832,0.14,8.821,5002259.54,Moderate,1.7634027515088208e-06
Bhutan,2002,12.180333333333332,0.494,0.833,0.135,11.46,5190885.390000001,Moderate,2.2077154341264632e-06
Bhutan,2003,12.232583333333332,0.494,0.842,0.138,11.373,4843220.44,Moderate,2.348230437301665e-06
Bhutan,2004,12.208083333333333,0.436,0.841,0.141,12.075,5476799.24,Moderate,2.204754504611985e-06
Bhutan,2005,12.445916666666667,0.546,0.925,0.148,9.998,5802459.89,Moderate,1.7230620230858636e-06
Bhutan,2006,12.854,0.411,0.99,0.164,10.664,5623595.57,Moderate,1.8962953453825011e-06
Bhutan,2007,12.6995,0.397,1.001,0.17,12.523,5403121.05,Moderate,2.3177340589594863e-06
Bhutan,2008,12.456333333333333,0.646,1.029,0.172,13.934,5861157.04,Moderate,2.3773458939182604e-06
Bhutan,2009,13.11475,0.683,0.985,0.166,13.099,5688064.39,Moderate,2.302891950403545e-06
Bhutan,2010,12.947249999999999,0.905,1.0,0.166,15.591,6228344.29,Moderate,2.5032330858458235e-06
Bhutan,2011,12.40025,1.007,1.02,0.171,13.356,6492831.64,Moderate,2.0570374658540407e-06
Bhutan,2012,12.27975,1.15,1.013,0.175,14.345,6523456.56,Moderate,2.198987249945411e-06
Bhutan,2013,13.331375,1.269,1.075,0.181,10.467,6922435.1,Moderate,1.5120399594587809e-06
Bolivia,2000,21.077166666666667,8.442,19.47,5.835,116.119,106993417.45,Hot,1.0852910551153626e-06
Bolivia,2001,21.234083333333334,8.752,18.241,6.035,114.616,112698368.88,Hot,1.0170155976705065e-06
Bolivia,2002,21.60575,10.415,19.599,6.912,126.874,117797817.34,Hot,1.0770488094593008e-06
Bolivia,2003,21.26275,10.983,19.742,6.379,239.582,117099150.34,Hot,2.0459755451546213e-06
Bolivia,2004,21.571,11.051,20.53,7.936,170.64,116887314.03,Hot,1.4598675652375448e-06
Bolivia,2005,21.371750000000002,12.337,21.164,7.994,142.932,103584841.47,Hot,1.379854393671503e-06
Bolivia,2006,21.470000000000002,12.369,20.578,7.741,127.692,80131479.87,Hot,1.5935310144481045e-06
Bolivia,2007,21.129333333333335,12.74,20.615,7.967,122.738,76760949.42,Hot,1.598964047845097e-06
Bolivia,2008,21.189,13.028,20.893,7.512,130.623,64772078.64,Hot,2.016655953089605e-06
Bolivia,2009,21.378333333333334,13.633,21.258,7.33,128.916,74538162.78999999,Hot,1.7295301285285392e-06
Bolivia,2010,21.446416666666668,14.809,23.1,10.339,131.919,72769959.0,Hot,1.812822214001492e-06
Bolivia,2011,21.55541666666667,16.051,22.753,8.25,127.57,65256577.10999999,Hot,1.9548987043874897e-06
Bolivia,2012,21.607166666666668,17.575,23.42,8.225,127.762,66012580.239999995,Hot,1.935418939845716e-06
Bolivia,2013,20.640875,17.778,23.963,8.075,129.91,66308008.37,Hot,1.959190167738254e-06
Bosnia And Herzegovina,2000,12.148083333333334,13.702,3.82,1.011,14.966,56415536.09,Moderate,2.652815300885049e-07
Bosnia And Herzegovina,2001,11.380666666666665,13.263,3.81,0.949,13.986,48923807.699999996,Moderate,2.858730824855016e-07
Bosnia And Herzegovina,2002,11.858333333333334,14.173,3.766,0.943,16.985,55751187.94,Moderate,3.0465717992632287e-07
Bosnia And Herzegovina,2003,11.495166666666668,14.358,4.167,0.911,17.142,52239217.75,Moderate,3.281442642171979e-07
Bosnia And Herzegovina,2004,10.998333333333333,15.462,4.248,1.093,17.814,51511559.49,Moderate,3.458252833062251e-07
Bosnia And Herzegovina,2005,10.302083333333334,16.046,4.371,1.116,18.575,34120953.82,Moderate,5.443868759825051e-07
Bosnia And Herzegovina,2006,11.07125,17.387,4.679,1.115,19.976,33550422.64,Moderate,5.954023178468574e-07
Bosnia And Herzegovina,2007,12.001750000000001,17.474,4.543,1.077,21.083,33426986.91,Moderate,6.307179114302673e-07
Bosnia And Herzegovina,2008,12.056666666666667,19.955,4.767,1.211,23.414,34932372.0,Moderate,6.702665175366129e-07
Bosnia And Herzegovina,2009,11.860666666666667,20.537,4.743,1.329,24.732,34805323.0,Moderate,7.105809444555092e-07
Bosnia And Herzegovina,2010,11.271416666666667,21.146,4.716,1.302,24.933,36118178.8,Moderate,6.903171792726941e-07
Bosnia And Herzegovina,2011,11.73975,23.765,4.954,1.439,27.99,41684896.019999996,Moderate,6.714662144078388e-07
Bosnia And Herzegovina,2012,12.029000000000002,22.138,4.808,1.511,27.007,50629202.0,Moderate,5.33427318616886e-07
Bosnia And Herzegovina,2013,12.8795,21.801,4.74,1.442,26.23,61736975.57,Moderate,4.2486693481432987e-07
Botswana,2000,21.872333333333334,3.778,6.398,4.28,15.518,107425175.65,Hot,1.444540328805687e-07
Botswana,2001,22.3505,3.847,7.95,5.508,18.93,109108765.06,Hot,1.7349660053519625e-07
Botswana,2002,22.98566666666667,3.975,7.968,5.882,17.603,113694403.83,Hot,1.5482732001034392e-07
Botswana,2003,23.395166666666668,3.825,3.757,1.954,10.328,134128560.63,Hot,7.700075117848709e-08
Botswana,2004,22.346083333333336,3.895,4.01,2.053,9.934,127047993.78,Hot,7.819092317987389e-08
Botswana,2005,23.36883333333333,4.096,4.724,2.696,11.237,122192096.19,Hot,9.19617574164986e-08
Botswana,2006,21.804000000000002,4.133,5.867,3.737,13.949,127709217.56,Hot,1.0922469150844046e-07
Botswana,2007,22.400500000000005,4.228,4.866,2.887,15.813,124442024.38,Hot,1.270712201261024e-07
Botswana,2008,22.311166666666665,4.503,9.762,7.294,25.351,130168515.86,Hot,1.9475523430343553e-07
Botswana,2009,22.139750000000003,3.855,4.634,2.496,13.294,133945363.22999999,Hot,9.924942215374199e-08
Botswana,2010,22.730166666666666,4.537,11.395,8.617,28.061,139527260.47,Hot,2.0111481945794115e-07
Botswana,2011,21.955083333333334,4.029,14.122,11.191,30.76,128045909.81,Hot,2.402263360494425e-07
Botswana,2012,22.40008333333333,5.077,6.837,4.338,18.382,116944180.59,Hot,1.5718610152359954e-07
Botswana,2013,21.82575,5.663,6.005,3.882,21.05,121838632.63,Hot,1.727695015353235e-07
Brazil,2000,25.1965,340.183,417.31,123.375,2823.803,53447796.5,Hot,5.283291608040537e-05
Brazil,2001,25.504416666666668,346.166,429.615,127.265,2783.375,62452114.56,Hot,4.4568145931356176e-05
Brazil,2002,25.80033333333333,347.765,450.588,132.379,2981.136,56624684.69,Hot,5.26472856082709e-05
Brazil,2003,25.621,344.645,471.538,137.421,3846.776,70700887.27,Hot,5.440916082001016e-05
Brazil,2004,25.4965,361.434,494.991,145.924,3313.758,59833356.949999996,Hot,5.538311927552446e-05
Brazil,2005,25.806,364.371,497.686,145.947,3057.048,53805081.26,Hot,5.681708626013352e-05
Brazil,2006,25.517,368.871,493.284,143.004,2819.171,61293093.099999994,Hot,4.5994920657790713e-05
Brazil,2007,25.668000000000003,390.573,491.52,155.795,2745.828,73331803.24,Hot,3.744388984366819e-05
Brazil,2008,25.41033333333333,412.638,488.155,148.711,2616.45,79283229.88,Hot,3.3001303944842464e-05
Brazil,2009,25.600583333333333,389.775,486.858,144.287,2432.428,66246173.65,Hot,3.671801447934624e-05
Brazil,2010,25.812416666666667,440.269,507.871,162.328,2422.236,71757358.15,Hot,3.375592453084305e-05
Brazil,2011,25.428916666666666,461.911,505.267,159.959,2379.088,71140784.53,Hot,3.344196978253412e-05
Brazil,2012,25.717083333333335,497.468,506.852,161.607,2503.241,101794997.06,Hot,2.4591001991321224e-05
Brazil,2013,25.348125,531.569,506.459,161.161,2568.796,106515841.77,Hot,2.4116562693371438e-05
Bulgaria,2000,11.906833333333333,45.499,11.45,3.477,54.792,44372943.0,Moderate,1.234806507316711e-06
Bulgaria,2001,11.623833333333332,49.02,11.138,3.682,56.663,53242593.0,Moderate,1.064241911278778e-06
Bulgaria,2002,11.680333333333335,46.141,10.761,4.076,54.355,66477412.0,Moderate,8.176461379446279e-07
Bulgaria,2003,10.953000000000001,50.491,10.889,4.18,59.688,65267022.2,Moderate,9.145200297720948e-07
Bulgaria,2004,11.241666666666667,49.537,10.865,4.044,55.197,64929565.0,Moderate,8.501057900186797e-07
Bulgaria,2005,10.781583333333332,50.6,10.653,3.691,56.864,66178311.2,Moderate,8.592543102058743e-07
Bulgaria,2006,11.117583333333334,51.837,10.639,3.112,57.148,66990717.0,Moderate,8.530734063784777e-07
Bulgaria,2007,12.314,55.669,10.644,3.42,61.869,75690384.6,Moderate,8.173957565358209e-07
Bulgaria,2008,11.98775,54.026,10.426,3.575,61.401,87738774.61,Moderate,6.998160114853694e-07
Bulgaria,2009,11.894,45.75,10.182,3.607,54.552,93706330.59,Moderate,5.821591676289843e-07
Bulgaria,2010,11.766333333333334,47.816,10.004,3.593,57.977,84743022.66,Moderate,6.841507123065521e-07
Bulgaria,2011,11.047833333333335,53.12,10.223,4.177,66.638,82788465.07,Moderate,8.049188874167048e-07
Bulgaria,2012,12.027583333333332,48.277,9.58,3.349,61.776,87726859.48,Moderate,7.041856925232576e-07
Bulgaria,2013,13.411875,42.583,9.284,3.65,52.799,92560454.00000001,Moderate,5.704271872907279e-07
Burkina Faso,2000,28.59141666666667,0.931,11.561,6.056,35.617,43578576.699999996,Hot,8.173052421580064e-07
Burkina Faso,2001,28.732166666666668,1.064,12.138,5.617,35.983,51649911.010000005,Hot,6.966710803502102e-07
Burkina Faso,2002,28.978166666666667,1.067,12.522,5.931,36.556,64381308.370000005,Hot,5.678045438608947e-07
Burkina Faso,2003,28.883499999999998,1.184,14.741,7.096,40.711,62841457.5,Hot,6.478366507040889e-07
Burkina Faso,2004,28.989166666666666,1.107,15.179,7.327,41.092,59986259.8,Hot,6.850235279209135e-07
Burkina Faso,2005,29.238333333333333,1.104,15.586,7.601,43.234,64846120.5,Hot,6.667168212982484e-07
Burkina Faso,2006,28.92025,1.217,15.605,7.401,51.665,65905559.1,Hot,7.839247541725997e-07
Burkina Faso,2007,28.983249999999998,1.616,15.973,7.57,47.665,74166627.2,Hot,6.426744906275785e-07
Burkina Faso,2008,28.489583333333332,1.818,16.531,7.709,48.019,84840845.8,Hot,5.659891645494515e-07
Burkina Faso,2009,29.083,1.836,17.087,7.883,47.63,92859881.5,Hot,5.129233283274939e-07
Burkina Faso,2010,29.288750000000004,1.985,17.744,8.215,51.298,84094267.3,Hot,6.100059021501707e-07
Burkina Faso,2011,29.060666666666666,2.149,18.05,8.209,50.416,82207995.1,Hot,6.132736764276875e-07
Burkina Faso,2012,28.63,2.612,18.155,8.24,52.311,86577841.0,Hot,6.042077140245653e-07
Burkina Faso,2013,29.3855,2.809,18.609,8.525,51.86,88304635.6,Hot,5.872851301672194e-07
Burundi,2000,20.595833333333335,0.271,2.163,0.758,6.191,227468132.0,Hot,2.721699922687632e-08
Burundi,2001,20.51033333333333,0.205,2.191,0.761,6.355,239721877.0,Hot,2.65098874287978e-08
Burundi,2002,20.74983333333333,0.213,2.206,0.749,5.693,255850324.0,Hot,2.2251290867033293e-08
Burundi,2003,20.931333333333335,0.169,2.261,0.753,5.773,255465679.0,Hot,2.259794740334592e-08
Burundi,2004,20.960416666666667,0.198,2.336,0.778,4.753,263942848.0,Hot,1.8007686201795906e-08
Burundi,2005,21.442166666666665,0.158,2.434,0.809,5.052,251882128.0,Hot,2.0057000550443973e-08
Burundi,2006,21.066333333333333,0.187,2.525,0.842,5.602,257777832.0,Hot,2.1731891896228334e-08
Burundi,2007,20.580916666666667,0.187,2.605,0.854,5.763,264318785.47,Hot,2.18032175350279e-08
Burundi,2008,20.567916666666665,0.202,2.732,0.891,5.906,260251194.47,Hot,2.2693459637463236e-08
Burundi,2009,20.76425,0.216,2.825,0.937,6.101,260597643.72,Hot,2.3411569995405137e-08
Burundi,2010,21.06875,0.333,2.931,1.003,6.702,267029257.16,Hot,2.5098373287560347e-08
Burundi,2011,20.545916666666667,0.414,3.016,1.054,7.544,273279134.7,Hot,2.760547372442528e-08
Burundi,2012,20.75425,0.392,3.006,1.076,6.979,272632261.15999997,Hot,2.5598584498793572e-08
Burundi,2013,20.86275,0.436,3.787,1.225,7.951,279906584.26,Hot,2.8405905465262508e-08
Cambodia,2000,27.05716666666667,1.997,16.734,3.413,64.275,197070583.58,Hot,3.2615217606921863e-07
Cambodia,2001,27.245833333333334,2.235,16.848,3.652,64.071,209236872.39,Hot,3.0621275763654254e-07
Cambodia,2002,27.55541666666667,2.154,17.081,3.67,63.016,222361806.04999998,Hot,2.8339399124342565e-07
Cambodia,2003,27.29941666666667,2.253,18.367,3.887,68.149,222343205.89,Hot,3.065036299207261e-07
Cambodia,2004,27.17941666666667,2.239,18.048,4.185,69.559,230078458.82000002,Hot,3.023273019752432e-07
Cambodia,2005,27.39,2.209,19.33,3.749,56.498,217257242.44,Hot,2.600511684002981e-07
Cambodia,2006,27.413916666666665,2.847,20.34,4.288,50.543,221789114.24999997,Hot,2.2788764878307077e-07
Cambodia,2007,27.241833333333332,3.489,20.696,4.397,49.509,225569749.12,Hot,2.194842170710474e-07
Cambodia,2008,26.89708333333333,3.936,20.919,4.351,48.684,221257445.58,Hot,2.2003327233733275e-07
Cambodia,2009,27.252750000000002,4.579,21.424,4.591,57.443,219498604.33999997,Hot,2.6170097942545774e-07
Cambodia,2010,27.875249999999998,5.067,21.628,4.417,62.385,222762274.00000003,Hot,2.8005190735280463e-07
Cambodia,2011,27.003500000000003,5.271,22.445,4.677,72.05,226522634.47,Hot,3.18069758682205e-07
Cambodia,2012,27.806250000000002,5.572,21.911,4.465,76.857,224295462.55,Hot,3.426596275446606e-07
Cambodia,2013,28.259625,5.626,21.768,4.393,79.991,229066054.63,Hot,3.4920494780425183e-07
Cameroon,2000,24.613,5.589,20.911,6.538,66.961,105994406.0,Hot,6.31740880440984e-07
Cameroon,2001,24.65191666666667,5.562,20.368,6.193,62.2,114295990.62,Hot,5.442010618079801e-07
Cameroon,2002,24.95025,5.351,19.68,5.955,65.554,123674436.12,Hot,5.300529480994819e-07
Cameroon,2003,25.012333333333334,5.705,20.497,6.755,69.016,124336170.34,Hot,5.550758018056888e-07
Cameroon,2004,25.170833333333334,5.698,19.209,5.934,64.708,124452361.48,Hot,5.199419176184689e-07
Cameroon,2005,25.267833333333332,5.424,20.103,6.811,63.555,126528008.17999999,Hot,5.022998497477822e-07
Cameroon,2006,25.29341666666667,5.486,18.891,6.09,63.154,143179902.79999998,Hot,4.4108145294060473e-07
Cameroon,2007,25.209833333333336,7.409,18.436,5.88,69.602,148185389.37,Hot,4.6969542561660563e-07
Cameroon,2008,25.12108333333333,7.321,18.707,5.783,89.964,147256840.0,Hot,6.10932567811909e-07
Cameroon,2009,25.40733333333333,8.555,18.833,5.609,111.362,157476358.49,Hot,7.071664620686869e-07
Cameroon,2010,25.46475,8.383,18.237,5.86,83.895,158137528.98,Hot,5.305192259586347e-07
Cameroon,2011,24.876583333333333,8.105,17.908,5.759,73.578,158202345.61999997,Hot,4.650879179228196e-07
Cameroon,2012,24.877,7.607,18.479,5.685,63.15,163382169.99,Hot,3.8651708211090647e-07
Cameroon,2013,25.307625,7.853,19.499,5.837,69.19,163937673.63,Hot,4.2205063696407027e-07
Canada,2000,-4.025916666666666,566.68,121.653,38.863,959.412,146382743.72000003,Cold,6.554133151657712e-06
Canada,2001,-3.1000833333333326,558.981,121.985,37.813,947.803,154835414.07999995,Cold,6.121357956190395e-06
Canada,2002,-4.362833333333334,564.256,124.416,38.558,937.466,161073602.51,Cold,5.820109437992421e-06
Canada,2003,-3.8595000000000006,581.19,123.516,39.308,948.6,154094554.43,Cold,6.155960522764331e-06
Canada,2004,-4.9230833333333335,576.286,127.205,38.632,948.803,155369945.52,Cold,6.10673441840868e-06
Canada,2005,-3.30875,570.396,126.354,39.671,937.127,157110847.07,Cold,5.964750439017855e-06
Canada,2006,-2.4601666666666664,566.315,129.923,37.06,910.424,169615646.05,Cold,5.367570833436266e-06
Canada,2007,-4.0609166666666665,589.956,128.17,40.612,907.137,177468782.35,Cold,5.111529942767256e-06
Canada,2008,-4.29525,574.214,124.892,39.386,884.187,179283369.2,Cold,4.931784799748259e-06
Canada,2009,-4.135083333333333,541.13,118.125,37.796,798.718,186823700.42,Cold,4.275249842119309e-06
Canada,2010,-1.8879166666666667,554.307,118.916,38.816,796.322,193184407.84,Cold,4.122082132722901e-06
Canada,2011,-3.5570833333333334,562.832,119.642,41.119,850.878,196695425.35,Cold,4.325865709179974e-06
Canada,2012,-3.176833333333334,561.77,122.582,42.91,857.8,197303273.45,Cold,4.347621712772847e-06
Canada,2013,-1.640666666666667,568.59,123.239,42.682,864.227,204170770.39999998,Cold,4.232863470485963e-06
Cape Verde,2000,24.71591666666667,0.297,0.173,0.083,0.621,61446887.76,Hot,1.0106288740273072e-08
Cape Verde,2001,25.285583333333335,0.348,0.172,0.077,0.658,53909092.26,Hot,1.220573302590176e-08
Cape Verde,2002,25.10466666666667,0.385,0.177,0.077,0.674,46908913.940000005,Hot,1.4368270953657663e-08
Cape Verde,2003,24.825666666666667,0.414,0.119,0.073,0.653,49442431.16,Hot,1.32072790813938e-08
Cape Verde,2004,24.892916666666668,0.429,0.127,0.076,0.66,56300460.29,Hot,1.172281691619511e-08
Cape Verde,2005,25.133,0.447,0.129,0.077,0.67,52765167.15,Hot,1.2697770584096965e-08
Cape Verde,2006,25.068416666666668,0.495,0.128,0.076,0.717,51564674.09,Hot,1.3904867988570892e-08
Cape Verde,2007,24.793666666666667,0.506,0.128,0.074,0.773,41868601.45,Hot,1.8462522147070137e-08
Cape Verde,2008,24.96975,0.473,0.129,0.073,0.709,47158149.84,Hot,1.5034516565450638e-08
Cape Verde,2009,24.599083333333336,0.524,0.135,0.077,0.756,33335364.59,Hot,2.267861733686179e-08
Cape Verde,2010,25.83241666666667,0.557,0.138,0.079,0.829,35705038.87,Hot,2.3218010763139922e-08
Cape Verde,2011,25.308833333333336,0.616,0.139,0.081,0.863,41030028.83,Hot,2.1033374910417413e-08
Cape Verde,2012,25.1035,0.502,0.14,0.079,0.757,40573653.550000004,Hot,1.865742705200806e-08
Cape Verde,2013,24.5305,0.495,0.141,0.08,0.733,46915969.449999996,Hot,1.5623677672428922e-08
Central African Republic,2000,25.613333333333333,0.125,12.613,12.476,34.897,172712553.69000003,Hot,2.0205247998697177e-07
Central African Republic,2001,25.710166666666666,0.143,10.645,10.928,31.079,114115342.13999999,Hot,2.7234725099035447e-07
Central African Republic,2002,25.81941666666667,0.117,9.591,8.73,26.517,116007224.94,Hot,2.2858058871017944e-07
Central African Republic,2003,26.014833333333332,0.114,12.331,12.271,32.75,34394990.69,Hot,9.521735110499165e-07
Central African Republic,2004,26.14,0.125,10.88,10.088,28.634,29970296.279999997,Hot,9.554126117764022e-07
Central African Republic,2005,26.332166666666666,0.128,11.494,11.169,30.176,28342337.09,Hot,1.0646969175294317e-06
Central African Republic,2006,26.205083333333334,0.139,11.706,11.122,30.236,30013656.31,Hot,1.007408050531913e-06
Central African Republic,2007,26.067833333333336,0.154,12.298,11.243,31.199,31429770.12,Hot,9.926575628209666e-07
Central African Republic,2008,25.968666666666667,0.15,12.999,12.044,38.565,34701514.19,Hot,1.1113347584059773e-06
Central African Republic,2009,26.51091666666667,0.154,10.697,8.988,29.027,35549562.5,Hot,8.165219806426034e-07
Central African Republic,2010,26.329833333333337,0.169,11.847,10.491,29.827,35953099.73,Hot,8.296085565468835e-07
Central African Republic,2011,25.63875,0.154,12.538,11.234,31.104,38253421.59,Hot,8.131037144930146e-07
Central African Republic,2012,25.6395,0.183,10.967,9.319,27.238,38885258.94,Hot,7.004710793248719e-07
Central African Republic,2013,26.210875,0.103,11.573,9.861,29.617,40041277.93,Hot,7.396616889229817e-07
Chad,2000,27.447833333333335,0.488,24.229,12.541,50.793,133825285.48,Hot,3.7954710455703704e-07
Chad,2001,27.63525,0.506,22.736,10.634,45.544,142707901.02999997,Hot,3.191414024881801e-07
Chad,2002,27.772833333333335,0.531,24.469,11.467,50.595,152007097.1,Hot,3.3284629884004083e-07
Chad,2003,27.878083333333336,0.882,25.888,12.107,60.463,168911840.3,Hot,3.579559581771014e-07
Chad,2004,28.017416666666666,0.906,28.694,12.577,61.978,170239865.86,Hot,3.6406278472344426e-07
Chad,2005,28.211250000000003,0.929,30.309,13.344,58.917,174453835.0,Hot,3.377225823799025e-07
Chad,2006,28.048000000000002,0.957,31.13,13.626,57.443,175968371.2,Hot,3.264393440811746e-07
Chad,2007,27.860166666666668,1.089,32.547,14.432,58.374,168302771.0,Hot,3.468392071403316e-07
Chad,2008,27.7025,0.872,33.576,14.668,65.001,173524492.0,Hot,3.745926518857485e-07
Chad,2009,28.324250000000003,1.22,34.663,14.736,75.291,174511451.0,Hot,4.314387344619653e-07
Chad,2010,28.6965,1.236,36.682,15.838,77.11,184247891.0,Hot,4.185122508755758e-07
Chad,2011,27.784833333333335,1.277,38.4,16.63,89.415,181768225.5,Hot,4.919176564667643e-07
Chad,2012,27.701166666666666,1.747,40.304,17.531,99.696,189928031.0,Hot,5.249146160794211e-07
Chad,2013,28.356,2.082,41.906,17.963,100.792,194772810.77,Hot,5.174849563655811e-07
Chile,2000,9.564083333333334,58.503,23.262,7.143,104.248,215441667.39,Cold,4.838803968565944e-07
Chile,2001,9.819666666666667,52.918,23.345,7.188,101.149,211157258.57,Cold,4.790221288435904e-07
Chile,2002,9.742416666666665,54.836,23.02,7.051,98.891,212619395.94,Cold,4.651080824385298e-07
Chile,2003,10.078416666666667,55.1,22.819,7.151,105.303,208001676.76,Moderate,5.062603395031385e-07
Chile,2004,10.205833333333333,59.221,23.425,7.65,107.34,205801487.9,Moderate,5.215705706199096e-07
Chile,2005,9.891833333333333,61.116,23.071,7.47,109.995,213639822.56,Cold,5.148618743785298e-07
Chile,2006,10.174,64.048,22.861,7.529,109.724,234060809.6,Moderate,4.6878415792344526e-07
Chile,2007,9.489916666666668,70.469,22.739,7.936,119.872,222889757.6,Cold,5.378084697696828e-07
Chile,2008,10.1625,70.549,23.709,8.333,125.591,243077832.6,Moderate,5.16669900089154e-07
Chile,2009,9.994416666666666,65.96,22.828,7.27,117.197,237668374.0,Cold,4.931114625578603e-07
Chile,2010,9.712833333333334,71.347,20.598,7.696,122.576,252825810.1,Cold,4.848239167776965e-07
Chile,2011,10.03225,78.071,21.816,8.059,127.555,224053335.6,Moderate,5.693064068388438e-07
Chile,2012,10.272583333333333,79.621,22.471,8.51,131.836,210196704.70000002,Moderate,6.272029790426921e-07
Chile,2013,9.877374999999999,81.733,21.995,8.428,131.036,225736686.42,Cold,5.804816288288918e-07
China,2000,7.238083333333333,3643.81,950.032,372.301,5282.098,175806695.38000003,Cold,3.0044919270782098e-05
China,2001,7.596416666666666,3724.114,957.323,371.259,5282.242,187515263.54,Cold,2.8169664016196473e-05
China,2002,7.7956666666666665,4098.181,961.78,388.482,5600.191,187631247.9,Cold,2.984679275350706e-05
China,2003,7.521999999999999,4835.251,1007.435,398.818,6373.199,183826525.9,Cold,3.46696372252464e-05
China,2004,7.71275,5210.961,1069.441,418.315,6840.591,195174361.7,Cold,3.504861450740118e-05
China,2005,7.4135,5881.991,1119.984,435.414,7551.543,206712265.7,Cold,3.65316636528373e-05
China,2006,7.948,6486.185,1162.008,447.929,8215.579,214366604.5,Cold,3.8324901310246294e-05
China,2007,8.12675,6974.663,1176.147,458.677,8701.73,178913213.5,Cold,4.86365974940325e-05
China,2008,7.566083333333334,7492.404,1183.054,462.386,9244.5,189409357.9,Cold,4.8806986379594357e-05
China,2009,7.8095,7881.491,1197.731,441.753,9644.707,188489091.3,Cold,5.116851528283369e-05
China,2010,7.548416666666667,8610.048,1241.241,447.392,10308.954,199205257.3,Cold,5.1750411048260964e-05
China,2011,7.357083333333333,9520.153,1323.284,453.959,11352.635,221521379.84,Cold,5.1248484263466005e-05
China,2012,7.077083333333333,9767.311,1319.353,460.654,11526.329,237923512.4,Cold,4.8445522829102604e-05
China,2013,9.295,9942.371,1330.891,461.947,11692.455,249702888.79999998,Cold,4.682546929819312e-05
Colombia,2000,25.030166666666663,56.213,72.859,17.724,187.115,145431960.97,Hot,1.286615386778585e-06
Colombia,2001,25.411916666666666,56.465,74.161,18.083,165.278,138923949.92,Hot,1.1897012639323519e-06
Colombia,2002,25.570750000000004,55.417,74.683,18.239,211.33,150318583.51,Hot,1.4058807211954634e-06
Colombia,2003,25.655333333333335,57.033,75.64,18.988,328.652,158613789.14,Hot,2.0720266485651488e-06
Colombia,2004,25.553916666666666,54.324,75.899,19.331,211.028,145056888.84999996,Hot,1.45479473755586e-06
Colombia,2005,25.670833333333334,60.256,76.42,18.68,175.419,146542954.26,Hot,1.1970483309058934e-06
Colombia,2006,25.476583333333334,62.466,77.042,18.758,200.174,132932584.33999999,Hot,1.5058309404576577e-06
Colombia,2007,25.494,60.67,79.126,20.145,206.941,135836992.98,Hot,1.5234509682279117e-06
Colombia,2008,25.153916666666664,66.982,80.041,19.528,185.889,146532406.86,Hot,1.2685862650779756e-06
Colombia,2009,25.618333333333336,71.771,81.006,19.284,186.836,141127487.29,Hot,1.323880997698156e-06
Colombia,2010,25.68766666666667,75.431,83.629,19.955,183.138,130074765.77000001,Hot,1.4079440966734704e-06
Colombia,2011,25.246916666666667,75.191,82.241,19.308,289.713,127609851.82000001,Hot,2.270302751689985e-06
Colombia,2012,25.381333333333334,78.675,80.107,18.415,477.15,141739487.7,Hot,3.366387196513148e-06
Colombia,2013,25.5795,86.445,80.192,17.903,330.769,131298557.25,Hot,2.5192127347674057e-06
Comoros,2000,25.995500000000003,0.103,0.305,0.053,0.554,45147347.12,Hot,1.2270931141459036e-08
Comoros,2001,26.41425,0.106,0.301,0.054,0.54,46904229.15,Hot,1.1512820875069838e-08
Comoros,2002,26.657750000000004,0.106,0.308,0.056,0.544,50674304.92,Hot,1.0735223504764286e-08
Comoros,2003,26.6005,0.136,0.304,0.053,0.565,52175678.69,Hot,1.0828799995647933e-08
Comoros,2004,26.391916666666663,0.15,0.315,0.053,0.565,52016869.98,Hot,1.0861860572452295e-08
Comoros,2005,26.68216666666667,0.143,0.315,0.058,0.549,54251627.38,Hot,1.0119511918694597e-08
Comoros,2006,26.465833333333336,0.169,0.316,0.057,0.567,51116458.980000004,Hot,1.1092317430077245e-08
Comoros,2007,26.604583333333334,0.106,0.318,0.056,0.501,53572346.12,Hot,9.351839651112901e-09
Comoros,2008,26.18825,0.11,0.323,0.058,0.51,56065982.24,Hot,9.096424793209423e-09
Comoros,2009,26.59325,0.136,0.328,0.058,0.537,36204423.82,Hot,1.4832441135851196e-08
Comoros,2010,26.786833333333334,0.161,0.328,0.059,0.568,38194869.28,Hot,1.4871106927084448e-08
Comoros,2011,26.453999999999997,0.143,0.334,0.06,0.558,36967611.17,Hot,1.5094293822223898e-08
Comoros,2012,26.38325,0.154,0.341,0.06,0.587,38461303.08,Hot,1.526209300597381e-08
Comoros,2013,26.542875000000002,0.183,0.348,0.061,0.611,39170406.1,Hot,1.5598510335625283e-08
Congo,2000,24.786,4.284,16.448,1.176,47.712,178087811.73999998,Hot,2.6791277441122446e-07
Congo,2001,24.732916666666668,4.178,15.634,0.72,38.92,183193448.58,Hot,2.1245301122518444e-07
Congo,2002,25.047666666666668,2.72,10.534,0.905,28.993,173462224.15,Hot,1.6714301903442405e-07
Congo,2003,25.056749999999997,3.258,11.874,1.39,33.183,180808518.87,Hot,1.8352564372441262e-07
Congo,2004,25.12816666666667,3.549,12.99,1.441,31.612,197788293.89,Hot,1.5982745600583199e-07
Congo,2005,25.268916666666666,4.352,15.977,1.667,35.362,206199997.46,Hot,1.7149369672211589e-07
Congo,2006,25.282666666666668,4.786,17.406,1.715,37.07,217711911.0,Hot,1.7027088531563675e-07
Congo,2007,25.22975,4.259,14.757,1.542,38.645,205444301.4,Hot,1.8810451080195057e-07
Congo,2008,25.292416666666668,4.27,14.367,1.553,39.188,208921490.4,Hot,1.8757285206705163e-07
Congo,2009,25.349249999999998,4.944,15.479,1.498,41.197,209519428.4,Hot,1.966261559511483e-07
Congo,2010,25.559416666666667,5.5,17.022,1.726,47.14,204377684.8,Hot,2.3065140313864929e-07
Congo,2011,24.77508333333333,5.046,16.595,1.822,49.581,216026896.97,Hot,2.2951308594397999e-07
Congo,2012,24.873500000000003,5.018,16.104,1.772,47.604,225146905.91,Hot,2.1143528309287045e-07
Congo,2013,25.139375,5.89,14.635,1.873,45.101,221521208.24999997,Hot,2.0359675785762264e-07
Costa Rica,2000,26.072166666666664,5.367,4.062,1.476,15.357,251238030.82,Hot,6.112529973568075e-08
Costa Rica,2001,26.114333333333335,5.638,4.041,1.33,15.529,238848103.94999996,Hot,6.501621607276646e-08
Costa Rica,2002,26.306749999999997,6.214,4.022,1.311,17.834,237699011.92,Hot,7.50276569554044e-08
Costa Rica,2003,26.5775,6.551,4.016,1.433,17.087,218003825.7,Hot,7.837935809958882e-08
Costa Rica,2004,26.528499999999998,6.797,4.031,1.338,12.808,222487375.22,Hot,5.75673110879567e-08
Costa Rica,2005,26.40425,6.66,3.768,1.401,13.056,230624227.57,Hot,5.661157147691961e-08
Costa Rica,2006,26.514916666666668,6.976,3.645,1.431,13.982,249247690.01,Hot,5.6096808533480184e-08
Costa Rica,2007,26.38291666666667,7.907,3.93,1.529,16.29,231514916.20999998,Hot,7.036263665560629e-08
Costa Rica,2008,26.056083333333333,7.934,4.105,1.597,19.49,223738540.03,Hot,8.711060647073175e-08
Costa Rica,2009,26.522916666666664,7.693,4.179,1.4,19.719,237105191.98,Hot,8.316561839986067e-08
Costa Rica,2010,26.22675,7.461,4.279,1.518,18.184,250989303.15999997,Hot,7.244930241492727e-08
Costa Rica,2011,26.113416666666666,7.276,4.393,1.712,16.353,265316019.73,Hot,6.163593120010534e-08
Costa Rica,2012,26.282,7.217,4.352,1.663,16.726,209451025.79999998,Hot,7.985637624002329e-08
Costa Rica,2013,26.457555555555555,7.584,4.458,1.701,17.646,267143923.57999998,Hot,6.605428151788516e-08
Croatia,2000,13.226416666666665,19.653,3.447,2.416,17.347,275938484.93,Moderate,6.286546054471207e-08
Croatia,2001,12.411,20.776,3.547,2.229,17.604,49727093.17000001,Moderate,3.540122400842067e-07
Croatia,2002,12.898916666666667,21.916,3.53,2.391,18.982,57966932.269999996,Moderate,3.2746255372153484e-07
Croatia,2003,12.567000000000002,23.226,3.68,2.299,20.012,50509779.83,Moderate,3.962004916899973e-07
Croatia,2004,11.919416666666665,22.853,4.035,2.622,21.462,57003137.07000001,Moderate,3.765055877036911e-07
Croatia,2005,11.376249999999999,23.296,3.829,2.477,21.681,63184744.23,Moderate,3.431366213645173e-07
Croatia,2006,12.241666666666667,23.496,4.0,2.87,22.214,57784084.36,Moderate,3.844311086972269e-07
Croatia,2007,13.0665,24.802,4.194,3.032,28.085,66334104.849999994,Moderate,4.233870290421651e-07
Croatia,2008,12.977083333333333,23.516,4.039,3.353,24.272,68108052.47,Moderate,3.563748890678728e-07
Croatia,2009,12.875083333333334,21.752,4.194,2.247,22.716,64894986.79,Moderate,3.5004244200659865e-07
Croatia,2010,11.960833333333333,20.978,4.002,2.525,21.442,61833335.940000005,Moderate,3.467708692611277e-07
Croatia,2011,12.755166666666668,20.615,4.08,2.635,22.657,72086882.84,Moderate,3.143012819126459e-07
Croatia,2012,12.9735,19.05,3.881,2.324,29.969,73209530.46000001,Moderate,4.093592651439706e-07
Croatia,2013,13.588999999999999,18.401,3.843,2.168,23.056,73212982.74,Moderate,3.149168196979702e-07
Cuba,2000,25.785,25.299,14.312,4.328,65.532,266932492.31,Hot,2.4550027307426717e-07
Cuba,2001,25.856416666666664,24.681,14.091,4.428,52.818,157237510.2,Hot,3.359122107498735e-07
Cuba,2002,26.313000000000002,25.179,14.118,4.077,47.509,172660281.62,Hot,2.75158822162711e-07
Cuba,2003,26.361583333333332,25.554,14.209,3.847,45.405,179407454.48,Hot,2.5308312789187106e-07
Cuba,2004,26.26891666666667,24.54,13.771,3.974,47.851,187543264.67,Hot,2.5514645822686234e-07
Cuba,2005,26.14408333333333,25.706,13.065,3.727,45.483,189442807.54999998,Hot,2.400882902239891e-07
Cuba,2006,26.1545,26.781,13.389,4.096,43.19,182028389.94,Hot,2.3727067946360213e-07
Cuba,2007,26.279749999999996,25.724,13.465,4.088,41.771,199971583.29,Hot,2.0888467803217204e-07
Cuba,2008,26.05475,27.738,13.77,4.074,42.348,217367816.82,Hot,1.9482184816828742e-07
Cuba,2009,26.022333333333336,28.261,14.42,3.67,41.802,217162827.47,Hot,1.9249150646320093e-07
Cuba,2010,25.627333333333336,33.042,13.834,3.823,45.839,221865760.67,Hot,2.066069124634935e-07
Cuba,2011,26.153000000000002,29.076,14.095,3.873,35.656,240112822.81000003,Hot,1.484968584110876e-07
Cuba,2012,26.059,29.476,14.077,3.865,41.973,239154544.46,Hot,1.7550575891947756e-07
Cuba,2013,26.250444444444447,27.894,14.159,3.963,39.601,217682302.98,Hot,1.819210807491197e-07
Denmark,2000,-16.8245,54.307,9.599,6.308,70.202,69982455.0,Cold,1.0031371291113303e-06
Denmark,2001,-17.06775,55.897,9.866,6.132,71.209,64679848.769999996,Cold,1.1009456616429616e-06
Denmark,2002,-16.291083333333336,55.554,9.659,5.917,70.151,56574494.1,Cold,1.2399757147810586e-06
Denmark,2003,-15.747083333333334,60.645,9.6,6.065,75.571,61329621.96,Cold,1.2322104124019873e-06
Denmark,2004,-16.77058333333333,55.1,9.341,5.511,72.286,58702265.5,Cold,1.2314004945618241e-06
Denmark,2005,-15.643,51.535,9.249,5.428,68.154,62696991.5,Cold,1.0870377873388423e-06
Denmark,2006,-16.574333333333332,59.5,9.211,5.054,74.533,60248585.75,Cold,1.2370912584103062e-06
Denmark,2007,-16.533083333333334,54.709,9.348,5.071,71.746,79948912.12,Cold,8.973980658412732e-07
Denmark,2008,-16.843333333333334,51.256,9.095,5.175,67.892,78607914.0,Cold,8.636789310592959e-07
Denmark,2009,-16.783166666666666,48.851,8.904,5.017,64.793,74770194.84,Cold,8.665618602718375e-07
Denmark,2010,-15.085749999999999,49.19,9.205,4.986,68.92,74640325.56,Cold,9.233614478441264e-07
Denmark,2011,-16.641416666666668,44.237,9.08,4.946,60.459,81965773.61,Cold,7.376127449251712e-07
Denmark,2012,-16.260916666666667,39.861,9.003,4.962,56.423,75221840.18,Cold,7.500879945890205e-07
Denmark,2013,-14.92725,41.763,9.632,4.866,60.037,72538861.53999999,Cold,8.276529007729325e-07
Djibouti,2000,29.860000000000003,0.366,0.944,0.256,1.557,62413075.25,Hot,2.4946695364979705e-08
Djibouti,2001,29.476916666666668,0.366,0.938,0.256,1.515,69940370.19000001,Hot,2.1661309115508567e-08
Djibouti,2002,29.531583333333334,0.399,0.944,0.257,1.53,74857820.02,Hot,2.043874613437152e-08
Djibouti,2003,29.757833333333334,0.421,0.96,0.258,1.573,83549360.2,Hot,1.8827193618327747e-08
Djibouti,2004,29.540916666666664,0.407,0.975,0.26,1.583,73869324.66,Hot,2.1429734004695122e-08
Djibouti,2005,29.80858333333333,0.414,0.988,0.261,1.618,84920161.29,Hot,1.9053190153765543e-08
Djibouti,2006,29.777416666666667,0.414,1.0,0.258,1.645,83324359.42,Hot,1.9742125732598574e-08
Djibouti,2007,29.786333333333335,0.454,1.01,0.26,1.705,87449359.6,Hot,1.949699790029111e-08
Djibouti,2008,29.339250000000003,0.495,1.043,0.262,1.792,86682793.06,Hot,2.0673076121192118e-08
Djibouti,2009,29.89675,0.443,1.013,0.262,1.722,90930387.75,Hot,1.893756337866751e-08
Djibouti,2010,29.837000000000003,0.517,1.006,0.263,1.803,90021810.75,Hot,2.002847937572196e-08
Djibouti,2011,29.844333333333335,0.315,1.02,0.26,1.617,83126970.8,Hot,1.945217015592044e-08
Djibouti,2012,29.923583333333337,0.293,1.039,0.266,1.624,82688445.03,Hot,1.963998693857181e-08
Djibouti,2013,30.74475,0.381,1.055,0.266,1.732,86674302.95,Hot,1.9982854445524508e-08
Dominica,2000,26.5715,0.103,0.052,0.017,0.185,142002468.16,Hot,1.3027942478348946e-09
Dominica,2001,26.90216666666667,0.11,0.052,0.017,0.176,144834206.87,Hot,1.2151825358686928e-09
Dominica,2002,26.935666666666666,0.103,0.052,0.012,0.151,135487202.19,Hot,1.1144963985140773e-09
Dominica,2003,27.08,0.117,0.052,0.013,0.162,131986420.87,Hot,1.2273989832042108e-09
Dominica,2004,26.829666666666668,0.143,0.053,0.013,0.193,122112264.59,Hot,1.5805128098106888e-09
Dominica,2005,27.31925,0.15,0.053,0.014,0.197,135952566.69,Hot,1.4490347872590445e-09
Dominica,2006,27.148583333333335,0.143,0.053,0.012,0.241,133449043.62,Hot,1.805932748984861e-09
Dominica,2007,27.094416666666664,0.172,0.054,0.015,0.213,123433159.84,Hot,1.7256302807970772e-09
Dominica,2008,26.664666666666665,0.169,0.054,0.013,0.217,124414149.05000001,Hot,1.7441745968026245e-09
Dominica,2009,26.9505,0.187,0.054,0.012,0.186,127748085.28,Hot,1.4559904998680188e-09
Dominica,2010,27.486833333333333,0.169,0.055,0.013,0.192,119349066.97,Hot,1.608726429671506e-09
Dominica,2011,26.98783333333333,0.15,0.057,0.013,0.183,121816635.83,Hot,1.5022578587141905e-09
Dominica,2012,27.112333333333336,0.165,0.057,0.013,0.203,127046664.02,Hot,1.5978380854628752e-09
Dominica,2013,26.922125,0.158,0.057,0.014,0.177,126266443.73000002,Hot,1.4017976064700745e-09
Dominican Republic,2000,25.880416666666665,18.937,7.013,2.016,32.277,68590920.25,Hot,4.7057248119407644e-07
Dominican Republic,2001,26.340666666666667,19.083,7.391,2.135,32.329,70101690.12,Hot,4.611728973079872e-07
Dominican Republic,2002,26.58125,20.87,7.661,2.416,29.322,72422717.3,Hot,4.048729554521568e-07
Dominican Republic,2003,26.626333333333335,21.26,7.569,2.286,30.794,75262070.45,Hot,4.091569552461474e-07
Dominican Republic,2004,26.35875,17.254,8.161,2.474,27.582,76042480.0,Hot,3.6271830741556157e-07
Dominican Republic,2005,26.52116666666667,17.852,8.021,2.505,28.129,79381632.68,Hot,3.543514878188634e-07
Dominican Republic,2006,26.58566666666667,19.03,8.221,2.652,30.032,16723489.25,Hot,1.7957973814706532e-06
Dominican Republic,2007,26.626,19.909,9.059,2.819,31.029,15420389.37,Hot,2.0122058686896916e-06
Dominican Republic,2008,26.199250000000003,20.235,9.343,2.765,33.088,16921350.85,Hot,1.955399325852325e-06
Dominican Republic,2009,26.423083333333334,19.686,9.671,2.819,32.219,17441713.35,Hot,1.8472381414731745e-06
Dominican Republic,2010,26.455583333333333,20.445,9.931,2.932,33.504,17275130.05,Hot,1.9394353595945655e-06
Dominican Republic,2011,26.25075,20.922,10.089,2.892,31.723,17734579.45,Hot,1.7887651805148849e-06
Dominican Republic,2012,26.340083333333336,20.903,10.169,2.82,32.661,18868227.98,Hot,1.7310050686060732e-06
Dominican Republic,2013,26.290333333333333,20.842,10.318,2.833,33.252,18191430.97,Hot,1.8278934860563374e-06
Ecuador,2000,22.026,20.949,19.792,3.958,70.151,83735849.64999999,Hot,8.377654189388712e-07
Ecuador,2001,22.236083333333337,23.436,20.85,5.058,66.875,80454484.92,Hot,8.312153043460773e-07
Ecuador,2002,22.763666666666666,24.861,20.789,4.575,62.31,91147702.69999999,Hot,6.836156860855729e-07
Ecuador,2003,22.668333333333333,27.113,21.173,4.489,127.521,88730935.62,Hot,1.4371650391353661e-06
Ecuador,2004,22.64791666666667,29.31,22.709,4.675,81.361,93508595.96000001,Hot,8.700911215126417e-07
Ecuador,2005,22.5295,30.652,22.803,4.478,72.371,103868575.96,Hot,6.967554781064366e-07
Ecuador,2006,22.603166666666667,29.781,22.781,4.551,70.386,109742573.67999999,Hot,6.413736893383409e-07
Ecuador,2007,22.359750000000002,34.393,22.469,4.297,92.255,115157825.72,Hot,8.011179320387229e-07
Ecuador,2008,22.22425,30.488,22.399,4.613,82.088,116159226.08000001,Hot,7.066851430017279e-07
Ecuador,2009,22.67716666666667,33.815,23.503,4.849,77.756,123864569.24000001,Hot,6.277501294303929e-07
Ecuador,2010,22.639916666666668,36.469,24.398,5.102,81.584,131779688.05000001,Hot,6.190938875948121e-07
Ecuador,2011,22.33666666666667,38.48,24.602,5.174,107.057,132591341.44,Hot,8.074207412783775e-07
Ecuador,2012,22.445916666666665,37.493,24.703,5.044,80.43,135246045.73000002,Hot,5.946939074719674e-07
Ecuador,2013,22.264125,39.685,25.231,5.028,90.648,129531214.05,Hot,6.998158703676887e-07
Egypt,2000,22.881416666666667,142.837,48.798,17.414,210.582,163073931.89000002,Hot,1.2913283948455827e-06
Egypt,2001,23.616333333333333,126.372,48.443,17.61,194.289,158857084.28,Hot,1.223042709474041e-06
Egypt,2002,23.716250000000002,128.362,50.058,18.161,197.826,155944066.25,Hot,1.2685702219300042e-06
Egypt,2003,23.496416666666665,149.954,50.997,18.732,221.16,172198882.72000003,Hot,1.2843288831047945e-06
Egypt,2004,23.511083333333332,151.917,51.405,20.173,225.003,159393385.24,Hot,1.4116206782959677e-06
Egypt,2005,23.52025,166.934,51.591,20.367,240.169,155905197.68,Hot,1.5404810232977151e-06
Egypt,2006,23.505666666666666,178.389,52.802,20.331,252.567,143117175.95,Hot,1.764756721607483e-06
Egypt,2007,23.584333333333333,189.201,52.371,20.538,262.79,158307503.16000003,Hot,1.659997113809592e-06
Egypt,2008,23.907916666666665,195.86,53.566,21.386,272.889,148184098.9,Hot,1.8415538521619755e-06
Egypt,2009,23.735,205.243,53.06,21.538,281.384,139725147.82,Hot,2.0138393294001146e-06
Egypt,2010,25.151916666666665,202.704,50.266,22.332,276.046,144650373.36,Hot,1.908366993319961e-06
Egypt,2011,23.33141666666667,221.675,51.806,22.951,297.452,145662610.8,Hot,2.042061420733086e-06
Egypt,2012,23.77091666666667,212.524,52.923,22.694,289.324,150730058.03,Hot,1.919484420439426e-06
Egypt,2013,24.50525,219.087,51.534,22.392,293.691,134811715.99999997,Hot,2.1785272566478775e-06
El Salvador,2000,25.40716666666667,5.648,3.491,1.124,15.57,185590424.98999998,Hot,8.389441382519886e-08
El Salvador,2001,25.49291666666667,5.829,3.794,1.196,12.149,228578077.29000002,Hot,5.3150328723065045e-08
El Salvador,2002,25.71041666666667,6.036,3.96,1.162,10.055,225935390.16,Hot,4.4503873201872034e-08
El Salvador,2003,25.724083333333336,6.396,3.901,1.168,10.002,246947426.06,Hot,4.0502547927214674e-08
El Salvador,2004,25.742583333333332,6.216,3.955,1.25,7.851,238349614.74,Hot,3.293900842099172e-08
El Salvador,2005,25.622833333333332,6.262,4.0,1.382,7.494,232366905.13,Hot,3.22507198843858e-08
El Salvador,2006,25.758499999999998,6.689,4.149,1.335,9.883,227486312.26,Hot,4.3444371920100806e-08
El Salvador,2007,25.475166666666667,6.819,4.017,1.422,10.042,237389352.35000002,Hot,4.230181285844932e-08
El Salvador,2008,25.24825,6.375,3.774,1.484,9.12,227862337.59,Hot,4.00241657152914e-08
El Salvador,2009,25.787583333333334,6.283,3.696,1.403,9.631,216237795.23,Hot,4.4538929677936815e-08
El Salvador,2010,25.45866666666667,6.287,3.55,1.404,9.277,225456490.67999998,Hot,4.11476286660543e-08
El Salvador,2011,25.549666666666667,6.467,3.232,1.363,9.029,226794165.72999996,Hot,3.98114295891441e-08
El Salvador,2012,25.560333333333332,6.436,3.425,1.332,9.375,235626285.87,Hot,3.978758110792785e-08
El Salvador,2013,25.910777777777778,6.058,3.054,1.205,8.74,215821594.62999997,Hot,4.0496410817866776e-08
Eritrea,2000,27.51725,0.604,3.818,1.538,5.998,205895101.44,Hot,2.9131338865857096e-08
Eritrea,2001,27.410583333333335,0.637,3.641,1.403,5.652,207714111.87,Hot,2.721047656274257e-08
Eritrea,2002,27.639416666666666,0.509,3.639,1.38,7.895,210825713.22000003,Hot,3.7447993615055134e-08
Eritrea,2003,27.72975,0.78,3.758,1.415,10.707,209600811.2,Hot,5.108281732125846e-08
Eritrea,2004,27.5775,0.633,3.824,1.409,9.88,200137804.23000002,Hot,4.9365985545038946e-08
Eritrea,2005,27.69,0.586,3.895,1.447,9.532,214718136.39999998,Hot,4.439308255661127e-08
Eritrea,2006,27.492,0.454,3.818,1.397,9.682,204136043.26,Hot,4.7429154587067534e-08
Eritrea,2007,27.485416666666666,0.424,4.045,1.501,8.284,200530882.62,Hot,4.131034507232278e-08
Eritrea,2008,27.594333333333335,0.398,4.074,1.489,8.517,204894856.17000002,Hot,4.156766117820857e-08
Eritrea,2009,28.092583333333334,0.446,4.106,1.495,9.213,210769576.28,Hot,4.371124200605503e-08
Eritrea,2010,28.054166666666664,0.468,4.059,1.463,9.544,194201538.37,Hot,4.914482156506708e-08
Eritrea,2011,27.58575,0.578,4.233,1.532,9.025,199213018.81,Hot,4.530326385598502e-08
Eritrea,2012,27.880083333333335,0.608,4.282,1.537,8.877,189247130.42999998,Hot,4.690691971351485e-08
Eritrea,2013,28.5035,0.57,4.345,1.55,8.577,198622185.09,Hot,4.3182487157369095e-08
Ethiopia,2000,23.762583333333335,3.463,55.864,23.418,131.96,206924259.6,Hot,6.377212590605242e-07
Ethiopia,2001,23.6615,4.265,58.4,24.269,128.049,200618117.1,Hot,6.382723615031259e-07
Ethiopia,2002,23.82325,4.432,64.633,27.521,210.645,194824712.4,Hot,1.0812026684084936e-06
Ethiopia,2003,23.857166666666668,4.87,63.684,26.382,256.698,197189457.1,Hot,1.3017835865739924e-06
Ethiopia,2004,23.778666666666666,5.159,65.043,27.348,250.465,212233497.48,Hot,1.1801388649473861e-06
Ethiopia,2005,23.89691666666667,4.956,67.793,28.774,253.664,204148086.34,Hot,1.2425489912993077e-06
Ethiopia,2006,23.77808333333333,5.318,71.519,30.103,263.997,180726291.56,Hot,1.4607559102799315e-06
Ethiopia,2007,23.724,5.84,78.108,33.524,244.401,176698924.78,Hot,1.3831493254480385e-06
Ethiopia,2008,23.60258333333333,6.418,81.28,34.451,255.004,200329353.55,Hot,1.272923783800011e-06
Ethiopia,2009,24.273583333333335,6.453,84.766,36.086,273.254,220329667.18,Hot,1.2402051991326156e-06
Ethiopia,2010,23.9275,6.344,88.467,37.717,290.404,208145645.64000002,Hot,1.3951961267884241e-06
Ethiopia,2011,24.074166666666667,7.355,87.811,37.326,276.229,199430289.47,Hot,1.3850904962782106e-06
Ethiopia,2012,23.976166666666668,7.988,90.908,39.367,289.163,206989312.66000003,Hot,1.39699482493564e-06
Ethiopia,2013,24.6315,9.744,93.758,40.095,286.604,229680894.02999997,Hot,1.247835611066236e-06
Europe,2000,9.440083333333334,6155.514,1129.312,440.624,7674.166,124830933.91,Cold,6.147647620786373e-05
Europe,2001,8.787083333333333,6282.925,1119.937,434.644,7756.66,138259376.53,Cold,5.61022343552569e-05
Europe,2002,9.22,6249.447,1115.816,429.928,7679.324,135935453.59,Cold,5.6492428874879594e-05
Europe,2003,8.982333333333333,6391.066,1115.316,431.039,7886.173,113032717.03,Cold,6.97689406876594e-05
Europe,2004,8.83075,6419.376,1099.322,426.767,7879.845,137426885.48000002,Cold,5.733845248067065e-05
Europe,2005,8.801333333333334,6427.949,1087.789,421.051,7925.678,129285107.2,Cold,6.130387413018385e-05
Europe,2006,9.157416666666668,6529.226,1082.861,413.346,7987.142,117598440.84,Cold,6.79187740503144e-05
Europe,2007,9.470666666666668,6473.231,1084.26,417.995,8072.394,110574779.19,Cold,7.300393440646459e-05
Europe,2008,9.304666666666668,6407.231,1075.037,409.212,7900.505,137318308.03,Cold,5.75342432907033e-05
Europe,2009,9.150333333333334,5893.126,1049.842,393.476,7557.537,127290822.57000001,Cold,5.937220600858117e-05
Europe,2010,8.279833333333334,6117.359,1053.863,399.824,7913.067,129649065.53000002,Cold,6.1034508090106174e-05
Europe,2011,9.384416666666667,6044.341,1051.438,404.358,7612.527,156964779.42000002,Cold,4.849831267645333e-05
Europe,2012,8.912916666666666,5998.599,1053.418,402.173,7804.789,145249621.82999998,Cold,5.3733626621080574e-05
Europe,2013,9.67025,5840.099,1046.468,404.335,7540.741,171132991.37,Cold,4.406363083803535e-05
Fiji,2000,25.837166666666672,0.815,1.07,0.346,2.507,9128230.79,Hot,2.746424562472685e-07
Fiji,2001,25.751416666666668,1.004,1.087,0.364,2.595,9127112.42,Hot,2.843177114807893e-07
Fiji,2002,25.713333333333335,0.835,1.057,0.373,2.243,9328218.850000001,Hot,2.4045316642060057e-07
Fiji,2003,25.44666666666667,0.993,1.057,0.335,2.293,8477741.52,Hot,2.704729466117355e-07
Fiji,2004,25.50775,1.301,1.062,0.376,2.541,8805580.1,Hot,2.8856698622649674e-07
Fiji,2005,25.643416666666667,1.022,1.069,0.357,2.236,9102929.25,Hot,2.4563518983351545e-07
Fiji,2006,25.6315,1.15,1.074,0.348,2.536,8982643.75,Hot,2.8232219692312777e-07
Fiji,2007,26.055333333333333,1.085,1.077,0.348,3.374,8913330.02,Hot,3.7853412965695064e-07
Fiji,2008,25.730166666666666,0.791,1.086,0.354,1.834,8829909.080000002,Hot,2.0770313439024282e-07
Fiji,2009,25.227416666666667,0.703,1.08,0.325,1.692,8643065.430000002,Hot,1.9576385461149344e-07
Fiji,2010,25.918499999999998,1.03,1.08,0.332,2.085,9403570.17,Hot,2.217242749915828e-07
Fiji,2011,25.72283333333333,0.931,1.08,0.328,2.006,9469047.83,Hot,2.1184809963642355e-07
Fiji,2012,25.478250000000003,0.909,1.086,0.331,2.005,8582588.91,Hot,2.336124667524747e-07
Fiji,2013,25.941375,1.037,1.105,0.334,2.595,9194711.95,Hot,2.8222740765387357e-07
France,2000,13.967333333333334,407.445,86.397,45.75,483.111,75778257.30000001,Moderate,6.3753246754155065e-06
France,2001,13.6965,411.592,86.257,45.098,478.636,78563923.18,Moderate,6.0923127885438065e-06
France,2002,14.048166666666667,407.027,84.895,43.655,471.031,81979465.23,Moderate,5.745719283881216e-06
France,2003,14.337916666666667,412.989,83.604,43.394,476.792,74784805.64,Moderate,6.375519593106485e-06
France,2004,13.664083333333332,414.073,82.771,43.024,477.93,82719159.80000001,Moderate,5.777742368005261e-06
France,2005,13.694250000000002,416.343,81.853,41.533,477.956,84461303.61999999,Moderate,5.658875412242005e-06
France,2006,14.143833333333333,406.669,80.954,40.267,466.453,86076755.25,Moderate,5.419035525052095e-06
France,2007,13.896583333333332,396.461,80.865,40.849,457.941,82793301.39999999,Moderate,5.531135813227327e-06
France,2008,13.5815,389.794,81.134,39.528,452.329,93086564.92999999,Moderate,4.859229637283495e-06
France,2009,13.941666666666668,371.404,79.836,37.994,433.117,87976422.78999999,Moderate,4.923103046719104e-06
France,2010,13.115416666666668,377.079,79.801,38.561,442.929,95764603.61,Moderate,4.625184866619792e-06
France,2011,14.479583333333332,355.127,77.433,37.287,417.796,87421187.45,Moderate,4.779115994733425e-06
France,2012,13.707166666666666,358.1,76.667,38.006,425.889,95402632.06,Moderate,4.4641220723137975e-06
France,2013,13.584624999999999,360.013,76.53,38.844,432.705,90749640.0,Moderate,4.76811803586088e-06
Gabon,2000,24.57241666666667,6.128,20.282,0.961,39.007,37571529.12,Hot,1.038206319397034e-06
Gabon,2001,24.513583333333333,6.48,20.789,0.323,37.518,36057351.22,Hot,1.0405090138368457e-06
Gabon,2002,24.833916666666667,6.25,20.128,0.344,37.932,39544376.19,Hot,9.592261326495809e-07
Gabon,2003,24.912000000000003,6.746,22.284,0.39,40.607,39415912.96,Hot,1.030218404708533e-06
Gabon,2004,24.853250000000003,6.386,20.715,0.465,38.071,19459876.53,Hot,1.9563843575741146e-06
Gabon,2005,24.965416666666666,6.223,19.2,0.453,35.67,22594415.43,Hot,1.5787086208006127e-06
Gabon,2006,25.157750000000004,5.543,16.254,0.513,32.033,23649574.060000002,Hot,1.3544852251565147e-06
Gabon,2007,25.063583333333337,5.038,13.691,0.527,30.65,25075776.2,Hot,1.2222951159416108e-06
Gabon,2008,25.127916666666668,5.379,14.836,0.602,31.606,25774904.26,Hot,1.2262314713159881e-06
Gabon,2009,25.134666666666664,5.304,14.218,0.553,31.176,25319235.39,Hot,1.2313167553628578e-06
Gabon,2010,25.221,5.528,14.236,0.601,28.806,25560841.779999997,Hot,1.126958146408974e-06
Gabon,2011,24.73091666666667,5.447,14.175,0.57,29.263,25808738.41,Hot,1.133840732595471e-06
Gabon,2012,24.831666666666667,5.016,14.011,0.526,28.088,26347872.72,Hot,1.0660442773672138e-06
Gabon,2013,24.8385,5.19,13.486,0.664,28.791,27096505.72,Hot,1.0625354883384023e-06
Gambia,2000,28.06375,0.275,0.935,0.322,2.331,179499136.45000002,Hot,1.2986134825574338e-08
Gambia,2001,28.48975,0.3,0.861,0.284,2.103,173074070.15,Hot,1.2150866886221045e-08
Gambia,2002,28.547916666666666,0.3,0.855,0.294,2.14,186212745.51,Hot,1.149223154755992e-08
Gambia,2003,28.228583333333333,0.3,0.924,0.312,2.425,190034199.75,Hot,1.276086088940493e-08
Gambia,2004,28.372500000000002,0.319,0.994,0.333,2.56,189414131.41,Hot,1.351535900425161e-08
Gambia,2005,28.605,0.319,1.028,0.342,2.44,193859747.29999998,Hot,1.2586418900245731e-08
Gambia,2006,28.177333333333333,0.348,1.066,0.366,2.893,181510586.52,Hot,1.5938464193892988e-08
Gambia,2007,28.36491666666667,0.348,1.062,0.363,5.141,190409131.1,Hot,2.699975543872562e-08
Gambia,2008,28.346083333333336,0.363,1.195,0.363,5.201,206531935.8,Hot,2.5182546005156136e-08
Gambia,2009,27.959000000000003,0.374,1.5,0.389,4.602,207042218.01000002,Hot,2.222735064377245e-08
Gambia,2010,28.802916666666665,0.432,1.594,0.393,3.739,207074856.53,Hot,1.8056272232172423e-08
Gambia,2011,28.2825,0.443,1.263,0.371,2.952,207197311.41000003,Hot,1.4247289048607981e-08
Gambia,2012,28.301666666666666,0.451,1.376,0.334,2.996,209125961.53,Hot,1.4326293893663305e-08
Gambia,2013,28.724375000000002,0.429,1.448,0.353,2.913,218345454.81,Hot,1.334124398968411e-08
Georgia,2000,9.311166666666667,4.497,3.446,1.933,5.798,132695811.95,Cold,4.36939182262269e-08
Georgia,2001,9.861749999999999,3.723,3.451,1.485,4.635,139026015.6,Cold,3.3339083671911805e-08
Georgia,2002,9.206,3.347,3.509,1.717,11.656,145199620.39999998,Cold,8.02756914075535e-08
Georgia,2003,8.804583333333333,3.731,3.604,1.765,2.22,147859470.33000004,Cold,1.501425630722901e-08
Georgia,2004,9.218583333333333,4.278,3.578,1.781,3.418,155806336.18,Cold,2.1937490232192877e-08
Georgia,2005,9.4135,5.046,3.532,1.849,3.963,155765783.01,Cold,2.5442044446330907e-08
Georgia,2006,9.40375,6.273,3.468,1.826,4.71,168869583.59,Cold,2.7891345924936403e-08
Georgia,2007,9.525916666666667,6.609,3.434,1.783,5.043,174169624.72,Cold,2.8954531992319194e-08
Georgia,2008,9.308583333333333,5.747,3.121,1.721,3.972,184297973.28,Cold,2.1552054576386307e-08
Georgia,2009,9.552083333333334,6.171,3.109,1.707,4.232,185591959.95,Cold,2.2802711811101214e-08
Georgia,2010,11.102416666666668,6.29,3.135,1.75,4.569,182579835.23000002,Moderate,2.5024669176744827e-08
Georgia,2011,8.52375,7.814,3.158,1.761,7.075,183661138.54999998,Cold,3.8522030394317027e-08
Georgia,2012,9.787333333333335,8.294,3.31,1.848,9.65,187831699.64000002,Cold,5.1375779312647976e-08
Georgia,2013,10.686625,8.028,3.43,1.954,7.652,55968937.050000004,Moderate,1.3671869194952503e-07
Germany,2000,10.020416666666666,898.976,100.75,49.641,1042.311,10917464.204,Moderate,9.547188660771847e-05
Germany,2001,9.090416666666666,915.255,96.953,47.462,1053.208,12199219.954000002,Cold,8.633403755628049e-05
Germany,2002,9.637333333333334,898.834,93.47,46.377,1034.082,11376384.396,Cold,9.089723704012252e-05
Germany,2003,9.494250000000001,894.501,90.241,45.183,1027.411,163221952.80999997,Cold,6.2945637888636435e-06
Germany,2004,9.053416666666667,876.57,87.161,44.703,1007.236,161025212.32,Cold,6.255144639978546e-06
Germany,2005,9.128416666666666,867.88,84.118,43.785,994.287,175644108.19,Cold,5.660804706660826e-06
Germany,2006,9.706000000000001,886.434,81.356,42.561,1010.108,166583034.08,Cold,6.063690696443996e-06
Germany,2007,9.9975,846.153,81.571,42.884,972.651,155013266.55,Cold,6.274630651768362e-06
Germany,2008,9.642166666666666,856.643,79.662,41.268,978.997,164966578.62,Cold,5.934517174661174e-06
Germany,2009,9.359166666666667,789.984,77.142,40.643,905.805,170068873.48000002,Cold,5.326106865642378e-06
Germany,2010,8.009,826.705,76.001,40.97,944.315,169544420.23,Cold,5.569720272417365e-06
Germany,2011,9.819583333333334,804.542,74.456,39.874,917.062,154916123.0,Cold,5.919732409519877e-06
Germany,2012,9.227166666666667,814.093,73.017,40.136,928.365,167716165.0,Cold,5.5353340237935085e-06
Germany,2013,9.23525,831.746,71.534,40.875,946.155,150557530.0,Cold,6.284341897184804e-06
Ghana,2000,27.24591666666667,5.313,9.468,4.572,40.454,100487838.18,Hot,4.0257607617113057e-07
Ghana,2001,27.278750000000002,5.969,8.627,3.829,39.435,104216052.11999999,Hot,3.783965984068924e-07
Ghana,2002,27.401083333333332,6.483,8.652,3.686,39.578,103233926.65,Hot,3.83381712785196e-07
Ghana,2003,27.533500000000004,6.685,9.076,4.076,41.594,16852497.150000002,Hot,2.4681207278459187e-06
Ghana,2004,27.415833333333335,6.451,9.07,3.76,38.213,16105138.840000002,Hot,2.3727207822866067e-06
Ghana,2005,27.601166666666668,6.113,9.908,4.732,40.476,18634193.76,Hot,2.1721357172291353e-06
Ghana,2006,27.58158333333333,8.523,9.915,4.606,41.841,145011826.60000002,Hot,2.88535084982268e-07
Ghana,2007,27.627666666666666,8.982,9.745,4.354,43.886,140821105.96,Hot,3.116436232280559e-07
Ghana,2008,27.367833333333333,8.324,11.562,4.407,43.624,131949372.19999999,Hot,3.306116500748941e-07
Ghana,2009,27.55758333333333,6.868,10.97,4.274,42.343,143797522.84,Hot,2.9446265046339757e-07
Ghana,2010,27.935000000000002,8.943,11.051,4.51,45.466,164513584.84,Hot,2.763662330247825e-07
Ghana,2011,27.59975,10.329,13.453,4.952,49.33,169244650.04,Hot,2.9147154546314813e-07
Ghana,2012,27.2795,12.641,13.298,4.809,50.489,142387327.4,Hot,3.5458913772273567e-07
Ghana,2013,27.7175,12.61,14.567,5.237,52.616,146618236.60000002,Hot,3.588639507695187e-07
Greece,2000,15.673333333333334,102.973,14.516,6.451,121.225,532668637.47,Moderate,2.275805092415393e-07
Greece,2001,15.931583333333334,105.361,13.884,6.204,122.429,488510883.00000006,Moderate,2.506167293500875e-07
Greece,2002,15.622333333333332,105.0,14.141,6.136,122.19,571505371.3499999,Moderate,2.1380376442930218e-07
Greece,2003,15.472583333333334,109.067,14.327,6.074,125.275,595395806.9899999,Moderate,2.1040625130182994e-07
Greece,2004,15.455666666666668,109.485,14.608,6.076,126.361,564056026.9,Moderate,2.2402207183291056e-07
Greece,2005,15.175333333333334,113.889,14.879,5.865,129.979,609273321.12,Moderate,2.1333446793260363e-07
Greece,2006,15.212666666666665,112.419,15.069,5.67,128.17,135876720.10999998,Moderate,9.432815198435576e-07
Greece,2007,16.08325,114.545,15.128,5.864,130.835,137811514.79999998,Moderate,9.493763945668757e-07
Greece,2008,16.054916666666667,111.08,15.03,5.572,127.178,131379097.47,Moderate,9.680230834362187e-07
Greece,2009,15.956166666666666,104.319,14.612,5.295,120.697,133667201.86,Moderate,9.029664526339741e-07
Greece,2010,16.37125,97.354,14.156,5.434,112.698,139050324.89999998,Moderate,8.104835373133061e-07
Greece,2011,15.261333333333335,94.505,13.899,5.182,109.427,139405242.2,Moderate,7.849561285367781e-07
Greece,2012,16.0395,91.393,13.714,4.798,105.525,148113604.2,Moderate,7.124598706344906e-07
Greece,2013,17.1535,81.713,13.051,4.82,91.018,152456066.20000002,Moderate,5.97011333636186e-07
Grenada,2000,27.190916666666666,0.187,0.041,0.007,0.29,59338449.52,Hot,4.887218952612448e-09
Grenada,2001,27.507166666666667,0.194,0.041,0.007,0.247,55669772.63,Hot,4.43687810986344e-09
Grenada,2002,27.531166666666667,0.202,0.041,0.009,0.227,61241147.72,Hot,3.706658100713693e-09
Grenada,2003,27.7165,0.213,0.042,0.009,0.234,60470518.690000005,Hot,3.869654191820953e-09
Grenada,2004,27.47475,0.205,0.042,0.008,0.192,59042787.050000004,Hot,3.251878956620511e-09
Grenada,2005,27.908,0.216,0.042,0.008,0.205,61540385.9,Hot,3.3311457780256496e-09
Grenada,2006,27.743666666666666,0.224,0.043,0.009,0.218,206302453.95,Hot,1.0567009493553291e-09
Grenada,2007,27.590999999999998,0.238,0.043,0.009,0.231,207783117.29999998,Hot,1.1117361308750753e-09
Grenada,2008,27.363666666666663,0.26,0.043,0.009,0.33,202035797.66,Hot,1.6333738980355018e-09
Grenada,2009,27.62675,0.249,0.043,0.009,0.28,214740113.44,Hot,1.3039016987123481e-09
Grenada,2010,28.10891666666667,0.256,0.043,0.01,0.276,236304629.75,Hot,1.1679838821778994e-09
Grenada,2011,27.66208333333333,0.249,0.043,0.009,0.243,240653657.29,Hot,1.0097498692796622e-09
Grenada,2012,27.636416666666666,0.267,0.043,0.009,0.262,220148013.45,Hot,1.190108394366216e-09
Grenada,2013,27.612875000000003,0.3,0.043,0.01,0.298,219967597.95999998,Hot,1.3547449779373634e-09
Guatemala,2000,23.428833333333333,9.742,9.598,2.902,85.992,84521639.83000001,Hot,1.0173962449801153e-06
Guatemala,2001,23.58441666666667,10.147,9.892,2.963,88.044,85009856.56,Hot,1.0356916542044374e-06
Guatemala,2002,23.833583333333333,10.694,10.551,3.05,93.426,84374741.39999999,Hot,1.1072744916611444e-06
Guatemala,2003,23.99383333333334,10.411,10.517,3.415,73.609,84900975.6,Hot,8.669982719609847e-07
Guatemala,2004,23.797916666666666,11.056,10.795,3.371,58.486,88296302.5,Hot,6.623833352208227e-07
Guatemala,2005,23.94825,12.038,11.24,3.611,59.222,84558199.25,Hot,7.003696841336214e-07
Guatemala,2006,23.80825,12.176,11.464,3.492,74.88,68465742.8,Hot,1.0936856279358787e-06
Guatemala,2007,23.8185,12.117,12.014,3.636,70.012,71708642.4,Hot,9.763397643637474e-07
Guatemala,2008,23.482083333333335,10.735,12.437,3.342,60.97,67142334.69999999,Hot,9.080708820202693e-07
Guatemala,2009,23.939916666666665,11.725,12.955,3.754,59.224,78477718.91000001,Hot,7.546600496028604e-07
Guatemala,2010,23.687583333333333,10.817,13.397,3.885,54.302,76241361.60000001,Hot,7.122380575081694e-07
Guatemala,2011,23.820833333333336,10.979,13.525,4.155,52.338,72142771.02,Hot,7.254780837294475e-07
Guatemala,2012,23.848166666666668,11.347,13.893,4.182,50.506,72447629.78,Hot,6.971380493224185e-07
Guatemala,2013,24.291333333333334,12.493,14.237,4.251,58.936,74553606.79,Hot,7.905184168418632e-07
Guinea,2000,25.969166666666666,1.444,9.481,3.195,36.315,105210478.30200002,Hot,3.451652367798847e-07
Guinea,2001,26.2885,1.517,9.71,3.646,36.399,109187451.392,Hot,3.3336248078508055e-07
Guinea,2002,26.514833333333332,1.579,10.419,4.035,37.043,104239849.80200002,Hot,3.55363133341028e-07
Guinea,2003,26.409750000000003,1.652,10.61,3.982,39.516,96432529.588,Hot,4.097787308810637e-07
Guinea,2004,26.40416666666667,1.722,10.738,3.863,34.874,112125122.734,Hot,3.11027527449899e-07
Guinea,2005,26.50725,1.784,11.639,4.51,40.295,112031140.094,Hot,3.596767792107945e-07
Guinea,2006,26.120583333333332,1.847,11.88,4.472,46.865,95410949.964,Hot,4.911909956508333e-07
Guinea,2007,26.317333333333334,1.927,12.13,4.482,52.166,80314936.572,Hot,6.495180296098058e-07
Guinea,2008,26.28775,1.964,12.615,4.688,41.767,88869078.184,Hot,4.699834901352251e-07
Guinea,2009,26.325666666666667,2.092,12.936,4.626,91.169,100030598.91000001,Hot,9.114111090209095e-07
Guinea,2010,26.597250000000003,2.459,14.894,4.695,73.723,100136407.73,Hot,7.362257238401763e-07
Guinea,2011,26.343000000000004,2.557,15.602,5.018,99.977,94010391.724,Hot,1.0634675284626992e-06
Guinea,2012,26.063166666666664,2.393,16.418,5.532,80.676,93090234.18399999,Hot,8.66642992581743e-07
Guinea,2013,26.68675,2.077,16.717,5.513,96.626,102225731.32,Hot,9.452218908789913e-07
Guyana,2000,26.393583333333336,1.748,1.537,0.538,12.615,17949067.04,Hot,7.028220056822516e-07
Guyana,2001,26.576999999999998,1.74,1.596,0.457,9.91,19881095.96,Hot,4.984634409227286e-07
Guyana,2002,26.608083333333337,1.711,1.471,0.458,9.683,18644309.57,Hot,5.193541463303354e-07
Guyana,2003,27.003666666666664,1.869,1.658,0.54,20.318,19876907.05,Hot,1.0221911752517263e-06
Guyana,2004,26.8715,1.927,1.54,0.537,15.246,19353736.88,Hot,7.877548044998118e-07
Guyana,2005,27.06833333333333,1.616,1.455,0.463,10.569,20460261.15,Hot,5.165622963437935e-07
Guyana,2006,26.821083333333334,1.51,1.417,0.437,10.752,19558062.15,Hot,5.497476880782033e-07
Guyana,2007,26.70875,1.781,1.455,0.45,9.871,19823414.270000003,Hot,4.979464873007223e-07
Guyana,2008,26.619,1.704,1.541,0.508,8.895,20235203.36,Hot,4.3958043821802053e-07
Guyana,2009,27.101583333333334,1.905,1.594,0.467,9.018,21297885.89,Hot,4.2342228816297375e-07
Guyana,2010,27.116083333333336,1.883,1.645,0.551,7.523,21350702.9,Hot,3.5235372263300414e-07
Guyana,2011,26.68341666666667,1.957,1.717,0.466,7.656,21494123.619999997,Hot,3.561903606381901e-07
Guyana,2012,26.80016666666667,1.957,1.75,0.528,9.136,22853219.67,Hot,3.9976859856751206e-07
Guyana,2013,26.6875,1.902,1.905,0.553,8.059,24227090.23,Hot,3.326441430170814e-07
Haiti,2000,26.598583333333334,1.634,7.186,1.526,12.093,62924878.423999995,Hot,1.9218153631276795e-07
Haiti,2001,27.01375,1.466,7.25,1.526,11.667,67709355.514,Hot,1.7231001150613003e-07
Haiti,2002,27.249666666666666,1.778,7.316,1.514,11.641,52753047.4,Hot,2.2066971204644167e-07
Haiti,2003,27.334333333333333,1.692,7.376,1.517,11.764,58593946.606,Hot,2.007715895693529e-07
Haiti,2004,27.177666666666667,1.643,7.447,1.517,21.108,65133111.471999995,Hot,3.2407479389341476e-07
Haiti,2005,27.180583333333335,1.715,7.569,1.531,21.694,60191577.743999995,Hot,3.6041586635011623e-07
Haiti,2006,27.222250000000003,1.746,7.671,1.535,17.13,61149694.294,Hot,2.801322217165781e-07
Haiti,2007,27.28825,1.766,7.82,1.568,16.625,51084922.099999994,Hot,3.2543848539139724e-07
Haiti,2008,26.92716666666667,1.754,7.931,1.571,20.062,61221146.986,Hot,3.276972199963934e-07
Haiti,2009,27.145166666666668,1.881,8.089,1.566,30.309,61516922.856,Hot,4.926936865527914e-07
Haiti,2010,27.002333333333336,2.129,8.22,1.592,24.496,63811194.412,Hot,3.838824808380476e-07
Haiti,2011,26.943583333333333,2.272,8.404,1.626,22.502,69877624.70000002,Hot,3.220200997756567e-07
Haiti,2012,27.045083333333334,2.262,8.58,1.636,22.169,61354574.086,Hot,3.6132594788450524e-07
Haiti,2013,27.031555555555556,2.703,8.62,1.648,18.315,80737042.13,Hot,2.2684754469531194e-07
Honduras,2000,25.153666666666666,5.032,5.133,2.099,19.476,10019034.06,Hot,1.9438997751146703e-06
Honduras,2001,25.154750000000003,5.665,5.299,1.98,25.884,10226526.2,Hot,2.5310645044781185e-06
Honduras,2002,25.432583333333337,5.945,5.742,1.702,33.82,11705248.4,Hot,2.889301957120196e-06
Honduras,2003,25.54875,6.687,6.538,2.128,27.67,13052325.21,Hot,2.1199286284157313e-06
Honduras,2004,25.463916666666666,7.194,6.538,1.856,21.161,12154420.98,Hot,1.7410124508446596e-06
Honduras,2005,25.626416666666668,6.835,6.854,2.189,19.443,13645391.75,Hot,1.4248765393726026e-06
Honduras,2006,25.589916666666667,7.698,6.8,2.212,21.683,12912261.700000001,Hot,1.6792564172350675e-06
Honduras,2007,25.383416666666665,8.216,6.959,2.224,23.576,13465007.33,Hot,1.750908682876396e-06
Honduras,2008,25.107833333333332,8.533,7.125,2.189,24.852,13791663.63,Hot,1.8019579700293218e-06
Honduras,2009,25.518583333333336,8.03,7.433,2.216,32.705,13546805.459999999,Hot,2.414222133944918e-06
Honduras,2010,25.24566666666667,8.107,7.561,2.254,32.036,12712521.680000002,Hot,2.5200348354462088e-06
Honduras,2011,25.47425,8.857,7.719,2.529,34.567,13302844.07,Hot,2.598466705288029e-06
Honduras,2012,25.260583333333333,9.108,7.824,2.385,30.006,13052957.870000001,Hot,2.2987891327048973e-06
Honduras,2013,25.732333333333333,9.328,8.006,2.475,29.677,12877027.74,Hot,2.304646560880472e-06
Hungary,2000,11.700333333333333,58.244,11.524,6.982,72.87,184091720.82,Moderate,3.9583528949362734e-07
Hungary,2001,10.52375,59.828,11.196,7.443,74.138,169927737.65,Moderate,4.362913352993061e-07
Hungary,2002,11.432083333333333,58.842,10.992,6.525,73.088,186316125.45,Moderate,3.9227951650022077e-07
Hungary,2003,10.597916666666666,61.611,10.885,6.384,76.238,188255479.11999997,Moderate,4.0497094666993757e-07
Hungary,2004,10.3115,59.985,10.645,7.224,74.896,185130133.32,Moderate,4.045586650444559e-07
Hungary,2005,9.942583333333333,60.142,11.06,6.97,75.022,207859396.04999998,Cold,3.609266699737115e-07
Hungary,2006,10.629083333333334,59.529,11.047,6.723,74.487,209981415.73,Moderate,3.547313908057753e-07
Hungary,2007,11.707250000000002,58.449,10.794,6.063,72.995,214813646.06,Moderate,3.398061575650807e-07
Hungary,2008,11.531083333333335,57.184,10.382,5.696,70.916,210990250.75,Moderate,3.361103151060627e-07
Hungary,2009,11.381083333333335,51.458,10.114,5.24,61.951,207471139.93,Moderate,2.9860056546805243e-07
Hungary,2010,10.347833333333334,51.993,9.824,5.15,61.944,233271755.94000003,Moderate,2.6554436256049915e-07
Hungary,2011,10.877,50.156,9.706,5.39,60.823,246382589.76000002,Moderate,2.468640329350517e-07
Hungary,2012,11.293666666666667,46.72,9.637,5.259,56.597,244431249.28,Moderate,2.3154567975726186e-07
Hungary,2013,12.3015,43.487,9.527,5.625,54.439,239655098.17999998,Moderate,2.2715560898252366e-07
India,2000,24.498,987.065,685.316,183.787,2005.885,36756879.84,Hot,5.45716871007491e-05
India,2001,24.581916666666668,1001.198,689.962,186.588,2000.273,38379122.88000001,Hot,5.211877702717375e-05
India,2002,24.913,1032.75,683.408,180.288,1994.045,36843599.98,Hot,5.412188132974401e-05
India,2003,24.649916666666666,1068.398,695.315,186.553,2059.556,40671242.49,Hot,5.06391205006159e-05
India,2004,24.634583333333335,1134.611,705.392,193.083,2129.202,38273061.54999999,Hot,5.563186894747206e-05
India,2005,24.495416666666667,1195.393,721.894,201.701,2205.413,40690092.800000004,Hot,5.420024369666112e-05
India,2006,24.732083333333335,1293.321,733.283,211.708,2324.594,46937951.35,Hot,4.9524827641954003e-05
India,2007,24.649916666666666,1393.485,749.827,222.493,2485.674,50986037.41,Hot,4.875205208162397e-05
India,2008,24.406000000000002,1490.366,764.115,227.304,2641.331,53025282.63,Hot,4.981267084643409e-05
India,2009,25.146666666666665,1613.328,762.322,233.941,2738.05,50927098.42,Hot,5.3764106559831247e-05
India,2010,25.050833333333333,1678.53,769.342,242.128,2848.131,55871612.089999996,Hot,5.097635171929131e-05
India,2011,24.415583333333334,1765.695,781.037,251.811,2950.343,56650837.38,Hot,5.2079423436063184e-05
India,2012,24.640833333333333,1926.986,783.911,254.287,3164.01,56174747.580000006,Hot,5.632441764281413e-05
India,2013,25.413249999999998,1995.337,758.221,255.623,3124.772,61113505.55,Hot,5.113062850424838e-05
Indonesia,2000,26.190250000000002,281.054,199.062,45.446,1250.713,263020532.04000002,Hot,4.755191488452318e-06
Indonesia,2001,26.32975,316.759,201.118,45.318,1168.101,247085359.60000002,Hot,4.727520064982757e-06
Indonesia,2002,26.529,308.201,199.735,48.422,1482.271,279967608.96,Hot,5.294437453717512e-06
Indonesia,2003,26.4455,339.024,201.292,47.917,1161.728,285269984.97999996,Hot,4.07238075190093e-06
Indonesia,2004,26.434833333333334,342.709,205.566,50.651,1288.085,283322745.13,Hot,4.546352234666588e-06
Indonesia,2005,26.45375,347.361,209.288,50.341,1217.586,311127220.98,Hot,3.913466627096581e-06
Indonesia,2006,26.38175,346.366,221.061,52.787,1858.979,252146998.8,Hot,7.372600116101005e-06
Indonesia,2007,26.293083333333332,387.577,224.719,52.13,1356.118,272968737.55999994,Hot,4.968034094870971e-06
Indonesia,2008,26.065250000000002,365.384,229.503,53.78,1483.168,267869716.5,Hot,5.536900601688953e-06
Indonesia,2009,26.455000000000002,398.624,242.077,57.644,1855.115,266317483.35,Hot,6.965802506462434e-06
Indonesia,2010,26.537000000000003,445.37,247.332,56.352,1649.02,288159267.34,Hot,5.722599205291972e-06
Indonesia,2011,26.202250000000003,500.458,288.165,59.783,1831.722,306745096.58,Hot,5.971479298124012e-06
Indonesia,2012,26.322083333333335,515.77,300.722,61.634,1924.482,307228608.25,Hot,6.264006482657995e-06
Indonesia,2013,26.467,493.435,299.584,59.1,1978.383,317632440.16,Hot,6.228529405796542e-06
Iran,2000,18.892083333333336,367.213,131.09,22.968,525.648,36690484.82,Moderate,1.4326547829831925e-05
Iran,2001,19.473833333333335,389.912,121.263,23.366,539.502,31522329.140000004,Moderate,1.7114914969924867e-05
Iran,2002,19.142416666666666,397.031,121.109,24.283,547.39,28965136.51,Moderate,1.8898235846835443e-05
Iran,2003,18.915166666666668,410.967,145.163,25.057,588.296,30891706.96,Moderate,1.9043815925029225e-05
Iran,2004,19.149916666666666,442.119,141.749,26.232,619.578,27692392.349999998,Moderate,2.2373580794164187e-05
Iran,2005,18.80666666666667,466.795,149.683,26.972,655.284,30843707.36,Moderate,2.124530527755256e-05
Iran,2006,19.211916666666667,501.015,156.833,28.867,667.689,29771237.599999998,Moderate,2.2427316813080125e-05
Iran,2007,18.740416666666665,507.771,148.203,28.055,673.859,31284292.3,Moderate,2.1539850478259007e-05
Iran,2008,18.90491666666667,528.528,146.494,27.817,689.711,30630771.1,Moderate,2.251693159246221e-05
Iran,2009,19.1095,543.406,147.998,28.541,705.623,31518965.07,Moderate,2.238725085184877e-05
Iran,2010,20.09016666666667,561.496,153.207,29.088,728.128,31551119.520000003,Hot,2.3077722375610893e-05
Iran,2011,18.91541666666667,576.366,152.86,26.578,738.667,33838534.69,Moderate,2.1829165622503333e-05
Iran,2012,18.959666666666667,599.278,135.664,27.612,745.122,34954995.33,Moderate,2.131660930430428e-05
Iran,2013,20.541,609.997,135.631,27.638,759.054,35595108.15,Hot,2.1324671229446138e-05
Iraq,2000,22.988833333333332,83.722,74.244,5.15,158.757,79664857.24,Hot,1.99281092701785e-06
Iraq,2001,23.517083333333332,96.802,75.548,6.733,179.613,81733808.95,Hot,2.197536125012119e-06
Iraq,2002,22.895583333333335,97.09,67.887,6.918,170.983,85081733.52,Hot,2.0096322784746165e-06
Iraq,2003,22.95941666666667,101.424,64.608,4.028,168.651,84148610.84,Hot,2.004204184861334e-06
Iraq,2004,22.77891666666667,113.016,76.049,4.382,195.077,89052858.06,Hot,2.190575373538153e-06
Iraq,2005,22.696083333333334,114.282,71.887,4.893,194.744,89149851.53,Hot,2.1844567822977195e-06
Iraq,2006,22.904333333333337,98.838,73.952,4.805,182.061,20817196.23,Hot,8.745701834329021e-06
Iraq,2007,23.015,61.361,70.744,4.732,130.726,19379453.4,Hot,6.745597543757476e-06
Iraq,2008,23.118166666666667,94.335,75.115,5.072,165.949,19497051.37,Hot,8.511491729659851e-06
Iraq,2009,22.998083333333337,105.211,83.987,5.79,195.631,20948524.02,Hot,9.338652712457175e-06
Iraq,2010,24.650333333333336,113.983,92.385,5.829,217.205,20051756.64,Hot,1.0832217499313441e-05
Iraq,2011,22.59325,123.526,101.034,6.141,232.51,21223824.9,Hot,1.0955140750565617e-05
Iraq,2012,23.428916666666666,134.04,113.075,6.497,259.719,21034696.380000003,Hot,1.2347170739282581e-05
Iraq,2013,24.2405,141.704,113.302,6.646,272.842,22120797.22,Hot,1.2334184204678306e-05
Israel,2000,20.230416666666667,59.519,5.777,2.401,67.736,21672107.288,Hot,3.1254919502919754e-06
Israel,2001,20.929750000000002,63.024,5.878,2.354,71.595,22541535.827999998,Hot,3.1761365938043845e-06
Israel,2002,20.728333333333335,59.305,5.957,2.476,67.921,18712452.098,Hot,3.6297218565779304e-06
Israel,2003,20.614,62.415,6.081,2.533,70.746,19328620.188,Hot,3.6601679608642755e-06
Israel,2004,20.4905,58.679,6.21,2.527,67.094,19604906.528,Hot,3.4223063742675356e-06
Israel,2005,20.43775,56.528,6.01,2.511,64.675,19721332.988,Hot,3.279443471691789e-06
Israel,2006,20.409166666666668,62.149,6.227,2.556,70.818,20322150.387999997,Hot,3.484768844002276e-06
Israel,2007,20.701583333333335,62.8,6.384,2.692,71.646,22187392.228000004,Hot,3.229131032373119e-06
Israel,2008,20.930083333333332,67.98,6.291,2.384,76.662,21419810.158,Hot,3.5790231498547934e-06
Israel,2009,20.831416666666666,63.861,6.374,2.311,72.303,21652381.788000003,Hot,3.339262967402883e-06
Israel,2010,22.311166666666665,68.287,6.565,2.356,77.147,22407623.090000004,Hot,3.4428906737340752e-06
Israel,2011,20.33125,68.595,6.775,2.45,77.985,22791140.818000004,Hot,3.4217241339970492e-06
Israel,2012,21.006083333333333,74.781,6.85,2.601,84.185,27534535.366,Hot,3.057432995456307e-06
Israel,2013,21.222375,63.095,7.052,2.479,73.06,147606360.048,Hot,4.949651185848398e-07
Italy,2000,14.1255,469.598,61.303,25.789,538.479,258261980.39999998,Moderate,2.085010720823038e-06
Italy,2001,13.95425,469.679,58.016,24.67,530.13,251459358.98000002,Moderate,2.1082134307594046e-06
Italy,2002,13.934,477.136,59.063,25.603,534.504,264143198.89000002,Moderate,2.023538748007101e-06
Italy,2003,14.296916666666666,495.094,57.755,25.547,555.486,271266460.61,Moderate,2.0477503805782767e-06
Italy,2004,13.559833333333332,500.687,55.592,25.24,556.622,288601374.4800001,Moderate,1.9286879664874417e-06
Italy,2005,13.028583333333332,501.365,55.428,24.629,554.302,288887852.64000005,Moderate,1.9187445682321694e-06
Italy,2006,13.787333333333335,496.075,54.581,19.537,540.84,291361929.39,Moderate,1.8562479980691483e-06
Italy,2007,14.073333333333332,489.794,54.576,19.318,550.905,302965055.72999996,Moderate,1.8183780200465895e-06
Italy,2008,13.88125,478.132,53.961,17.895,528.453,311314314.12999994,Moderate,1.6974902030423059e-06
Italy,2009,14.052916666666667,424.032,53.466,16.358,479.793,291686888.07000005,Moderate,1.6448905246641292e-06
Italy,2010,13.324916666666667,435.672,53.357,16.142,484.362,298920805.67,Moderate,1.6203689712865044e-06
Italy,2011,14.173166666666667,423.897,50.008,15.952,476.084,310918742.68,Moderate,1.531216787914174e-06
Italy,2012,14.079,403.444,50.658,16.335,444.475,315860256.5899999,Moderate,1.4071887466670388e-06
Italy,2013,14.165,369.461,49.341,16.163,412.456,92650473.046,Moderate,4.4517419284354644e-06
Jamaica,2000,26.469416666666664,10.314,1.159,0.528,17.195,16443883.700000001,Hot,1.0456774851991025e-06
Jamaica,2001,26.703083333333336,10.576,1.162,0.522,15.409,16224972.3,Hot,9.497088047596356e-07
Jamaica,2002,27.00075,10.203,1.16,0.528,15.768,16950356.630000003,Hot,9.302458593612576e-07
Jamaica,2003,27.065833333333334,10.667,1.209,0.553,14.972,18425538.16,Hot,8.125678098203341e-07
Jamaica,2004,26.903833333333335,10.574,1.145,0.544,15.194,18790588.47,Hot,8.085962403818087e-07
Jamaica,2005,26.834999999999997,10.413,1.108,0.523,13.726,24315628.759999998,Hot,5.644928852543937e-07
Jamaica,2006,27.034166666666668,11.574,0.881,0.472,20.323,23711880.7,Hot,8.570808617014989e-07
Jamaica,2007,27.01391666666667,10.749,0.846,0.46,20.9,23363401.56,Hot,8.945614812023339e-07
Jamaica,2008,26.6215,10.776,0.838,0.417,19.767,21188344.67,Hot,9.329185160494881e-07
Jamaica,2009,26.860166666666668,7.937,0.823,0.401,11.236,22088739.44,Hot,5.08675450758296e-07
Jamaica,2010,26.52125,7.677,0.799,0.386,10.43,19997298.938000005,Hot,5.215704136227072e-07
Jamaica,2011,26.640583333333336,8.226,0.823,0.385,11.593,19735966.058,Hot,5.874047096821011e-07
Jamaica,2012,26.88508333333333,7.887,0.828,0.396,10.392,24653763.43,Hot,4.2151777792418856e-07
Jamaica,2013,27.125333333333334,8.467,0.827,0.381,10.607,9362483.851999998,Hot,1.1329257315416804e-06
Japan,2000,12.833833333333333,1260.203,42.953,28.387,1320.89,26563790.326,Moderate,4.9725206157117516e-05
Japan,2001,12.450000000000001,1245.935,41.539,27.876,1296.37,28548402.914,Moderate,4.540954387170718e-05
Japan,2002,12.837333333333333,1275.42,40.553,27.141,1320.563,28340381.838,Moderate,4.659651238829888e-05
Japan,2003,12.507,1283.845,39.714,26.888,1327.355,28016925.007999998,Moderate,4.7376896366895675e-05
Japan,2004,13.435666666666668,1279.122,39.444,26.437,1320.234,30151146.952000003,Moderate,4.378718853762334e-05
Japan,2005,12.555916666666667,1286.412,38.946,25.514,1329.97,31601474.954,Moderate,4.2085692514360467e-05
Japan,2006,12.757083333333334,1263.44,38.588,24.617,1303.416,32206826.854,Moderate,4.0470176259166093e-05
Japan,2007,13.192166666666667,1298.974,38.629,24.378,1341.75,34079553.3,Moderate,3.937111348900476e-05
Japan,2008,12.874916666666666,1228.687,36.215,22.507,1269.168,34399534.120000005,Moderate,3.689491720084617e-05
Japan,2009,12.933833333333332,1160.253,35.8,20.883,1193.447,33753293.31400001,Moderate,3.53579413285591e-05
Japan,2010,13.215583333333333,1211.09,35.999,21.472,1245.828,35669748.55,Moderate,3.4926738082465735e-05
Japan,2011,12.73775,1261.181,34.923,20.542,1303.186,39099043.624,Moderate,3.3330379617512976e-05
Japan,2012,12.565666666666667,1302.113,34.064,20.55,1344.788,36722496.66,Moderate,3.662027600766413e-05
Japan,2013,12.96475,1311.876,33.943,20.689,1351.01,38440620.31,Moderate,3.514537366877955e-05
Jordan,2000,20.04525,15.401,2.352,0.76,18.502,57091361.519999996,Hot,3.2407704394020127e-07
Jordan,2001,20.730833333333333,15.858,2.408,0.832,19.178,29279715.184,Hot,6.549926877528916e-07
Jordan,2002,20.322833333333335,16.707,2.497,0.929,20.157,31697624.303999998,Hot,6.359151452729281e-07
Jordan,2003,20.331416666666666,17.273,2.565,0.997,21.466,31980207.004,Hot,6.712276542202318e-07
Jordan,2004,20.25525,19.003,2.659,1.031,22.88,33062027.974000003,Hot,6.920325433745413e-07
Jordan,2005,20.137416666666667,20.79,2.816,1.147,24.978,35961827.724,Hot,6.945697948705908e-07
Jordan,2006,20.173333333333336,20.829,2.952,1.105,24.524,37239586.524,Hot,6.58546499318632e-07
Jordan,2007,20.43975,21.7,3.177,1.167,26.099,37508452.724,Hot,6.958164735887367e-07
Jordan,2008,20.572750000000003,20.987,3.587,1.23,26.637,37396067.624000005,Hot,7.122941255623041e-07
Jordan,2009,20.4985,21.545,3.535,1.198,26.535,40010678.724,Hot,6.631979307285612e-07
Jordan,2010,22.228000000000005,20.838,3.693,1.228,26.155,41161234.36,Hot,6.354279644730274e-07
Jordan,2011,20.1145,21.409,4.022,1.275,27.689,41972512.25,Hot,6.596936389078393e-07
Jordan,2012,20.82025,24.069,4.212,1.337,30.475,39830663.99,Hot,7.651140147334005e-07
Jordan,2013,21.319125,24.061,4.279,1.448,30.515,172311581.73,Hot,1.7709198369917382e-07
Kazakhstan,2000,6.761416666666666,142.197,32.816,6.936,141.256,234657782.42999998,Cold,6.01965969060377e-07
Kazakhstan,2001,6.813083333333334,138.036,34.125,7.601,124.536,246660349.52999997,Cold,5.048886038327971e-07
Kazakhstan,2002,7.301583333333334,156.768,38.496,12.083,169.281,227743392.22,Cold,7.432970836456918e-07
Kazakhstan,2003,6.131416666666667,175.022,38.115,8.878,194.207,235266330.85,Cold,8.254772303068914e-07
Kazakhstan,2004,7.393,185.476,40.649,9.905,215.078,248785511.70999998,Cold,8.645117541498826e-07
Kazakhstan,2005,6.998833333333334,198.449,41.692,10.276,233.922,250746724.38999996,Cold,9.329015150094919e-07
Kazakhstan,2006,6.869833333333333,219.633,44.856,11.201,262.162,251439523.77999997,Cold,1.042644350483011e-06
Kazakhstan,2007,7.155166666666666,225.712,44.68,10.281,267.572,241157854.59,Cold,1.1095305162063951e-06
Kazakhstan,2008,7.028916666666667,226.102,48.842,10.785,283.805,253267944.14999995,Cold,1.1205721270092599e-06
Kazakhstan,2009,6.382083333333333,223.189,47.857,9.798,294.949,257757051.48999995,Cold,1.1442907076672246e-06
Kazakhstan,2010,6.710000000000001,248.093,52.067,11.343,352.54,254293630.68,Cold,1.3863500932796936e-06
Kazakhstan,2011,5.69625,238.157,50.894,10.247,330.523,267099877.62000003,Cold,1.2374509554541256e-06
Kazakhstan,2012,6.0754166666666665,245.263,51.33,10.109,335.196,231748553.74999997,Cold,1.4463779520074874e-06
Kazakhstan,2013,8.937249999999999,253.533,50.231,9.195,338.583,233652657.24,Cold,1.4490868734402292e-06
Kenya,2000,24.71666666666667,10.385,24.248,9.236,56.725,17034522.707999997,Hot,3.3300021164290022e-06
Kenya,2001,24.458333333333332,9.224,24.417,9.203,54.613,17254933.192,Hot,3.165065678739043e-06
Kenya,2002,24.66175,7.819,25.418,9.491,56.283,16831658.288000003,Hot,3.343877097139586e-06
Kenya,2003,24.858333333333334,6.716,26.822,10.106,58.263,17913066.89,Hot,3.2525416839694676e-06
Kenya,2004,24.86708333333333,7.621,28.377,10.574,59.785,18330565.18,Hot,3.261492275412084e-06
Kenya,2005,25.133666666666667,8.454,27.952,10.509,62.066,19070073.78,Hot,3.2546280345524683e-06
Kenya,2006,24.820083333333333,9.567,27.789,10.174,66.96,21559271.05,Hot,3.1058562573312854e-06
Kenya,2007,24.788750000000004,9.734,39.619,15.427,84.085,21900547.856,Hot,3.839401494130299e-06
Kenya,2008,24.64975,10.099,40.322,15.449,88.077,22665369.701999996,Hot,3.885972180116519e-06
Kenya,2009,25.228083333333334,12.185,39.141,15.052,88.693,20670295.529999997,Hot,4.290843136733656e-06
Kenya,2010,24.961250000000003,11.857,39.565,15.247,100.902,23964493.076,Hot,4.210479039532551e-06
Kenya,2011,24.96575,12.218,40.61,15.746,102.165,23680746.386,Hot,4.31426417142559e-06
Kenya,2012,24.925416666666667,11.246,40.598,15.835,94.579,24805303.546,Hot,3.812853812159763e-06
Kenya,2013,24.93525,12.163,40.338,15.698,87.363,27376883.388,Hot,3.1911228013328452e-06
Kuwait,2000,26.376083333333337,54.98,31.048,0.688,86.724,30009686.992000002,Hot,2.889866766462848e-06
Kuwait,2001,26.654750000000003,59.119,29.272,0.692,89.088,27436151.018,Hot,3.2471025798935706e-06
Kuwait,2002,26.386750000000003,60.114,29.296,0.747,90.161,26106616.208,Hot,3.453568851209549e-06
Kuwait,2003,26.496583333333334,62.491,35.814,0.77,99.078,27854664.308000002,Hot,3.5569625017732414e-06
Kuwait,2004,26.155416666666667,65.855,35.942,0.773,102.573,28967963.487999998,Hot,3.5409115487728157e-06
Kuwait,2005,25.987916666666667,74.615,38.586,0.828,114.034,32824689.022000004,Hot,3.474031283267909e-06
Kuwait,2006,26.314666666666668,76.222,39.089,0.876,116.193,33163338.592,Hot,3.503657997942682e-06
Kuwait,2007,26.330916666666667,77.295,36.877,0.862,115.039,34053077.392000005,Hot,3.3782261525884775e-06
Kuwait,2008,26.266583333333333,84.442,35.918,0.945,121.31,40465350.38999999,Hot,2.9978733863158484e-06
Kuwait,2009,26.453166666666664,88.832,32.48,0.954,122.273,42697777.019999996,Hot,2.8636853173653742e-06
Kuwait,2010,27.63866666666667,89.721,32.75,0.95,123.428,43471197.800000004,Hot,2.8393051815263024e-06
Kuwait,2011,26.087500000000002,87.151,36.43,0.972,124.559,44831030.7,Hot,2.7784102947601805e-06
Kuwait,2012,26.675583333333336,101.201,39.482,0.998,141.687,43016552.82,Hot,3.293778497293859e-06
Kuwait,2013,27.273375,83.047,39.35,1.054,123.458,45800142.720000006,Hot,2.6955810609408274e-06
Kyrgyzstan,2000,4.73075,4.575,4.16,1.23,14.449,78307448.58200002,Cold,1.84516289026495e-07
Kyrgyzstan,2001,4.781,3.857,4.2,1.247,13.532,83616829.862,Cold,1.6183344741123968e-07
Kyrgyzstan,2002,4.709,4.917,4.282,1.155,14.678,97169450.93600002,Cold,1.510557043140221e-07
Kyrgyzstan,2003,4.042333333333333,5.376,4.31,1.293,14.91,102554317.15600002,Cold,1.453863695658307e-07
Kyrgyzstan,2004,5.02925,5.808,4.319,1.281,14.449,103303181.74400002,Cold,1.3986984346655298e-07
Kyrgyzstan,2005,4.518083333333333,5.519,4.393,1.318,14.15,117287773.468,Cold,1.2064343503986078e-07
Kyrgyzstan,2006,4.917333333333333,5.457,4.206,1.326,13.732,122547458.292,Cold,1.1205454669835359e-07
Kyrgyzstan,2007,5.053249999999999,6.522,4.308,1.388,14.863,134242227.254,Cold,1.1071776886687016e-07
Kyrgyzstan,2008,4.577583333333333,7.481,4.512,1.417,15.754,125271196.964,Cold,1.257591549857081e-07
Kyrgyzstan,2009,4.349166666666666,6.709,4.804,1.549,15.2,137992917.87,Cold,1.1015057964184071e-07
Kyrgyzstan,2010,4.59575,6.356,4.919,1.55,15.009,139040244.04000002,Cold,1.0794716303673164e-07
Kyrgyzstan,2011,4.201583333333333,7.62,5.609,1.601,16.985,147337981.68600002,Cold,1.1527916760064277e-07
Kyrgyzstan,2012,3.576916666666667,10.087,5.169,1.672,18.946,151181371.66600004,Cold,1.2531967176840474e-07
Kyrgyzstan,2013,6.2631250000000005,9.734,5.711,1.745,19.355,129767751.27000001,Cold,1.4915107691569788e-07
Laos,2000,23.835166666666666,0.96,6.343,1.676,51.024,134464413.34,Hot,3.7946099159725085e-07
Laos,2001,24.155083333333334,1.059,6.561,1.725,51.069,142934426.59,Hot,3.572897087221616e-07
Laos,2002,24.22041666666667,1.166,6.687,1.779,53.915,146211234.62999997,Hot,3.687473111603852e-07
Laos,2003,24.331916666666668,1.221,6.854,1.836,56.091,142115261.15,Hot,3.946866729964372e-07
Laos,2004,23.86375,1.282,7.106,2.161,62.294,135003631.48,Hot,4.614246213651214e-07
Laos,2005,24.31775,1.337,7.006,2.045,65.641,141931451.36,Hot,4.6248381812866836e-07
Laos,2006,24.4055,1.757,7.085,1.948,60.881,146280010.11,Hot,4.161949369433569e-07
Laos,2007,24.21075,1.836,7.38,2.373,69.445,138004261.33,Hot,5.032090953389613e-07
Laos,2008,23.631583333333335,2.131,7.668,2.101,73.837,147383633.3,Hot,5.009850676480434e-07
Laos,2009,24.3655,2.667,8.006,2.24,79.615,143022191.88,Hot,5.566618606302549e-07
Laos,2010,24.934166666666666,3.001,8.436,2.607,69.682,143651522.92000002,Hot,4.850766500660733e-07
Laos,2011,23.61066666666667,3.097,8.228,2.269,71.05,144697279.56,Hot,4.910251231054649e-07
Laos,2012,24.907666666666668,3.328,8.834,2.605,77.706,153408030.84000003,Hot,5.065314968713309e-07
Laos,2013,25.38525,4.198,8.834,2.665,84.166,163702337.4,Hot,5.141404870732133e-07
Lebanon,2000,18.377333333333336,15.466,1.971,0.758,17.676,30642641.496000003,Moderate,5.768432015061159e-07
Lebanon,2001,19.06275,16.407,2.041,0.798,19.018,30528129.464,Moderate,6.229664152682651e-07
Lebanon,2002,18.677083333333332,16.244,2.129,0.76,19.091,53552091.94,Moderate,3.5649400335089875e-07
Lebanon,2003,18.554,18.529,2.222,0.801,21.406,53679347.23,Moderate,3.987753336400746e-07
Lebanon,2004,18.47425,17.208,2.312,0.82,20.319,56838530.17,Moderate,3.574863667610853e-07
Lebanon,2005,18.39275,16.65,2.389,0.757,19.586,72330688.98000002,Moderate,2.7078408909711323e-07
Lebanon,2006,18.314333333333334,14.792,2.432,0.725,17.841,76027255.25,Moderate,2.3466584064711662e-07
Lebanon,2007,18.755166666666664,13.746,2.469,0.736,16.724,74064884.31,Moderate,2.2580201035890862e-07
Lebanon,2008,18.957166666666666,17.418,2.519,0.757,20.532,77399322.82999998,Moderate,2.6527363527227344e-07
Lebanon,2009,18.85225,20.958,2.593,0.8,23.862,78262650.53999999,Moderate,3.04896390940756e-07
Lebanon,2010,20.268833333333333,19.997,2.669,0.814,23.485,85335085.64999999,Hot,2.7520918911494423e-07
Lebanon,2011,18.261666666666667,20.264,2.846,0.921,24.012,82877625.57,Moderate,2.8972837415558727e-07
Lebanon,2012,18.989083333333337,22.332,3.015,1.034,26.282,85812547.33000001,Moderate,3.062722237187289e-07
Lebanon,2013,19.17825,22.164,3.183,1.01,26.39,77972525.59,Moderate,3.384525441732258e-07
Lesotho,2000,14.053916666666666,1.85,1.751,0.783,4.73,64589280.432,Moderate,7.323196504329863e-08
Lesotho,2001,14.333416666666666,1.872,1.716,0.781,4.089,30879008.990000002,Moderate,1.3242004848355568e-07
Lesotho,2002,14.387333333333332,1.905,1.605,0.706,4.981,56913302.67,Moderate,8.751908040484341e-08
Lesotho,2003,14.684833333333335,1.931,1.651,0.725,5.972,64342917.77799999,Moderate,9.281518640155217e-08
Lesotho,2004,14.562916666666666,1.979,1.613,0.694,5.782,65921760.094,Moderate,8.771003541236189e-08
Lesotho,2005,14.576500000000001,2.012,1.732,0.758,4.961,73685979.39999999,Moderate,6.732623998580877e-08
Lesotho,2006,13.903500000000001,2.034,1.681,0.746,6.743,73734201.51399998,Moderate,9.145009737807499e-08
Lesotho,2007,14.525333333333334,2.074,1.715,0.772,6.787,71699847.014,Moderate,9.465849911808434e-08
Lesotho,2008,14.427750000000001,2.121,1.685,0.718,5.727,79651397.28,Moderate,7.190080932249015e-08
Lesotho,2009,14.257166666666668,2.217,1.711,0.73,5.165,76715217.0,Moderate,6.73269285371776e-08
Lesotho,2010,14.906833333333333,2.275,1.693,0.718,4.738,82625223.50000001,Moderate,5.734326325491557e-08
Lesotho,2011,14.026916666666667,2.759,1.712,0.728,4.697,88876260.6,Moderate,5.284875753594929e-08
Lesotho,2012,14.3865,2.792,1.714,0.718,4.141,84630495.59,Moderate,4.893035214080622e-08
Lesotho,2013,13.773625,2.125,1.633,0.672,4.974,83638047.61,Moderate,5.947054101170523e-08
Libya,2000,22.835083333333333,53.239,40.886,1.351,94.437,266412950.232,Hot,3.5447601013121e-07
Libya,2001,23.41316666666667,53.114,37.462,1.329,90.874,269255129.832,Hot,3.3750146086055546e-07
Libya,2002,23.40941666666667,52.525,36.401,1.422,89.684,128085011.284,Hot,7.001912120767549e-07
Libya,2003,23.369,55.481,42.037,1.451,97.79,102812862.24,Hot,9.511455757410926e-07
Libya,2004,23.27841666666667,56.854,40.952,1.539,98.371,87680764.33999999,Hot,1.121922232527812e-06
Libya,2005,23.256666666666664,55.986,43.68,1.611,100.316,133598785.70799999,Hot,7.508750825653494e-07
Libya,2006,23.315083333333334,51.45,42.09,1.68,94.343,130270976.478,Hot,7.242058194883242e-07
Libya,2007,23.325833333333335,44.392,39.24,1.7,84.49,131581461.86799999,Hot,6.421117242385332e-07
Libya,2008,23.474333333333334,49.699,40.058,1.726,90.879,107677319.44,Hot,8.439938849577859e-07
Libya,2009,23.379833333333334,51.627,36.484,1.823,89.033,118258633.26200001,Hot,7.528668038119643e-07
Libya,2010,24.51591666666667,59.148,38.801,1.936,99.018,138784776.76999998,Hot,7.134644129639118e-07
Libya,2011,22.988333333333333,53.542,15.046,1.776,69.612,140646372.418,Hot,4.949434408316639e-07
Libya,2012,23.270666666666667,61.606,33.124,1.915,96.012,135871235.91799998,Hot,7.066396257063919e-07
Libya,2013,24.314,51.344,24.399,1.962,77.037,133073110.128,Hot,5.789073340736722e-07
Lithuania,2000,8.107666666666665,11.843,4.404,4.806,3.408,54857852.81200001,Cold,6.212419486331616e-08
Lithuania,2001,7.120416666666666,12.594,4.214,4.839,10.847,55143529.722,Cold,1.9670485110363983e-07
Lithuania,2002,7.706083333333333,12.666,4.469,5.049,9.924,62682540.648,Cold,1.5832159544086775e-07
Lithuania,2003,6.830333333333333,12.659,4.4,5.115,13.87,66268777.728,Cold,2.0929916419509362e-07
Lithuania,2004,6.835333333333332,13.254,4.436,5.283,23.819,66998880.728,Cold,3.5551339642801265e-07
Lithuania,2005,6.920999999999999,13.863,4.405,5.502,20.08,71312762.08800001,Cold,2.8157652474103773e-07
Lithuania,2006,7.422000000000001,14.195,4.408,5.469,18.771,76286136.08800001,Cold,2.4606043399925573e-07
Lithuania,2007,7.853999999999999,15.474,4.551,6.079,21.522,80675901.652,Cold,2.667711087514737e-07
Lithuania,2008,8.175333333333333,14.919,4.561,5.845,24.65,81466159.652,Cold,3.025796208231502e-07
Lithuania,2009,7.096083333333333,12.829,4.411,5.481,23.066,136892540.03,Cold,1.6849712794026582e-07
Lithuania,2010,6.3258333333333345,13.802,4.404,5.529,24.418,88121297.63599999,Cold,2.770953263054225e-07
Lithuania,2011,7.635000000000001,13.96,4.386,6.085,25.977,88417633.546,Cold,2.9379885735899494e-07
Lithuania,2012,6.723583333333334,14.054,4.35,6.213,26.795,98923630.29800001,Cold,2.7086551159128073e-07
Lithuania,2013,7.803999999999999,13.148,4.211,5.88,26.563,123213398.26000002,Cold,2.1558531912546144e-07
Luxembourg,2000,10.79275,8.702,0.661,0.343,9.881,27574885.832000002,Moderate,3.583332929052436e-07
Luxembourg,2001,10.206583333333333,9.205,0.647,0.342,10.333,27914059.248,Moderate,3.7017187425252276e-07
Luxembourg,2002,10.714,9.978,0.631,0.336,11.064,29722980.120000005,Moderate,3.722372246354271e-07
Luxembourg,2003,10.700583333333334,10.451,0.612,0.339,11.515,28383166.61,Moderate,4.0569819965911834e-07
Luxembourg,2004,9.983083333333333,11.816,0.599,0.371,12.87,31170989.983999997,Cold,4.1288388959485255e-07
Luxembourg,2005,10.308083333333332,12.076,0.592,0.36,13.112,35582768.622,Moderate,3.684929571050915e-07
Luxembourg,2006,10.730333333333334,11.906,0.592,0.351,13.024,28974051.357999995,Moderate,4.495056417748191e-07
Luxembourg,2007,10.761666666666665,11.302,0.606,0.345,12.416,34746131.496,Moderate,3.573347336262342e-07
Luxembourg,2008,10.128666666666666,11.167,0.605,0.35,12.211,48519666.164000005,Moderate,2.5167114108029495e-07
Luxembourg,2009,10.328083333333334,10.62,0.606,0.339,11.66,42977012.02599999,Moderate,2.713078266501676e-07
Luxembourg,2010,9.134666666666666,11.191,0.636,0.346,12.284,46205411.66599999,Cold,2.658562988885308e-07
Luxembourg,2011,11.032000000000002,11.09,0.603,0.348,12.154,50343441.614,Moderate,2.41421709937256e-07
Luxembourg,2012,10.109250000000001,10.858,0.583,0.337,11.894,48762807.35599999,Moderate,2.4391540194252386e-07
Luxembourg,2013,9.90025,10.323,0.592,0.337,11.393,50788391.294,Cold,2.243229109133651e-07
Madagascar,2000,23.320333333333334,1.955,20.103,7.169,152.455,21001135.709999993,Hot,7.259368962033677e-06
Madagascar,2001,23.586916666666667,1.747,19.283,6.767,115.858,19936911.2,Hot,5.8112308886027e-06
Madagascar,2002,23.617500000000003,1.232,18.208,5.971,98.708,23937217.79,Hot,4.12362024452215e-06
Madagascar,2003,23.49525,1.699,19.52,7.034,92.432,21994800.757999998,Hot,4.202447515417156e-06
Madagascar,2004,23.453000000000003,1.804,19.041,6.252,85.387,21485970.961999997,Hot,3.974081328553118e-06
Madagascar,2005,23.62183333333333,1.741,21.389,7.848,79.753,22099202.422,Hot,3.6088631104506246e-06
Madagascar,2006,23.66116666666667,1.675,21.008,7.174,77.494,20681982.913999997,Hot,3.7469326116022628e-06
Madagascar,2007,23.64975,1.728,22.046,7.881,80.303,25856923.06,Hot,3.105667163412785e-06
Madagascar,2008,23.332250000000002,1.787,21.705,7.216,75.375,25640247.299999993,Hot,2.939714121255215e-06
Madagascar,2009,23.618666666666666,1.699,22.28,7.601,71.653,34274046.86,Hot,2.0905905334754356e-06
Madagascar,2010,23.846166666666665,1.872,22.444,7.549,70.353,43086630.95999999,Hot,1.6328266285773526e-06
Madagascar,2011,23.776833333333332,2.33,22.119,7.619,67.487,34402369.41,Hot,1.9616962202227507e-06
Madagascar,2012,23.325333333333333,2.66,22.831,7.838,65.608,50976030.48,Hot,1.2870362422335826e-06
Madagascar,2013,22.9595,3.061,21.828,7.67,66.823,50882778.51,Hot,1.313273383323473e-06
Malawi,2000,21.714416666666665,0.854,3.807,1.616,23.157,28645109.392,Hot,8.084102202122175e-07
Malawi,2001,21.99875,0.777,3.674,1.481,20.135,28019157.800000004,Hot,7.186154353784525e-07
Malawi,2002,22.224,0.856,3.766,1.729,23.323,27646847.611999996,Hot,8.436042865976686e-07
Malawi,2003,22.233500000000003,0.915,3.91,1.84,21.915,29387251.012000002,Hot,7.457315162047551e-07
Malawi,2004,21.865916666666667,0.902,3.908,1.861,27.327,29169970.212,Hot,9.368195738485393e-07
Malawi,2005,22.81116666666667,0.845,4.05,1.909,27.19,27440762.400000002,Hot,9.908616463636722e-07
Malawi,2006,22.102166666666665,0.851,4.143,2.08,24.444,30221711.254,Hot,8.088224715581662e-07
Malawi,2007,22.098333333333333,0.919,4.302,2.275,26.203,26358535.442,Hot,9.940992003731978e-07
Malawi,2008,21.8225,0.999,4.544,2.495,25.97,25484411.442,Hot,1.0190542967825978e-06
Malawi,2009,22.014833333333332,1.018,4.702,2.452,21.171,29390041.528000005,Hot,7.203460144649436e-07
Malawi,2010,22.60066666666667,0.972,4.974,2.856,19.337,27075355.632,Hot,7.141918853672959e-07
Malawi,2011,22.31325,1.034,5.13,2.912,19.081,30848111.736,Hot,6.18546754003927e-07
Malawi,2012,21.887416666666667,1.041,5.343,2.949,19.303,28628681.107999995,Hot,6.742538803281473e-07
Malawi,2013,21.269375,1.12,5.505,3.038,22.111,27941286.307999995,Hot,7.913379135423478e-07
Malaysia,2000,26.371416666666665,122.881,22.9,6.125,234.89,10620508.832,Hot,2.2116640699514018e-05
Malaysia,2001,26.500083333333333,130.89,23.313,5.973,265.493,10949497.042,Hot,2.4247047579863847e-05
Malaysia,2002,26.745500000000003,132.035,23.933,6.684,277.628,9347196.392,Hot,2.970173714718102e-05
Malaysia,2003,26.57675,153.384,26.888,7.464,277.125,22302082.594,Hot,1.2425969028048833e-05
Malaysia,2004,26.575999999999997,169.674,27.452,8.182,296.046,9924146.932,Hot,2.9830873343333792e-05
Malaysia,2005,26.649583333333336,169.978,28.131,8.491,296.443,13396190.252,Hot,2.2128901747035165e-05
Malaysia,2006,26.57766666666667,170.166,29.032,8.42,306.76,13388210.932,Hot,2.2912693760605462e-05
Malaysia,2007,26.496333333333336,175.454,28.94,8.754,325.805,12401087.322,Hot,2.627229091030741e-05
Malaysia,2008,26.25408333333333,192.847,29.708,9.359,360.445,11379323.634,Hot,3.1675429921652414e-05
Malaysia,2009,26.642,192.123,30.141,8.197,393.082,13628998.112,Hot,2.884158966991941e-05
Malaysia,2010,26.80666666666667,199.346,27.488,9.655,386.12,12305137.064000001,Hot,3.137876210667115e-05
Malaysia,2011,26.440583333333336,203.453,26.751,9.817,442.215,28310981.17,Hot,1.561991022934546e-05
Malaysia,2012,26.62275,212.994,27.145,9.988,448.654,12642764.814,Hot,3.548701341151015e-05
Malaysia,2013,26.9735,241.671,26.951,9.317,512.12,12924866.814,Hot,3.962284236634747e-05
Mali,2000,29.150333333333336,1.066,13.798,7.747,35.037,37568729.21,Hot,9.326107058756511e-07
Mali,2001,29.310833333333335,1.161,13.68,7.383,49.723,37394926.15,Hot,1.3296723323072446e-06
Mali,2002,29.4265,1.209,14.025,7.583,77.108,36791279.800000004,Hot,2.0958226602429125e-06
Mali,2003,29.429000000000002,1.246,14.565,7.702,42.694,42258491.24,Hot,1.0103058045120638e-06
Mali,2004,29.426000000000002,1.414,15.843,8.789,57.837,42441253.21,Hot,1.3627542606027052e-06
Mali,2005,29.52625,1.458,16.451,8.927,43.639,41084120.36,Hot,1.0621865225645902e-06
Mali,2006,29.037916666666664,1.535,16.399,9.017,41.057,39219803.61,Hot,1.0468435630485412e-06
Mali,2007,29.202166666666667,1.784,17.123,9.144,46.177,39074014.49,Hot,1.1817828145105237e-06
Mali,2008,28.949916666666667,1.957,17.947,9.714,47.288,42199124.440000005,Hot,1.1205919437177793e-06
Mali,2009,29.440916666666666,1.887,18.015,9.43,44.398,41839066.800000004,Hot,1.0611613100997436e-06
Mali,2010,30.127083333333335,2.088,19.019,9.962,45.291,43408368.6,Hot,1.0433702167887918e-06
Mali,2011,29.436666666666667,2.279,19.41,10.118,47.088,43217087.940000005,Hot,1.0895689912241459e-06
Mali,2012,28.60183333333333,2.437,19.999,10.307,49.717,43148787.56,Hot,1.1522223835060085e-06
Mali,2013,29.942,2.743,20.548,10.741,50.507,41484668.1,Hot,1.2174859073420931e-06
Mauritania,2000,28.35558333333334,1.114,6.62,2.489,11.666,23093981.26,Hot,5.051532415960208e-07
Mauritania,2001,28.878416666666666,1.172,6.706,2.509,11.844,13052155.442,Hot,9.074362579571661e-07
Mauritania,2002,28.65025,1.249,6.825,2.424,11.624,3132135.0220000003,Hot,3.711205362204413e-06
Mauritania,2003,28.558833333333336,1.286,7.008,2.447,11.859,3464819.9459999995,Hot,3.4226876900206785e-06
Mauritania,2004,28.628249999999998,1.385,6.993,2.445,11.902,3847430.942,Hot,3.093492017382643e-06
Mauritania,2005,28.75225,1.434,7.139,2.476,12.169,4475068.285999999,Hot,2.7192875064683416e-06
Mauritania,2006,28.4505,1.55,7.343,2.614,12.622,5270210.994,Hot,2.3949700722418417e-06
Mauritania,2007,28.451916666666666,1.758,7.161,2.651,12.862,4303708.142,Hot,2.988584863804906e-06
Mauritania,2008,28.395,1.831,6.679,2.386,12.513,4697710.968,Hot,2.6636371248889642e-06
Mauritania,2009,28.43133333333333,2.012,7.059,2.567,12.965,4379928.526000001,Hot,2.960093289866326e-06
Mauritania,2010,29.37291666666667,2.094,7.361,2.728,13.247,5216434.318,Hot,2.53947364290888e-06
Mauritania,2011,28.63291666666667,2.227,7.454,2.675,13.55,5064906.608000001,Hot,2.6752709128588706e-06
Mauritania,2012,28.026833333333332,2.448,7.668,2.772,13.79,4334901.046,Hot,3.181156080037523e-06
Mauritania,2013,29.11,2.169,7.859,2.828,13.657,4424592.776,Hot,3.086611040787217e-06
Mauritius,2000,24.002583333333334,2.689,0.541,0.204,3.639,16997703.844,Hot,2.14087727337172e-07
Mauritius,2001,24.4905,2.862,0.537,0.176,3.643,17625498.976,Hot,2.0668917221982582e-07
Mauritius,2002,24.395750000000003,2.884,0.529,0.19,3.625,19910805.466,Hot,1.8206193738009086e-07
Mauritius,2003,24.517083333333332,3.059,0.535,0.192,3.806,17728507.644,Hot,2.1468246858362192e-07
Mauritius,2004,24.254583333333333,3.089,0.539,0.192,4.159,19063679.644,Hot,2.1816353712938329e-07
Mauritius,2005,24.155916666666666,3.294,0.535,0.189,4.103,17437860.444,Hot,2.3529261390087233e-07
Mauritius,2006,24.31975,3.627,0.538,0.187,4.394,18879471.066,Hot,2.3273955885202665e-07
Mauritius,2007,24.284333333333336,3.686,0.54,0.192,4.437,18679354.266,Hot,2.3753496503576808e-07
Mauritius,2008,24.189000000000004,3.767,0.546,0.185,4.503,18904047.266,Hot,2.3820294661958204e-07
Mauritius,2009,24.584833333333336,3.708,0.549,0.184,4.498,18996964.66,Hot,2.3677465551622208e-07
Mauritius,2010,24.669083333333333,3.913,0.554,0.181,4.65,20376285.892,Hot,2.2820644529821828e-07
Mauritius,2011,24.522333333333336,3.917,0.556,0.197,4.656,17718954.04,Hot,2.6276944602484863e-07
Mauritius,2012,24.374,3.964,0.558,0.213,4.73,20578817.892,Hot,2.298479822784574e-07
Mauritius,2013,24.312375,4.067,0.557,0.194,5.471,23200641.822,Hot,2.3581243166297644e-07
Mexico,2000,21.232083333333332,391.435,126.288,38.352,652.32,121667715.332,Hot,5.361487990947295e-06
Mexico,2001,21.133,407.485,124.883,38.406,653.466,161363253.0,Hot,4.049658046682673e-06
Mexico,2002,21.224999999999998,410.301,125.145,36.844,650.365,163292418.12,Hot,3.982824208893991e-06
Mexico,2003,21.329416666666667,435.969,128.239,38.012,675.456,164484814.67000002,Hot,4.106494555431446e-06
Mexico,2004,20.924833333333336,438.588,127.414,36.96,668.875,182393037.35,Hot,3.6672178173624907e-06
Mexico,2005,21.4135,463.436,129.146,39.098,692.625,204818156.91,Hot,3.3816581843507704e-06
Mexico,2006,21.418083333333332,474.523,132.226,38.161,709.629,220981048.01599997,Hot,3.2112663197133245e-06
Mexico,2007,21.079333333333334,473.595,134.533,39.154,698.851,198170184.29999998,Hot,3.526519385053025e-06
Mexico,2008,21.08525,472.981,138.096,38.463,693.87,223972404.068,Hot,3.0980155782554327e-06
Mexico,2009,21.546083333333332,460.29,136.687,38.499,674.108,202823940.85599998,Hot,3.3236115708598156e-06
Mexico,2010,20.85291666666667,456.409,136.679,38.654,670.53,234064156.906,Hot,2.8647273721817945e-06
Mexico,2011,21.599333333333334,483.302,139.773,41.0,697.774,342747013.14000005,Hot,2.0358280924804323e-06
Mexico,2012,21.652416666666667,501.492,137.234,40.136,711.128,306621159.89000005,Hot,2.3192398004621616e-06
Mexico,2013,22.219222222222225,495.412,138.822,41.301,707.327,354189913.848,Hot,1.9970274995084154e-06
Moldova,2000,10.69,3.573,2.399,0.755,5.534,109395894.99599999,Moderate,5.058690684522889e-08
Moldova,2001,10.000833333333333,3.787,2.269,0.903,5.948,110869174.04599999,Moderate,5.364881625151585e-08
Moldova,2002,10.541083333333335,4.052,2.378,0.837,6.185,106578869.83600001,Moderate,5.8032140437266126e-08
Moldova,2003,9.428416666666667,4.404,2.435,0.804,6.527,117009579.91600001,Cold,5.578175692027875e-08
Moldova,2004,9.901833333333334,4.613,2.345,0.838,6.573,113339164.19600001,Cold,5.7994074586954664e-08
Moldova,2005,9.842666666666668,4.938,2.237,0.819,6.861,114093697.466,Cold,6.013478476240808e-08
Moldova,2006,9.591833333333334,5.03,2.2,0.788,6.872,120140393.086,Cold,5.719974578309458e-08
Moldova,2007,11.358916666666666,4.979,2.166,0.785,6.797,118049307.93599999,Moderate,5.7577634814321266e-08
Moldova,2008,10.744416666666666,5.19,1.948,0.808,6.733,114680521.236,Moderate,5.871092901150398e-08
Moldova,2009,10.731916666666665,4.54,1.917,0.706,6.21,119086250.33600001,Moderate,5.214707768807485e-08
Moldova,2010,10.225666666666667,4.831,2.122,0.793,6.725,122222084.09600002,Moderate,5.50227890050952e-08
Moldova,2011,9.8705,4.945,2.145,0.855,6.99,122377075.236,Cold,5.7118540620467386e-08
Moldova,2012,10.587583333333335,4.766,2.099,0.789,5.084,120689120.30600001,Moderate,4.212475776594498e-08
Moldova,2013,11.9605,4.899,2.076,0.91,5.694,128091358.09600002,Moderate,4.445264723698142e-08
Montenegro,2006,10.560833333333333,2.063,0.708,0.2,0.876,75573967.516,Moderate,1.1591292838016563e-08
Montenegro,2007,11.595083333333333,2.056,0.737,0.212,1.329,75822969.67999999,Moderate,1.752766988791371e-08
Montenegro,2008,11.627666666666668,2.605,0.716,0.189,1.724,82487913.66999999,Moderate,2.0900031318490842e-08
Montenegro,2009,11.462666666666665,1.682,0.689,0.181,0.482,81315569.68,Moderate,5.9275240396062356e-09
Montenegro,2010,11.244416666666666,2.422,0.695,0.18,1.13,82961720.66,Moderate,1.3620739509614462e-08
Montenegro,2011,11.234666666666667,2.407,0.665,0.174,1.193,83930597.132,Moderate,1.4214124843048725e-08
Montenegro,2012,11.531833333333333,2.213,0.66,0.18,0.569,82556604.24,Moderate,6.892240764332087e-09
Montenegro,2013,12.870375000000001,2.151,0.658,0.176,0.669,77725485.17999999,Moderate,8.607215379144768e-09
Morocco,2000,18.565083333333334,33.199,18.688,6.46,55.467,511469652.512,Moderate,1.0844631664681674e-07
Morocco,2001,19.23391666666667,36.809,19.077,6.628,61.019,528950890.424,Moderate,1.1535853514818632e-07
Morocco,2002,18.71258333333333,37.31,19.197,6.876,78.84,421590917.44400007,Moderate,1.8700592577036815e-07
Morocco,2003,18.856,36.57,19.674,6.895,63.601,414898131.58399993,Moderate,1.5329304955867304e-07
Morocco,2004,18.486,42.226,20.592,7.245,67.345,435567723.47199994,Moderate,1.5461430270490394e-07
Morocco,2005,18.580750000000002,44.661,20.884,7.593,68.406,462884139.8819999,Moderate,1.4778212074765878e-07
Morocco,2006,18.793166666666668,46.249,21.437,7.958,71.848,500957393.736,Moderate,1.4342137825485786e-07
Morocco,2007,18.419666666666668,48.913,21.792,7.452,75.141,519905898.80600005,Moderate,1.4452807715403585e-07
Morocco,2008,18.382166666666667,51.372,22.089,7.54,78.575,529700774.61800003,Moderate,1.4833846506705002e-07
Morocco,2009,19.01075,50.86,22.461,7.457,78.41,584842327.648,Moderate,1.340703231608818e-07
Morocco,2010,19.435,54.365,23.14,7.641,85.549,657042783.772,Moderate,1.30203088722276e-07
Morocco,2011,18.878833333333333,54.868,24.026,8.018,93.908,756507675.64,Moderate,1.2413357180602424e-07
Morocco,2012,18.66875,56.954,24.495,7.635,95.939,807110084.894,Moderate,1.1886730407256975e-07
Morocco,2013,19.30525,56.606,25.18,8.352,88.73,818022627.6040001,Moderate,1.084688820301005e-07
Mozambique,2000,23.92025,1.322,11.188,8.302,65.936,419165529.8320001,Hot,1.5730301074404637e-07
Mozambique,2001,24.25091666666667,1.554,11.826,9.748,84.124,432889068.46,Hot,1.943315411149998e-07
Mozambique,2002,24.42816666666667,1.537,13.272,10.158,78.736,419267124.10200006,Hot,1.8779435659508235e-07
Mozambique,2003,24.42325,1.856,13.431,10.55,79.212,412589971.40599996,Hot,1.9198721563221416e-07
Mozambique,2004,24.07258333333333,1.864,13.141,10.069,90.293,431912563.06999993,Hot,2.0905388615962153e-07
Mozambique,2005,24.83375,1.77,14.407,10.975,79.415,459108922.53199995,Hot,1.7297638083147555e-07
Mozambique,2006,24.303416666666667,1.916,13.684,10.337,85.43,497404595.446,Hot,1.7175152905784335e-07
Mozambique,2007,24.224416666666666,2.189,14.004,10.764,88.262,516077972.75600004,Hot,1.710245437479763e-07
Mozambique,2008,24.0305,2.18,14.142,11.735,87.335,525369519.338,Hot,1.6623537647142613e-07
Mozambique,2009,24.081333333333333,2.439,12.771,10.372,82.562,580247595.7980001,Hot,1.4228753458972457e-07
Mozambique,2010,24.60575,2.638,13.634,11.791,77.111,652549745.622,Hot,1.1816876858687649e-07
Mozambique,2011,24.302166666666665,3.107,17.046,10.687,74.18,751777991.77,Hot,9.867274742464394e-08
Mozambique,2012,24.009583333333335,3.052,19.265,11.097,74.013,802055112.364,Hot,9.227919474208299e-08
Mozambique,2013,23.488,3.579,20.526,11.425,76.559,811983642.4940001,Hot,9.428638201449893e-08
Namibia,2000,21.017666666666667,1.718,5.435,3.471,13.281,306030357.09400004,Hot,4.33976553264713e-08
Namibia,2001,21.237166666666667,2.231,5.084,3.175,13.223,346054511.014,Hot,3.821074293481557e-08
Namibia,2002,21.547583333333336,1.971,4.61,2.791,12.228,378700221.514,Hot,3.228939217100129e-08
Namibia,2003,22.040833333333335,2.092,4.874,2.999,12.783,400256367.214,Hot,3.1937030901068573e-08
Namibia,2004,21.643833333333333,2.239,5.148,3.216,13.413,415039515.324,Hot,3.231740466256992e-08
Namibia,2005,21.473916666666668,2.532,5.672,3.351,14.303,430770693.61399996,Hot,3.320328002538907e-08
Namibia,2006,20.381833333333333,2.524,6.22,4.155,15.707,413205497.334,Hot,3.801256290956662e-08
Namibia,2007,21.180583333333335,2.327,5.824,3.771,14.854,408165154.554,Hot,3.639213146413431e-08
Namibia,2008,21.021083333333333,2.858,4.967,2.842,14.197,427932665.094,Hot,3.317578003470639e-08
Namibia,2009,20.97625,2.66,6.507,4.279,17.21,446524067.914,Hot,3.8542155279236754e-08
Namibia,2010,21.39225,2.788,6.077,3.928,16.687,80241124.524,Hot,2.0796069211428178e-07
Namibia,2011,20.350416666666664,2.786,8.671,6.352,21.91,82806600.224,Hot,2.645924319575838e-07
Namibia,2012,20.794999999999998,3.194,9.501,6.927,23.52,137058593.60000002,Hot,1.7160543684722705e-07
Namibia,2013,21.265875,3.004,5.484,3.393,15.735,138926456.60000002,Hot,1.1326136339922049e-07
Nepal,2000,15.279333333333334,3.037,22.005,4.515,48.461,273149068.996,Moderate,1.77415943611705e-07
Nepal,2001,15.59025,3.236,22.361,4.561,47.668,275994452.524,Moderate,1.7271361576784323e-07
Nepal,2002,15.648666666666669,2.596,22.612,4.418,46.809,297847708.416,Moderate,1.5715749532464081e-07
Nepal,2003,15.47025,2.81,23.057,4.479,48.588,310542937.2839999,Moderate,1.5646145511628076e-07
Nepal,2004,15.551833333333335,2.582,23.268,4.561,47.559,333332793.85400003,Moderate,1.4267723048621985e-07
Nepal,2005,15.616166666666667,2.987,23.649,4.614,48.904,345379244.60199994,Moderate,1.415950744659245e-07
Nepal,2006,16.056,2.456,23.639,4.659,47.008,321263118.18600005,Moderate,1.463224291636913e-07
Nepal,2007,15.657083333333333,2.57,24.402,4.766,47.928,342039210.048,Moderate,1.4012428532141022e-07
Nepal,2008,15.409083333333333,3.355,24.807,4.919,48.751,415190331.198,Moderate,1.1741843732707906e-07
Nepal,2009,16.077,4.126,25.088,5.171,49.03,422629265.99799997,Moderate,1.1601184259733727e-07
Nepal,2010,16.114,4.828,25.525,5.411,50.959,405110572.39800006,Moderate,1.2579034798466106e-07
Nepal,2011,15.280666666666667,5.217,26.075,5.642,49.929,414852625.012,Moderate,1.203535831024383e-07
Nepal,2012,15.419833333333335,5.47,25.601,5.605,47.458,457747278.49999994,Moderate,1.0367729558510681e-07
Nepal,2013,15.951250000000002,6.218,26.43,5.981,47.879,422216426.55200005,Moderate,1.1339918789423047e-07
Netherlands,2000,11.103499999999999,172.154,29.512,13.803,220.901,15379289.798,Moderate,1.436353619301659e-05
Netherlands,2001,10.579,177.464,28.794,13.34,225.195,22937971.862,Moderate,9.817563276180669e-06
Netherlands,2002,11.015500000000001,176.738,27.431,13.086,223.77,30178737.634,Moderate,7.414822823240731e-06
Netherlands,2003,10.699833333333332,180.169,26.406,14.309,228.595,34586611.58,Moderate,6.609349194612571e-06
Netherlands,2004,10.6275,182.09,26.109,14.578,231.636,27808279.354000002,Moderate,8.329749162884895e-06
Netherlands,2005,10.823666666666666,178.13,24.293,14.681,227.757,28106175.362,Moderate,8.103450183566454e-06
Netherlands,2006,11.291333333333334,173.279,23.782,16.744,223.169,33271140.15,Moderate,6.707584780271356e-06
Netherlands,2007,11.388416666666666,173.028,23.518,15.652,220.701,29987573.340000004,Moderate,7.359748324345462e-06
Netherlands,2008,10.794583333333334,175.904,23.729,9.823,217.686,20788617.65,Moderate,1.0471402822139894e-05
Netherlands,2009,10.707166666666668,170.433,23.264,9.745,211.88,23659582.769999996,Moderate,8.955356191373945e-06
Netherlands,2010,9.264583333333333,182.479,23.254,9.698,222.691,25644893.424000002,Cold,8.683638790557573e-06
Netherlands,2011,11.076,169.346,22.593,9.644,208.04,26387116.424000002,Moderate,7.884150309301324e-06
Netherlands,2012,10.438166666666666,165.752,22.313,9.689,205.055,27331748.354000002,Moderate,7.5024469654003395e-06
Netherlands,2013,9.8565,164.925,22.363,9.565,203.779,27257540.17,Cold,7.476059514285235e-06
New Caledonia,2000,23.283083333333334,2.224,,,,51175420.628,Hot,
New Caledonia,2001,23.49875,1.877,,,,50687534.148,Hot,
New Caledonia,2002,23.469083333333334,2.392,,,,52412899.628,Hot,
New Caledonia,2003,23.261750000000003,2.726,,,,49229663.888,Hot,
New Caledonia,2004,23.36766666666667,2.515,,,,49782171.12,Hot,
New Caledonia,2005,23.360500000000002,2.806,,,,52435320.524,Hot,
New Caledonia,2006,23.194166666666664,2.71,,,,49032391.704,Hot,
New Caledonia,2007,23.74325,2.927,,,,50644832.515999995,Hot,
New Caledonia,2008,23.66333333333333,2.848,,,,52751364.7,Hot,
New Caledonia,2009,23.27416666666667,3.036,,,,54304297.14399999,Hot,
New Caledonia,2010,23.8685,3.658,,,,54170489.716000006,Hot,
New Caledonia,2011,23.530583333333336,3.694,,,,56558125.158,Hot,
New Caledonia,2012,23.21341666666667,3.706,,,,52483723.40800001,Hot,
New Caledonia,2013,23.382375,3.97,,,,53198125.40800001,Hot,
New Zealand,2000,11.115583333333333,32.221,36.186,13.642,94.332,79058005.286,Moderate,1.1931998342931245e-06
New Zealand,2001,11.191083333333333,34.356,36.589,13.779,113.841,86660684.25799999,Moderate,1.3136406625574298e-06
New Zealand,2002,10.997583333333333,34.519,37.43,14.044,103.565,88645776.25799999,Moderate,1.1683015616026266e-06
New Zealand,2003,10.930250000000001,36.22,37.541,14.385,100.015,90832480.05600001,Moderate,1.101092900218577e-06
New Zealand,2004,10.475416666666666,35.806,37.671,14.411,91.453,95878963.38,Moderate,9.538380038977221e-07
New Zealand,2005,11.375416666666666,37.401,37.766,14.479,87.993,96360382.24800001,Moderate,9.131657329914814e-07
New Zealand,2006,10.703833333333334,37.304,38.283,14.299,97.23,101015967.23399998,Moderate,9.62521091465164e-07
New Zealand,2007,11.085166666666666,36.383,37.973,14.152,90.758,103918675.314,Moderate,8.733560050915797e-07
New Zealand,2008,11.171666666666667,37.485,36.917,13.749,99.046,115651061.45000002,Moderate,8.564210124988782e-07
New Zealand,2009,10.653583333333334,34.594,37.393,13.496,89.136,119472297.92799999,Moderate,7.460808974113558e-07
New Zealand,2010,11.335749999999999,34.787,37.589,13.696,86.615,115239006.22400002,Moderate,7.516118203937572e-07
New Zealand,2011,11.16325,34.241,37.693,13.782,89.168,124618317.90000002,Moderate,7.155288306493115e-07
New Zealand,2012,10.656916666666666,35.918,37.918,13.92,90.014,117515158.63200003,Moderate,7.659777707138364e-07
New Zealand,2013,11.0885,35.219,37.329,13.897,91.84,119978240.824,Moderate,7.65472127310576e-07
Nicaragua,2000,26.381333333333334,3.71,7.07,2.004,96.131,31744026.568,Hot,3.0283176825648353e-06
Nicaragua,2001,26.41,3.909,7.112,1.981,88.313,32114864.349999994,Hot,2.7499103308555525e-06
Nicaragua,2002,26.664916666666667,3.976,7.22,2.147,82.097,48743786.774000004,Hot,1.6842556508050167e-06
Nicaragua,2003,26.93225,4.31,7.525,2.342,83.184,32098357.807999995,Hot,2.5915343677717172e-06
Nicaragua,2004,26.778583333333334,4.362,7.313,2.184,70.184,40501415.418000005,Hot,1.7328776671822319e-06
Nicaragua,2005,26.8385,4.253,7.641,2.382,59.651,34275802.714,Hot,1.7403238884704975e-06
Nicaragua,2006,26.936083333333332,4.407,7.758,2.358,58.08,61874570.122,Hot,9.386731729498677e-07
Nicaragua,2007,26.823083333333333,4.54,7.783,2.353,51.945,28231114.141999997,Hot,1.8399910785925838e-06
Nicaragua,2008,26.388500000000004,4.353,7.849,2.333,44.237,29396379.768,Hot,1.5048451150882848e-06
Nicaragua,2009,26.781666666666666,4.432,7.921,2.401,44.473,29808051.614,Hot,1.4919793847623674e-06
Nicaragua,2010,26.618916666666667,4.453,8.096,2.449,43.823,34015449.868,Hot,1.28832630118763e-06
Nicaragua,2011,26.614,4.789,8.768,2.682,41.342,36756864.16600001,Hot,1.1247422709551745e-06
Nicaragua,2012,26.531916666666664,4.534,9.084,2.816,39.784,35079815.714,Hot,1.1340994260133237e-06
Nicaragua,2013,26.87155555555556,4.586,9.523,2.802,37.15,36529914.57400001,Hot,1.0169747018643901e-06
Niger,2000,27.975833333333338,0.683,11.362,5.108,28.987,143615819.052,Hot,2.0183709558950032e-07
Niger,2001,28.118,0.646,11.844,5.387,27.421,143086092.352,Hot,1.916398677021866e-07
Niger,2002,28.149666666666665,0.685,12.287,5.595,28.441,138376729.41599998,Hot,2.0553311177752378e-07
Niger,2003,28.30225,0.744,12.806,5.822,27.915,143900797.152,Hot,1.9398780519975886e-07
Niger,2004,28.371583333333334,0.795,13.355,6.027,25.262,138299369.716,Hot,1.826617132761647e-07
Niger,2005,28.636416666666673,0.691,13.872,6.345,23.899,145831742.692,Hot,1.6388064350704905e-07
Niger,2006,28.291083333333333,0.671,14.369,6.608,34.703,90301106.15200001,Hot,3.8430315080839396e-07
Niger,2007,28.411916666666666,0.706,15.02,6.922,28.837,141418667.88599998,Hot,2.039122573218816e-07
Niger,2008,27.901416666666666,0.792,15.672,7.278,25.761,134815384.086,Hot,1.910835323695943e-07
Niger,2009,28.85041666666667,0.952,16.374,7.539,28.368,144981740.592,Hot,1.9566601758607463e-07
Niger,2010,29.299916666666665,1.16,16.036,7.496,38.973,14446719.398,Hot,2.697705702492547e-06
Niger,2011,28.487416666666665,1.313,16.621,7.675,50.587,20855005.496000003,Hot,2.4256525649945304e-06
Niger,2012,28.07275,1.852,17.534,8.183,57.764,14801532.430000002,Hot,3.902568627310123e-06
Niger,2013,29.231375,2.078,18.643,8.552,49.568,11853147.744000003,Hot,4.181842400745291e-06
Nigeria,2000,27.0335,96.831,286.267,26.101,561.807,22640122.031999998,Hot,2.4814661970075465e-05
Nigeria,2001,27.09466666666667,100.218,285.049,26.242,532.807,22755099.031999998,Hot,2.3414838838358224e-05
Nigeria,2002,27.464250000000003,89.906,242.577,26.522,460.567,23645372.522,Hot,1.947810211462643e-05
Nigeria,2003,27.429000000000002,100.03,267.581,27.735,493.729,25178822.571999997,Hot,1.9608898667888883e-05
Nigeria,2004,27.5695,94.962,261.971,27.957,480.39,28987850.03,Hot,1.657211496991745e-05
Nigeria,2005,27.72458333333333,101.666,255.255,30.066,464.284,30001896.439999998,Hot,1.5475154560757676e-05
Nigeria,2006,27.795083333333334,90.097,238.028,29.954,435.284,31468882.18,Hot,1.3832203625092234e-05
Nigeria,2007,27.690083333333334,82.17,224.094,29.632,404.156,46660823.150000006,Hot,8.661570115023354e-06
Nigeria,2008,27.325666666666667,86.489,219.135,30.325,434.029,46867320.21,Hot,9.260802384143772e-06
Nigeria,2009,27.90291666666667,77.031,212.871,29.696,337.385,47564982.54,Hot,7.0931381636298575e-06
Nigeria,2010,28.00425,112.05,222.123,31.994,371.411,51164977.47200001,Hot,7.25908641207099e-06
Nigeria,2011,27.622249999999998,126.115,233.312,33.009,378.468,56670728.44800001,Hot,6.678368245590965e-06
Nigeria,2012,27.40791666666667,110.125,238.341,34.195,361.051,56520659.74800001,Hot,6.387947260732896e-06
Nigeria,2013,28.005875,117.401,228.363,35.267,360.019,53080095.85000002,Hot,6.78256109851088e-06
North America,2000,3.1261666666666676,7111.529,1115.155,366.144,9266.672,325915697.992,Cold,2.843272671018975e-05
North America,2001,3.5283333333333338,7005.433,1092.011,358.419,8999.269,315295880.07,Cold,2.8542298013725207e-05
North America,2002,3.1162499999999995,7062.446,1078.135,353.673,9067.36,307330907.64799994,Cold,2.950357333041715e-05
North America,2003,3.36,7170.593,1088.754,362.486,9265.293,340997244.52799994,Cold,2.717116669272101e-05
North America,2004,2.763,7269.826,1093.044,360.048,9294.13,374404862.4119999,Cold,2.482374271343965e-05
North America,2005,3.649833333333333,7313.038,1102.299,362.491,9411.396,353369914.46999997,Cold,2.6633268956929638e-05
North America,2006,3.939333333333334,7249.32,1122.724,363.308,9069.723,355033905.94,Cold,2.5546075523239432e-05
North America,2007,3.212250000000001,7352.747,1134.055,369.007,9166.681,396527203.236,Cold,2.3117407587864493e-05
North America,2008,2.732583333333333,7133.122,1152.274,355.17,9025.024,378321657.32,Cold,2.3855425142924975e-05
North America,2009,2.9250833333333333,6653.199,1108.073,348.908,8441.461,398138437.40200007,Cold,2.1202326090093975e-05
North America,2010,4.07325,6851.849,1093.171,356.985,8664.582,387037514.2020001,Cold,2.238693061957531e-05
North America,2011,3.3328333333333333,6757.271,1106.713,362.359,8425.282,381619238.71999997,Cold,2.2077718110286474e-05
North America,2012,3.80575,6565.685,1093.174,357.079,8308.882,348309433.44400007,Cold,2.3854886426672064e-05
North America,2013,5.073888888888889,6708.86,1094.801,362.321,8411.299,428544157.03199995,Cold,1.962761326306989e-05
North Korea,2000,7.5249999999999995,69.165,23.426,3.195,103.783,97062331.896,Cold,1.0692407332842602e-06
North Korea,2001,7.727083333333334,71.668,24.053,3.418,106.555,93702203.41,Cold,1.1371664164245463e-06
North Korea,2002,7.925750000000001,68.642,23.571,2.771,102.425,94507644.01999998,Cold,1.083774756828662e-06
North Korea,2003,8.054333333333334,70.143,24.054,2.414,105.485,136064193.38200003,Cold,7.752590641432897e-07
North Korea,2004,8.444,71.722,24.803,2.734,113.673,139570091.472,Cold,8.144509900844598e-07
North Korea,2005,7.3084999999999996,75.01,26.28,2.701,115.0,138283729.08200002,Cold,8.316235028647757e-07
North Korea,2006,7.940333333333334,76.17,26.558,2.85,115.676,152294005.482,Cold,7.595571399828662e-07
North Korea,2007,8.511166666666666,63.478,24.275,2.498,107.57,125642895.72199999,Cold,8.561566376331767e-07
North Korea,2008,8.299916666666666,70.326,25.149,2.6,112.58,126466023.902,Cold,8.901995621926091e-07
North Korea,2009,7.789750000000001,67.66,24.81,2.75,109.211,126828429.22199999,Cold,8.610924207516997e-07
North Korea,2010,7.361916666666667,65.355,25.011,2.877,102.435,200016385.67,Cold,5.121330392244507e-07
North Korea,2011,7.373666666666668,47.867,24.31,2.965,85.354,213455022.638,Cold,3.998687805293938e-07
North Korea,2012,7.1139166666666656,46.755,23.955,2.717,82.792,100804739.564,Cold,8.213105806014761e-07
North Korea,2013,8.4915,36.144,24.207,2.647,71.79,96955472.85,Cold,7.404429801567105e-07
Oceania,2000,21.591916666666666,390.034,226.47,109.568,913.525,953130641.5300002,Hot,9.584467849812585e-07
Oceania,2001,21.676666666666666,400.263,238.548,119.864,897.42,961298386.9420002,Hot,9.33549885505629e-07
Oceania,2002,22.2775,405.901,232.944,113.691,849.974,811334362.24,Hot,1.0476247999723513e-06
Oceania,2003,22.25391666666667,416.901,189.585,77.595,884.575,927403255.382,Hot,9.538191654091424e-07
Oceania,2004,22.092,428.453,211.099,99.294,907.206,798001854.344,Hot,1.1368469808994675e-06
Oceania,2005,22.680166666666665,433.427,192.555,78.19,781.841,794002650.596,Hot,9.846831095947172e-07
Oceania,2006,22.069416666666665,439.754,212.721,95.944,839.345,821354657.5999999,Hot,1.0219032560558731e-06
Oceania,2007,22.293666666666667,448.106,209.177,91.456,861.075,830058861.0,Hot,1.0373661910256192e-06
Oceania,2008,22.052750000000003,453.125,190.928,76.31,968.473,803539193.2959999,Hot,1.205259191928407e-06
Oceania,2009,22.45625,452.832,194.02,80.182,859.874,790872006.7959999,Hot,1.0872479889587883e-06
Oceania,2010,21.956999999999997,451.56,183.902,69.24,1049.452,884724722.6340001,Hot,1.1861904295941723e-06
Oceania,2011,21.639499999999998,450.377,236.155,118.129,1013.443,896223909.268,Hot,1.1307921919835274e-06
Oceania,2012,21.85591666666667,452.248,237.118,119.128,942.104,934322385.866,Hot,1.0083286168065628e-06
Oceania,2013,21.99075,445.004,195.738,80.027,847.9,948418307.126,Hot,8.940147957238232e-07
Oman,2000,27.922416666666667,23.984,24.945,0.613,49.575,70583256.57800001,Hot,7.023620289162165e-07
Oman,2001,28.083333333333332,22.512,26.549,0.651,49.719,72900546.528,Hot,6.82011338541781e-07
Oman,2002,27.99416666666667,26.979,27.148,0.663,54.763,67821818.08800001,Hot,8.07454013124361e-07
Oman,2003,28.269000000000002,34.563,30.27,0.672,65.446,61241680.734,Hot,1.068651254292154e-06
Oman,2004,28.12516666666667,29.247,28.932,0.704,58.777,51720737.39199999,Hot,1.1364300245390822e-06
Oman,2005,28.07375,31.835,27.995,0.718,60.442,113643578.988,Hot,5.318558250838478e-07
Oman,2006,28.044833333333333,40.45,25.6,0.763,66.74,78510819.74000001,Hot,8.500739053667418e-07
Oman,2007,28.363,45.308,23.856,0.816,69.936,72752779.55800001,Hot,9.612828466981492e-07
Oman,2008,27.75191666666667,47.436,24.06,0.843,72.353,100707307.19800001,Hot,7.184483558804611e-07
Oman,2009,28.3425,44.504,23.588,0.838,68.922,116335386.764,Hot,5.924422596142145e-07
Oman,2010,28.45866666666667,51.429,23.428,0.895,75.773,64670592.400000006,Hot,1.171676275356397e-06
Oman,2011,28.150666666666666,57.305,24.31,0.947,82.554,160503346.27,Hot,5.143444133979773e-07
Oman,2012,28.211583333333333,63.105,25.469,1.001,89.557,125405682.384,Hot,7.141382877024074e-07
Oman,2013,28.194375,65.587,26.736,1.131,93.445,53303333.83999999,Hot,1.7530798078674211e-06
Pakistan,2000,21.8225,103.94,114.16,37.758,268.154,34612847.772,Hot,7.747238655979184e-06
Pakistan,2001,21.93041666666667,105.401,114.965,38.145,267.98,31806634.264000002,Hot,8.425286037825897e-06
Pakistan,2002,22.025499999999997,110.566,119.127,39.238,277.709,35418618.511999995,Hot,7.84076296101577e-06
Pakistan,2003,21.432083333333335,113.142,123.496,40.332,277.715,31689301.096,Hot,8.763683061201108e-06
Pakistan,2004,22.143083333333333,124.637,126.702,41.821,290.965,38034924.025999986,Hot,7.649942777620873e-06
Pakistan,2005,21.27241666666667,129.947,130.2,43.961,304.571,36210067.50400001,Hot,8.411224076153159e-06
Pakistan,2006,21.636916666666668,137.912,138.481,45.795,321.016,36667971.732,Hot,8.754669977155583e-06
Pakistan,2007,21.690916666666666,148.349,140.902,46.319,328.961,33992414.054,Hot,9.677482446522731e-06
Pakistan,2008,21.53516666666667,147.901,146.053,47.768,336.25,33111752.093999997,Hot,1.0155004449490476e-05
Pakistan,2009,21.911416666666668,148.355,149.245,51.785,344.851,34097443.015999995,Hot,1.0113690628487607e-05
Pakistan,2010,22.08791666666667,147.504,149.038,51.153,355.834,33936273.482,Hot,1.0485358379239197e-05
Pakistan,2011,21.76825,149.488,154.727,52.183,363.645,75361174.10800001,Hot,4.82536265495941e-06
Pakistan,2012,21.198,150.555,158.155,50.823,367.366,75585929.22800002,Hot,4.860243154934582e-06
Pakistan,2013,22.320875,148.183,164.96,54.007,371.964,69654118.51,Hot,5.3401579492595325e-06
Panama,2000,26.711833333333335,5.636,3.199,1.004,27.469,110825343.78,Hot,2.4785846644130786e-07
Panama,2001,26.665833333333335,6.909,3.51,1.107,25.574,123985254.51999998,Hot,2.062664620300329e-07
Panama,2002,27.207000000000004,5.71,3.535,1.109,22.516,134871979.79200003,Hot,1.6694349610483027e-07
Panama,2003,27.248416666666667,5.929,3.533,1.16,21.833,173565257.59399998,Hot,1.25791302803698e-07
Panama,2004,27.10591666666667,5.505,3.527,1.117,19.963,103463798.076,Hot,1.929467135199245e-07
Panama,2005,27.084999999999997,6.742,3.644,1.125,19.28,135883813.756,Hot,1.4188591948658612e-07
Panama,2006,27.13175,7.282,3.69,1.15,23.592,111106583.13600002,Hot,2.1233665118461576e-07
Panama,2007,27.059416666666667,7.134,3.669,1.113,21.081,123968178.63999999,Hot,1.7005170247089709e-07
Panama,2008,26.800666666666668,6.809,3.829,1.165,23.995,135767341.146,Hot,1.767361695436044e-07
Panama,2009,27.269750000000002,8.051,3.896,1.207,33.209,169080483.392,Hot,1.964094207525897e-07
Panama,2010,27.02916666666667,9.06,3.949,1.227,25.157,157591204.792,Hot,1.5963454225487673e-07
Panama,2011,26.70925,9.899,4.127,1.237,19.827,11223417.494,Hot,1.7665740621361882e-06
Panama,2012,27.0825,9.54,4.169,1.303,21.812,11132562.984000001,Hot,1.9592970704097236e-06
Panama,2013,27.2175,10.274,4.205,1.323,22.485,19098865.298,Hot,1.1772950105606315e-06
Papua New Guinea,2000,24.941999999999997,2.938,3.152,1.579,37.449,3101967.8640000005,Hot,1.207265502713956e-05
Papua New Guinea,2001,25.054666666666666,3.336,2.645,1.591,37.516,2466757.072,Hot,1.5208625615070044e-05
Papua New Guinea,2002,25.096333333333334,3.666,2.931,1.664,35.886,2229060.346,Hot,1.609915315448658e-05
Papua New Guinea,2003,25.066833333333335,4.053,2.728,1.686,35.98,2199889.976,Hot,1.6355355966513134e-05
Papua New Guinea,2004,24.908916666666666,4.687,2.98,1.877,40.062,2469521.282,Hot,1.6222570774925284e-05
Papua New Guinea,2005,25.03375,4.984,3.857,1.673,43.116,2498009.522,Hot,1.726013546391299e-05
Papua New Guinea,2006,24.739,5.051,4.392,1.738,67.115,25863095.474,Hot,2.5950102327256235e-06
Papua New Guinea,2007,24.882666666666665,6.581,3.514,1.635,60.082,27614155.288,Hot,2.1757680869688283e-06
Papua New Guinea,2008,24.775916666666664,5.545,4.295,1.628,60.73,21201410.474,Hot,2.864431930604018e-06
Papua New Guinea,2009,24.78316666666667,5.265,2.783,1.677,49.204,23019833.548000004,Hot,2.1374610619985934e-06
Papua New Guinea,2010,25.342,4.715,2.466,1.656,41.64,21380459.593999997,Hot,1.9475726360958494e-06
Papua New Guinea,2011,24.829833333333337,5.298,2.461,1.607,42.71,26615542.402,Hot,1.604701409056732e-06
Papua New Guinea,2012,24.84358333333334,4.372,2.482,1.641,43.204,22328308.660000004,Hot,1.9349427098549113e-06
Papua New Guinea,2013,25.069125,4.532,2.568,1.657,46.541,21940543.964,Hot,2.121232634666293e-06
Paraguay,2000,23.626083333333337,3.592,17.144,5.555,81.532,475061509.70400006,Hot,1.7162409111859352e-07
Paraguay,2001,24.28825,3.687,18.229,6.431,83.165,464985462.264,Hot,1.7885505369612442e-07
Paraguay,2002,24.759,3.853,17.476,6.456,79.914,467600519.734,Hot,1.7090229043063877e-07
Paraguay,2003,24.263833333333334,4.026,19.007,7.047,83.454,531720972.49200004,Hot,1.5695073950521078e-07
Paraguay,2004,23.8045,4.058,17.701,6.279,78.72,689328441.724,Hot,1.1419810227026811e-07
Paraguay,2005,23.820083333333333,3.772,18.461,6.756,77.945,689397277.724,Hot,1.1306252926363125e-07
Paraguay,2006,24.376583333333333,3.901,19.287,6.723,77.889,624474954.454,Hot,1.2472717972072053e-07
Paraguay,2007,23.72666666666667,4.041,20.95,7.752,87.307,566855336.438,Hot,1.5401989578963653e-07
Paraguay,2008,23.81833333333333,4.27,20.475,6.982,77.816,650524076.8739998,Hot,1.1962047623865539e-07
Paraguay,2009,24.18858333333333,4.525,21.462,7.099,83.524,870732520.7180002,Hot,9.592383185045488e-08
Paraguay,2010,23.615416666666665,5.011,22.588,7.792,83.436,778244130.6560001,Hot,1.0721057391394559e-07
Paraguay,2011,23.991500000000002,5.192,22.964,8.18,84.317,759821376.002,Hot,1.1096950224365437e-07
Paraguay,2012,24.46575,5.159,24.111,8.202,83.936,863180536.2180002,Hot,9.72403760058385e-08
Paraguay,2013,22.81775,5.169,24.603,8.885,86.775,664615662.6620001,Hot,1.305641812921982e-07
Peru,2000,20.231916666666667,28.678,26.735,8.065,144.085,36257259.326000005,Hot,3.973962696146597e-06
Peru,2001,20.22575,25.26,26.732,7.259,133.571,57984789.63000001,Hot,2.3035523375830455e-06
Peru,2002,20.536,25.592,27.257,7.46,121.641,56894186.016,Hot,2.1380215867359465e-06
Peru,2003,20.485583333333334,24.914,27.827,7.546,186.742,49168038.35599999,Hot,3.798036335105801e-06
Peru,2004,20.443083333333334,28.504,27.483,7.633,154.495,56735030.956,Hot,2.7230970825894003e-06
Peru,2005,20.45058333333333,30.321,28.641,7.644,146.384,41521591.559999995,Hot,3.5254909789038206e-06
Peru,2006,20.541,28.299,28.58,7.776,132.269,31230561.66,Hot,4.235242299025553e-06
Peru,2007,20.191666666666666,34.567,29.126,8.151,137.747,66057480.059999995,Hot,2.0852596524969584e-06
Peru,2008,20.226416666666665,35.572,27.839,8.064,129.042,56528591.546000004,Hot,2.282773976638325e-06
Peru,2009,20.523083333333336,39.424,28.54,8.539,131.065,61449768.60999999,Hot,2.1328802505171836e-06
Peru,2010,20.584500000000002,42.505,29.031,8.444,131.759,49996697.18000001,Hot,2.6353540292928195e-06
Peru,2011,20.28408333333333,42.327,29.561,8.6,133.391,35472860.599999994,Hot,3.7603676157888545e-06
Peru,2012,20.46,45.509,29.471,8.625,132.431,57807791.828,Hot,2.290884905328114e-06
Peru,2013,19.97625,42.718,29.701,8.699,134.482,48662022.928,Moderate,2.7635924103563517e-06
Philippines,2000,27.00975,71.467,60.484,10.661,179.66,60314009.383999996,Hot,2.978744057245776e-06
Philippines,2001,27.104250000000004,69.799,61.024,10.836,175.337,84249335.612,Hot,2.0811677225126774e-06
Philippines,2002,27.083166666666667,69.492,61.958,10.6,193.111,71941948.81,Hot,2.684261415071591e-06
Philippines,2003,27.014833333333332,69.501,62.097,11.449,220.297,69942999.65599999,Hot,3.1496646974510673e-06
Philippines,2004,27.089833333333335,71.999,63.669,12.003,187.905,66110063.99,Hot,2.842305479935968e-06
Philippines,2005,27.144333333333336,72.334,63.715,11.567,220.282,72926787.174,Hot,3.020590999762902e-06
Philippines,2006,27.178083333333333,65.646,64.469,11.036,237.892,90573015.234,Hot,2.6265217819995517e-06
Philippines,2007,27.162000000000003,70.01,66.624,11.542,255.98,75576959.142,Hot,3.38701106155956e-06
Philippines,2008,26.87575,76.605,68.656,10.903,245.337,75748046.142,Hot,3.2388557759130403e-06
Philippines,2009,27.008750000000003,75.581,70.604,11.15,221.583,70645650.43800001,Hot,3.136541251862693e-06
Philippines,2010,27.3565,82.246,70.014,12.094,247.543,80985160.38999999,Hot,3.056646375104545e-06
Philippines,2011,26.785916666666665,82.98,71.972,11.501,264.663,74246592.65599999,Hot,3.564648382742501e-06
Philippines,2012,27.14891666666667,87.476,72.263,11.274,243.033,71856849.938,Hot,3.38218272617729e-06
Philippines,2013,27.41675,94.825,74.003,11.735,248.971,73029010.45799999,Hot,3.409206766316243e-06
Poland,2000,9.622166666666667,317.306,74.009,28.397,411.605,358433267.47999996,Cold,1.1483448557816194e-06
Poland,2001,8.333833333333333,313.267,71.262,27.528,396.47,327655154.746,Cold,1.210022162164131e-06
Poland,2002,9.171166666666666,305.852,69.222,27.039,380.704,355949844.60400003,Cold,1.0695439391299509e-06
Poland,2003,8.385083333333334,318.733,65.67,27.656,396.923,350886382.774,Cold,1.1312009195992382e-06
Poland,2004,8.390500000000001,323.621,63.702,27.381,392.54,326969014.83000004,Cold,1.2005418892782554e-06
Poland,2005,8.4185,322.577,63.355,28.015,399.01,341127624.582,Cold,1.1696795277698383e-06
Poland,2006,8.799916666666666,336.387,63.082,28.014,402.215,361245842.8000001,Cold,1.1134107337237133e-06
Poland,2007,9.418083333333334,335.735,60.359,28.562,409.996,352290809.068,Cold,1.1637998729539994e-06
Poland,2008,9.469166666666666,329.428,58.02,27.836,398.639,318686941.526,Cold,1.2508796150864484e-06
Poland,2009,8.652916666666668,315.886,54.028,27.321,364.679,368623521.42399997,Cold,9.8929931980992e-07
Poland,2010,7.621416666666666,334.028,54.204,28.237,401.57,332254986.682,Cold,1.2086199301373352e-06
Poland,2011,8.951666666666666,333.406,53.162,27.881,390.637,349959367.962,Cold,1.1162352965678622e-06
Poland,2012,8.53775,325.778,54.782,28.416,382.93,360650129.14,Cold,1.061776963317194e-06
Poland,2013,9.257875,321.757,53.301,27.878,380.849,373057831.62399995,Cold,1.0208846100916815e-06
Portugal,2000,15.393,65.504,12.658,3.897,82.195,108553589.13000001,Moderate,7.571836168805298e-07
Portugal,2001,15.40775,65.187,12.105,3.572,81.964,113141970.55,Moderate,7.244349632335888e-07
Portugal,2002,15.463166666666666,69.583,12.164,3.569,82.828,112279890.67199999,Moderate,7.376921972988988e-07
Portugal,2003,15.815833333333332,64.482,11.943,3.602,78.757,75353567.47799999,Moderate,1.045166162542039e-06
Portugal,2004,15.463833333333334,67.302,11.559,3.553,75.986,112659673.23400003,Moderate,6.744738125389313e-07
Portugal,2005,15.536916666666668,69.64,11.103,3.546,79.352,75639009.87799999,Moderate,1.049088282341354e-06
Portugal,2006,16.002583333333334,64.856,11.413,3.44,73.882,76961830.97399999,Moderate,9.59982345858913e-07
Portugal,2007,15.241083333333334,62.38,11.239,3.583,77.367,95448277.748,Moderate,8.105646431221908e-07
Portugal,2008,15.270000000000001,60.01,10.643,3.491,71.952,66877017.769999996,Moderate,1.0758852790291627e-06
Portugal,2009,15.9835,57.147,10.419,3.294,66.818,66879739.47,Moderate,9.990768434571348e-07
Portugal,2010,15.68425,52.89,10.225,3.399,63.143,49432437.228,Moderate,1.2773596096709212e-06
Portugal,2011,16.066416666666665,51.784,10.236,3.11,62.824,76682898.01799999,Moderate,8.192700172336096e-07
Portugal,2012,15.392166666666666,49.932,9.651,3.237,62.955,84855925.736,Moderate,7.41904571920625e-07
Portugal,2013,15.88925,48.146,9.23,3.255,59.408,60534017.312,Moderate,9.813985863915996e-07
Qatar,2000,27.993,40.406,27.585,0.234,68.238,21192359.906000003,Hot,3.2199338385503046e-06
Qatar,2001,28.305666666666667,45.914,23.291,0.223,69.435,20333024.987999998,Hot,3.4148876827767132e-06
Qatar,2002,28.1855,45.175,22.548,0.257,67.992,166085113.09399998,Hot,4.0938045754972506e-07
Qatar,2003,28.325083333333335,46.631,26.069,0.258,72.963,180658351.54400003,Hot,4.03872829418333e-07
Qatar,2004,28.140416666666667,47.44,23.922,0.272,71.636,211161958.22800002,Hot,3.392467102592647e-07
Qatar,2005,28.01308333333333,47.682,20.818,0.287,68.797,510834070.65199995,Hot,1.3467582492592073e-07
Qatar,2006,28.071416666666664,59.753,21.055,0.317,81.135,511009582.4599999,Hot,1.5877393032561585e-07
Qatar,2007,28.170416666666668,59.53,22.418,0.375,82.342,718001341.7699999,Hot,1.1468223678012943e-07
Qatar,2008,27.865333333333336,61.871,22.093,0.414,84.398,717871714.7699999,Hot,1.1756696655679414e-07
Qatar,2009,28.122500000000002,65.305,21.531,0.441,87.298,224923334.43400002,Hot,3.8812335692761475e-07
Qatar,2010,28.889583333333334,73.651,19.919,0.498,94.091,180671118.974,Hot,5.207860559758551e-07
Qatar,2011,28.1615,81.809,22.116,0.516,104.464,51297147.252,Hot,2.036448488068284e-06
Qatar,2012,28.4845,93.738,22.18,0.545,116.487,307217174.436,Hot,3.79168253971096e-07
Qatar,2013,28.573750000000004,91.433,23.225,0.613,115.297,509704960.4499999,Hot,2.2620340926642165e-07
Romania,2000,10.47225,93.206,22.277,9.882,121.372,43395838.47,Moderate,2.7968579818326997e-06
Romania,2001,9.638583333333335,98.928,21.909,9.621,127.342,127197385.51799998,Cold,1.001136921802867e-06
Romania,2002,10.392666666666667,99.069,22.803,8.706,129.431,112561558.15399998,Moderate,1.149868578338723e-06
Romania,2003,9.340166666666667,103.707,22.677,9.256,127.5,135438261.902,Cold,9.413883290297074e-07
Romania,2004,9.558166666666667,103.233,22.428,10.218,133.131,140669692.64000002,Cold,9.464085444069215e-07
Romania,2005,9.123166666666666,101.337,22.384,10.289,127.173,269278146.012,Cold,4.722737489512385e-07
Romania,2006,9.469,104.29,22.982,9.397,125.371,113342747.49199998,Cold,1.1061228148075922e-06
Romania,2007,10.868333333333334,108.497,23.053,9.501,132.044,36820735.446,Moderate,3.586131423353009e-06
Romania,2008,10.461,106.997,23.244,9.896,132.574,44465306.626,Moderate,2.981515412309452e-06
Romania,2009,10.470666666666666,87.806,22.269,9.007,130.857,41111590.332,Moderate,3.1829709276698548e-06
Romania,2010,9.851666666666667,84.488,22.163,10.143,117.485,115723782.17199999,Cold,1.0152191432022432e-06
Romania,2011,9.569,92.391,21.044,10.114,118.39,237500846.03000003,Cold,4.98482432717579e-07
Romania,2012,10.301083333333333,89.848,21.216,9.408,118.026,87299801.20600002,Moderate,1.3519618260015737e-06
Romania,2013,11.6455,78.795,21.069,9.896,106.361,240515050.01599997,Moderate,4.42221805041733e-07
Russia,2000,-4.5456666666666665,1480.576,307.69,66.65,1936.878,101480580.604,Cold,1.908619333261345e-05
Russia,2001,-4.490666666666667,1518.081,314.789,68.087,1968.043,53254850.848000005,Cold,3.695518683663205e-05
Russia,2002,-4.122916666666666,1508.33,320.413,68.712,1928.56,34892943.956,Cold,5.527077185465182e-05
Russia,2003,-3.8328333333333333,1539.006,333.397,69.878,2012.192,37657699.926,Cold,5.343374530362587e-05
Russia,2004,-4.4935833333333335,1545.353,335.313,66.092,1980.465,39282638.76599999,Cold,5.041578192802962e-05
Russia,2005,-3.4980833333333337,1563.98,342.222,66.591,2048.454,41314513.876,Cold,4.9581944896319396e-05
Russia,2006,-4.763,1623.428,347.255,67.092,2128.038,43153917.238000005,Cold,4.931274115744409e-05
Russia,2007,-2.975083333333334,1624.315,355.077,68.459,2196.392,42173624.332,Cold,5.207975322750941e-05
Russia,2008,-3.3054166666666664,1652.731,359.43,72.597,2169.993,51623421.766,Cold,4.203504695603391e-05
Russia,2009,-4.6085,1545.236,352.496,71.592,2249.519,49310365.122,Cold,4.561959638333264e-05
Russia,2010,-4.520583333333334,1633.147,367.537,70.277,2466.123,48196592.13600001,Cold,5.116799424061266e-05
Russia,2011,-3.401583333333333,1684.989,374.677,73.847,2279.537,52000567.506000005,Cold,4.383677074101563e-05
Russia,2012,-3.90175,1700.104,383.918,72.319,2534.269,70454939.16399999,Cold,3.597006816130862e-05
Russia,2013,-2.2631250000000005,1637.547,385.321,72.17,2371.683,77432509.746,Cold,3.062903394389179e-05
Rwanda,2000,19.753083333333333,0.515,2.773,0.875,9.68,234464691.164,Moderate,4.128553391411775e-08
Rwanda,2001,19.66125,0.519,2.888,0.918,8.78,238628466.386,Moderate,3.679359841756713e-08
Rwanda,2002,19.94725,0.512,2.958,0.968,7.44,375122931.51000005,Moderate,1.983349818209705e-08
Rwanda,2003,20.094333333333335,0.505,3.138,1.045,7.131,393127306.084,Hot,1.8139162229390263e-08
Rwanda,2004,20.08491666666667,0.516,3.243,1.11,6.831,393030585.9399999,Hot,1.7380326689542922e-08
Rwanda,2005,20.432583333333334,0.514,3.218,1.157,6.698,423841289.34000003,Hot,1.5803085146864647e-08
Rwanda,2006,20.162833333333335,0.514,3.409,1.258,7.195,408343786.96199983,Hot,1.761995703647036e-08
Rwanda,2007,19.76325,0.542,3.538,1.336,7.216,447645177.82399994,Moderate,1.6119910012114986e-08
Rwanda,2008,19.730500000000003,0.531,3.693,1.414,7.491,450466284.82400006,Moderate,1.6629435400026317e-08
Rwanda,2009,20.022666666666666,0.555,3.784,1.459,8.17,472941658.874,Hot,1.7274857964884362e-08
Rwanda,2010,20.267083333333336,0.581,3.984,1.551,8.473,455653697.5339999,Hot,1.8595262207375155e-08
Rwanda,2011,19.77375,0.643,3.92,1.509,8.686,457200853.204,Moderate,1.8998214723641712e-08
Rwanda,2012,19.959416666666666,0.718,3.98,1.574,8.552,496292810.484,Moderate,1.723176278622304e-08
Rwanda,2013,20.103875,0.779,4.065,1.619,8.671,491573408.324,Hot,1.763927795021328e-08
Saint Lucia,2000,27.07841666666667,0.341,0.066,0.02,0.362,672439516.6520001,Hot,5.383383791363399e-10
Saint Lucia,2001,27.42125,0.359,0.064,0.015,0.363,721083827.9959999,Hot,5.034088761987945e-10
Saint Lucia,2002,27.462833333333336,0.355,0.063,0.016,0.349,707011454.0380002,Hot,4.936270798911483e-10
Saint Lucia,2003,27.60766666666667,0.377,0.062,0.018,0.373,735118852.926,Hot,5.074009434092785e-10
Saint Lucia,2004,27.377916666666668,0.399,0.062,0.017,0.417,754036843.656,Hot,5.530233740636905e-10
Saint Lucia,2005,27.858666666666668,0.392,0.061,0.018,0.401,760113736.0419998,Hot,5.27552628584902e-10
Saint Lucia,2006,27.692166666666665,0.414,0.06,0.017,0.45,767041754.9919999,Hot,5.866694954801045e-10
Saint Lucia,2007,27.583250000000003,0.421,0.059,0.017,0.413,791254953.8519999,Hot,5.219556572347146e-10
Saint Lucia,2008,27.20866666666667,0.425,0.058,0.017,0.426,758064943.8359998,Hot,5.619571290058282e-10
Saint Lucia,2009,27.495,0.425,0.057,0.017,0.41,791497970.178,Hot,5.180051180545542e-10
Saint Lucia,2010,28.005916666666668,0.484,0.056,0.018,0.503,784020167.8479999,Hot,6.415651280235342e-10
Saint Lucia,2011,27.540166666666668,0.484,0.058,0.017,0.515,789309677.1219999,Hot,6.524688779001629e-10
Saint Lucia,2012,27.578916666666668,0.487,0.058,0.018,0.513,18961657.712,Hot,2.70545951591959e-08
Saint Lucia,2013,27.4655,0.487,0.058,0.017,0.505,18108542.851999998,Hot,2.7887388634190225e-08
Saint Vincent And The Grenadines,2000,27.217916666666667,0.143,0.044,0.017,0.184,19822086.682,Hot,9.282574214777909e-09
Saint Vincent And The Grenadines,2001,27.566083333333335,0.176,0.044,0.017,0.193,21832987.385999996,Hot,8.839834318043137e-09
Saint Vincent And The Grenadines,2002,27.601583333333334,0.187,0.044,0.01,0.197,22096291.773999993,Hot,8.91552270848817e-09
Saint Vincent And The Grenadines,2003,27.744,0.202,0.044,0.009,0.213,22416355.126,Hot,9.501990368227076e-09
Saint Vincent And The Grenadines,2004,27.498583333333332,0.22,0.044,0.009,0.244,22958346.496,Hot,1.0627942627077657e-08
Saint Vincent And The Grenadines,2005,27.981916666666667,0.22,0.045,0.01,0.242,22711968.439999998,Hot,1.0655174604708345e-08
Saint Vincent And The Grenadines,2006,27.8205,0.22,0.046,0.01,0.238,22085060.139999997,Hot,1.0776515332753117e-08
Saint Vincent And The Grenadines,2007,27.7165,0.238,0.046,0.01,0.323,22026785.039999995,Hot,1.4663964112305877e-08
Saint Vincent And The Grenadines,2008,27.3815,0.22,0.047,0.01,0.312,22078029.91,Hot,1.4131695044356653e-08
Saint Vincent And The Grenadines,2009,27.642750000000003,0.278,0.047,0.011,0.372,24739233.599999998,Hot,1.503684354082644e-08
Saint Vincent And The Grenadines,2010,28.13208333333333,0.224,0.047,0.011,0.298,23575217.099999998,Hot,1.2640392073403555e-08
Saint Vincent And The Grenadines,2011,27.664583333333336,0.216,0.049,0.01,0.28,24575482.9,Hot,1.1393468431358133e-08
Saint Vincent And The Grenadines,2012,27.736583333333332,0.231,0.049,0.01,0.281,28444306.0,Hot,9.878953985414376e-09
Saint Vincent And The Grenadines,2013,27.636375,0.216,0.048,0.01,0.367,27530898.0,Hot,1.3330476422146622e-08
Sao Tome And Principe,2000,26.189000000000004,0.051,0.052,0.01,0.18,689414749.5059999,Hot,2.6109101940143864e-10
Sao Tome And Principe,2001,26.05633333333333,0.051,0.05,0.011,0.137,842909183.1480002,Hot,1.6253233750024627e-10
Sao Tome And Principe,2002,26.395750000000003,0.055,0.052,0.012,0.129,703996637.5859998,Hot,1.8323951128389008e-10
Sao Tome And Principe,2003,26.567333333333334,0.062,0.053,0.013,0.166,718789799.1640002,Hot,2.3094373342822226e-10
Sao Tome And Principe,2004,26.484583333333333,0.073,0.054,0.013,0.138,840073690.1980002,Hot,1.6427130315580167e-10
Sao Tome And Principe,2005,26.409583333333334,0.077,0.055,0.014,0.135,837285695.9680002,Hot,1.6123528741607002e-10
Sao Tome And Principe,2006,26.700166666666664,0.081,0.056,0.014,0.133,848369601.6579999,Hot,1.567712935297327e-10
Sao Tome And Principe,2007,26.70941666666667,0.081,0.056,0.014,0.125,848711886.2279999,Hot,1.472820186462402e-10
Sao Tome And Principe,2008,26.595,0.084,0.057,0.015,0.136,850219955.8679999,Hot,1.599586070656238e-10
Sao Tome And Principe,2009,26.956,0.092,0.059,0.016,0.142,842469227.2079998,Hot,1.6855215032844045e-10
Sao Tome And Principe,2010,26.766499999999997,0.106,0.059,0.016,0.261,852333099.2080002,Hot,3.06218308236893e-10
Sao Tome And Principe,2011,26.484166666666667,0.099,0.06,0.016,0.232,854075272.2380002,Hot,2.716388206866515e-10
Sao Tome And Principe,2012,26.393083333333337,0.11,0.06,0.017,0.196,851871416.668,Hot,2.3008167187549322e-10
Sao Tome And Principe,2013,26.5325,0.11,0.061,0.018,0.273,735402590.558,Hot,3.712252351757846e-10
Saudi Arabia,2000,26.642916666666668,309.639,72.338,6.675,380.727,231963058.64600003,Hot,1.6413259963936902e-06
Saudi Arabia,2001,26.769666666666666,324.374,71.614,6.816,395.161,407643233.666,Hot,9.69379512268302e-07
Saudi Arabia,2002,26.627333333333336,346.93,69.307,6.985,416.548,241864380.64600003,Hot,1.722237880440255e-06
Saudi Arabia,2003,26.816666666666666,351.228,79.165,7.132,431.705,241901382.84600002,Hot,1.7846322048113347e-06
Saudi Arabia,2004,26.519000000000002,407.702,80.244,7.394,490.099,228200771.72599995,Hot,2.147665821396935e-06
Saudi Arabia,2005,26.495500000000003,412.234,85.504,7.309,500.341,472171366.91200006,Hot,1.0596597633875377e-06
Saudi Arabia,2006,26.55858333333333,444.977,87.661,7.441,536.061,393015356.366,Hot,1.3639696005588584e-06
Saudi Arabia,2007,26.68258333333333,423.314,87.343,7.842,515.097,460813365.78,Hot,1.1177996063771213e-06
Saudi Arabia,2008,26.47775,469.43,90.533,7.519,564.422,445967709.95199996,Hot,1.2656118058303764e-06
Saudi Arabia,2009,26.827749999999998,503.97,85.948,7.521,594.487,446263164.582,Hot,1.3321444516369435e-06
Saudi Arabia,2010,27.530083333333334,555.64,87.389,8.117,648.605,451692029.8460001,Hot,1.4359451920929184e-06
Saudi Arabia,2011,26.63525,540.236,95.212,8.783,642.02,446489280.572,Hot,1.4379292549634678e-06
Saudi Arabia,2012,26.988916666666668,605.712,99.699,9.177,712.403,466345594.2120001,Hot,1.5276288814867922e-06
Saudi Arabia,2013,27.74075,583.178,99.461,9.359,689.07,15336980.006,Hot,4.4928659671054436e-05
Senegal,2000,28.526083333333332,3.902,8.762,4.704,18.593,33711926.89,Hot,5.515258593536343e-07
Senegal,2001,28.936333333333334,4.258,8.283,4.213,14.372,51122152.478,Hot,2.811305671265369e-07
Senegal,2002,28.978166666666667,4.437,8.014,4.027,12.995,32962482.868,Hot,3.9423606704031045e-07
Senegal,2003,28.704166666666666,4.928,7.695,3.614,15.419,67139778.722,Hot,2.2965520685120128e-07
Senegal,2004,28.852083333333336,5.238,8.263,4.199,21.479,12821770.772,Hot,1.6751974985941903e-06
Senegal,2005,28.955083333333334,5.539,8.467,4.35,16.21,12944513.772,Hot,1.2522678745026041e-06
Senegal,2006,28.630750000000003,4.43,8.965,4.546,17.045,26580880.185999997,Hot,6.412503739333333e-07
Senegal,2007,28.816833333333335,5.196,8.886,4.198,42.714,17732420.764,Hot,2.4088080335827052e-06
Senegal,2008,28.796083333333332,4.74,9.261,4.449,33.452,19315152.312,Hot,1.7319044513727545e-06
Senegal,2009,28.47375,5.258,9.599,4.498,29.54,19180446.312,Hot,1.54011006727245e-06
Senegal,2010,29.302333333333333,6.862,9.865,4.791,22.937,19175271.341999996,Hot,1.1961759703282343e-06
Senegal,2011,28.774916666666666,7.819,10.094,4.945,22.721,22180979.944000002,Hot,1.0243460403019766e-06
Senegal,2012,28.635583333333333,7.362,9.896,4.574,21.433,19285939.972,Hot,1.1113276780799638e-06
Senegal,2013,29.3015,7.853,9.897,4.834,22.045,19305690.101999998,Hot,1.141891263230469e-06
Serbia,2006,10.574166666666667,53.721,8.046,3.987,48.668,58658191.309999995,Moderate,8.296880296412258e-07
Serbia,2007,11.745916666666666,52.16,8.133,4.387,49.202,23116046.445999995,Moderate,2.1284780676686976e-06
Serbia,2008,11.666333333333334,51.737,8.052,3.845,47.469,60264926.019999996,Moderate,7.876720730823512e-07
Serbia,2009,11.412166666666666,45.92,7.755,4.417,43.86,47376013.239999995,Moderate,9.257849294331013e-07
Serbia,2010,10.9925,45.694,7.654,3.68,42.878,48285677.20400002,Moderate,8.880065807266212e-07
Serbia,2011,10.823,48.956,7.668,3.817,45.504,47881318.88999999,Moderate,9.503497419147692e-07
Serbia,2012,11.451749999999999,43.764,7.514,4.307,39.118,19615762.492,Moderate,1.9942124616232097e-06
Serbia,2013,12.843625,44.576,7.467,4.332,41.275,46146864.318,Moderate,8.944269500338155e-07
Sierra Leone,2000,26.546833333333336,0.271,2.866,0.591,34.78,83633312.804,Hot,4.1586299069183297e-07
Sierra Leone,2001,26.82675,0.374,2.99,0.617,55.928,85964600.10400002,Hot,6.505933754329677e-07
Sierra Leone,2002,26.992666666666665,0.502,3.277,0.667,79.887,88265589.74399999,Hot,9.050752317706599e-07
Sierra Leone,2003,26.992416666666667,0.539,3.57,0.883,77.814,88048921.43399999,Hot,8.83758686068283e-07
Sierra Leone,2004,26.978916666666667,0.52,3.876,0.965,64.509,92072265.39800002,Hot,7.006344312319573e-07
Sierra Leone,2005,27.028583333333334,0.432,4.143,0.973,78.772,106139587.054,Hot,7.421547553013268e-07
Sierra Leone,2006,26.71775,0.575,4.73,1.34,46.77,93280969.444,Hot,5.013884372920171e-07
Sierra Leone,2007,26.83741666666667,0.487,4.127,1.237,38.216,100336984.032,Hot,3.8087650319383176e-07
Sierra Leone,2008,26.97875,0.506,4.087,1.038,36.703,135700908.202,Hot,2.704698164207957e-07
Sierra Leone,2009,26.985,0.502,4.309,1.118,40.592,102144404.49399999,Hot,3.973981717714769e-07
Sierra Leone,2010,27.17716666666667,0.546,4.368,1.066,38.766,106947036.49399999,Hot,3.624784838212547e-07
Sierra Leone,2011,26.92625,0.714,4.607,1.162,29.214,423361982.908,Hot,6.900477867740821e-08
Sierra Leone,2012,26.676416666666668,0.832,5.083,1.383,30.6,146905422.54999998,Hot,2.0829727902853867e-07
Sierra Leone,2013,26.948,1.052,5.023,1.358,24.145,162680970.07999998,Hot,1.484193255038197e-07
Slovakia,2000,9.482,41.187,6.686,2.686,53.077,187604501.95999998,Cold,2.8291964831631354e-07
Slovakia,2001,8.30775,43.273,6.706,2.859,55.529,79416813.252,Cold,6.992096135183562e-07
Slovakia,2002,9.136416666666667,42.034,6.593,2.707,54.754,80279938.44200002,Cold,6.820383819491818e-07
Slovakia,2003,8.487083333333333,42.359,6.709,2.766,54.269,84125462.26799998,Cold,6.450960017553103e-07
Slovakia,2004,8.145583333333333,42.857,6.725,2.957,56.521,79187465.856,Cold,7.137619404189519e-07
Slovakia,2005,7.936916666666666,42.857,6.604,2.828,58.055,77934042.456,Cold,7.449247777420492e-07
Slovakia,2006,8.528333333333334,42.639,6.713,3.024,59.787,80566891.102,Cold,7.420790158357845e-07
Slovakia,2007,9.478916666666667,41.032,6.796,2.809,60.085,80540393.77800001,Cold,7.460231622357592e-07
Slovakia,2008,9.397416666666667,41.425,6.724,2.833,61.854,80712666.456,Cold,7.663481080428833e-07
Slovakia,2009,9.001666666666667,37.681,6.646,2.581,59.484,75291129.62999998,Cold,7.900532174542538e-07
Slovakia,2010,8.072999999999999,38.464,6.426,2.776,62.615,74170594.67600001,Cold,8.44202469042066e-07
Slovakia,2011,8.846,38.045,6.396,3.058,64.084,64756922.11,Cold,9.89608476164673e-07
Slovakia,2012,8.873166666666666,35.961,6.009,2.981,62.985,75237376.932,Cold,8.371503863003603e-07
Slovakia,2013,9.685625,35.622,5.921,3.128,65.305,83646037.67199999,Cold,7.807303374649882e-07
Slovenia,2000,11.590583333333335,15.06,3.602,0.859,19.747,110712431.33600003,Moderate,1.7836298583044433e-07
Slovenia,2001,10.894666666666666,16.309,3.626,0.878,21.474,103983759.03600003,Moderate,2.0651301696116322e-07
Slovenia,2002,11.337250000000003,16.571,3.827,0.856,21.722,110801597.83600003,Moderate,1.9604410250569786e-07
Slovenia,2003,11.009666666666668,16.278,3.886,0.861,21.986,117172393.43600003,Moderate,1.8763805336425748e-07
Slovenia,2004,10.241249999999999,16.711,3.8,0.822,21.897,117717007.93600003,Moderate,1.860139006072171e-07
Slovenia,2005,9.795083333333332,16.942,3.817,0.815,22.154,118550234.43600003,Cold,1.86874365272433e-07
Slovenia,2006,10.723416666666667,17.184,3.829,0.815,22.415,118348669.43600003,Moderate,1.8939798746722265e-07
Slovenia,2007,11.462583333333335,17.349,3.693,0.824,28.518,123998234.63600002,Moderate,2.2998714339545377e-07
Slovenia,2008,11.247916666666669,18.285,3.757,0.835,25.546,120224940.78800003,Moderate,2.1248502698422444e-07
Slovenia,2009,11.237416666666666,16.209,3.645,0.805,24.04,121272470.09600003,Moderate,1.9823130330188282e-07
Slovenia,2010,10.194,16.466,3.489,0.815,24.797,110863768.23200002,Moderate,2.2367090864562204e-07
Slovenia,2011,11.208083333333333,16.364,3.399,0.814,24.869,20774363.591999993,Moderate,1.1971003921620212e-06
Slovenia,2012,11.27825,15.765,3.304,0.797,24.918,20734694.591999993,Moderate,1.201753837640811e-06
Slovenia,2013,11.74475,15.137,3.167,0.791,23.812,19673553.704,Moderate,1.2103557470048145e-06
Somalia,2000,27.710250000000002,0.509,22.412,6.53,38.34,80087493.73399998,Hot,4.787264244853862e-07
Somalia,2001,27.477833333333336,0.542,22.765,6.646,39.888,83380238.63,Hot,4.783867278026915e-07
Somalia,2002,27.516000000000002,0.575,23.146,6.735,42.2,86923821.13599999,Hot,4.854825635022627e-07
Somalia,2003,27.787166666666668,0.605,23.598,6.824,43.69,91841000.306,Hot,4.7571345454337635e-07
Somalia,2004,27.683666666666667,0.627,23.929,6.917,42.568,87049701.27400003,Hot,4.890079906995178e-07
Somalia,2005,27.83241666666667,0.649,24.405,7.073,41.804,83762090.48400001,Hot,4.990801836411318e-07
Somalia,2006,27.653166666666667,0.671,23.759,6.67,40.862,83688629.48400001,Hot,4.882622617156126e-07
Somalia,2007,27.87275,0.692,22.845,6.238,43.333,87047913.28400004,Hot,4.97806298478594e-07
Somalia,2008,27.451333333333334,0.722,23.26,6.261,42.91,92087443.46800001,Hot,4.6597014661332076e-07
Somalia,2009,27.945083333333333,0.744,23.582,6.283,43.015,94420423.04600002,Hot,4.555688076453017e-07
Somalia,2010,27.821,0.777,23.824,6.339,41.904,97505697.62800002,Hot,4.2975949703073796e-07
Somalia,2011,27.92441666666667,0.81,24.103,6.363,42.619,97541788.22800003,Hot,4.3693067696738463e-07
Somalia,2012,27.9385,0.832,24.311,6.431,46.218,97965780.94800003,Hot,4.7177697233644697e-07
Somalia,2013,27.975625,0.857,24.355,6.439,44.618,96696352.70800002,Hot,4.614238106096094e-07
South Africa,2000,17.585583333333336,378.333,77.98,20.286,507.134,442669736.05600005,Moderate,1.145626089943991e-06
South Africa,2001,17.867916666666666,371.602,77.52,20.47,497.552,451455602.5900001,Moderate,1.102106156271932e-06
South Africa,2002,17.949416666666668,356.501,77.387,21.878,477.323,478921929.5899999,Moderate,9.966613961736308e-07
South Africa,2003,18.261666666666667,404.406,79.97,20.958,522.109,495946960.1899999,Moderate,1.0527516868885045e-06
South Africa,2004,18.082833333333337,449.322,80.587,21.029,566.174,498822434.3899999,Moderate,1.1350211214083461e-06
South Africa,2005,18.217916666666667,416.205,81.855,21.204,529.32,501384654.9899999,Moderate,1.0557163919482955e-06
South Africa,2006,17.5975,446.744,81.391,20.112,562.151,489333476.74999994,Moderate,1.1488096064565654e-06
South Africa,2007,17.98625,465.034,82.957,20.709,588.225,515738067.4899999,Moderate,1.1405498952641415e-06
South Africa,2008,17.956083333333336,494.673,85.087,20.27,613.432,694008652.2499998,Moderate,8.838967599717032e-07
South Africa,2009,17.886,474.512,84.236,19.944,587.168,701507108.0119997,Moderate,8.370093366936302e-07
South Africa,2010,18.302666666666667,467.353,84.606,20.385,574.415,702257324.3719997,Moderate,8.179551558194439e-07
South Africa,2011,17.552416666666666,474.273,84.478,20.247,580.428,761496419.7199999,Moderate,7.622202602754212e-07
South Africa,2012,17.84691666666667,461.438,87.855,20.651,571.812,764963143.78,Moderate,7.475026789224605e-07
South Africa,2013,17.325375,456.188,87.75,20.235,565.257,780584682.6159997,Moderate,7.241456460322659e-07
South America,2000,22.164666666666665,812.035,805.284,226.867,4171.123,97028885.49000002,Hot,4.298846612477495e-05
South America,2001,22.504333333333335,791.451,819.616,232.568,4060.691,109996236.49999999,Hot,3.691663544400781e-05
South America,2002,22.683666666666667,819.743,841.282,238.815,4397.253,101675760.348,Hot,4.32478000823595e-05
South America,2003,22.649833333333333,820.544,873.778,249.673,5703.517,118490894.414,Hot,4.8134643426165846e-05
South America,2004,22.574583333333333,857.033,903.497,260.534,4935.302,117216071.27600001,Hot,4.2104311330098226e-05
South America,2005,22.67141666666667,881.901,908.744,260.365,4611.798,113933413.55200002,Hot,4.047801093414209e-05
South America,2006,22.61175,909.778,907.771,258.858,4392.067,113206591.95400001,Hot,3.8796918848928326e-05
South America,2007,22.435,944.883,908.025,277.465,4291.736,123535797.21999998,Hot,3.474082866536401e-05
South America,2008,22.452916666666667,988.743,907.058,268.718,4108.139,138062308.126,Hot,2.9755688036847073e-05
South America,2009,22.652583333333336,961.341,900.025,258.1,4033.05,121701546.25999999,Hot,3.313885559222923e-05
South America,2010,22.677333333333337,1072.125,910.915,281.262,4004.803,132152198.55600001,Hot,3.030447479084863e-05
South America,2011,22.473000000000003,1088.221,908.57,277.606,4072.438,135540389.236,Hot,3.004593680827655e-05
South America,2012,22.722583333333333,1142.114,916.986,279.942,4336.333,162654326.98,Hot,2.665980705126516e-05
South America,2013,22.205375,1205.618,920.395,281.123,4262.52,186164136.422,Hot,2.2896568904340845e-05
South Korea,2000,12.575333333333333,439.981,29.844,16.51,480.153,51481218.994,Moderate,9.32676032261785e-06
South Korea,2001,12.842583333333335,455.631,29.549,16.203,494.65,51596797.524000004,Moderate,9.586835116715931e-06
South Korea,2002,12.817166666666667,476.065,27.652,12.923,509.638,51648433.524000004,Moderate,9.86744331550226e-06
South Korea,2003,12.646583333333334,485.213,27.804,12.626,518.889,36461665.964,Moderate,1.4231082756373124e-05
South Korea,2004,13.365083333333333,491.389,28.199,13.087,526.324,28733335.744,Moderate,1.8317538428943698e-05
South Korea,2005,12.356666666666667,498.688,28.38,13.129,533.827,31635664.658000004,Moderate,1.687421424195657e-05
South Korea,2006,12.903333333333334,503.478,28.957,12.41,537.844,36813131.905999996,Moderate,1.461011214050569e-05
South Korea,2007,13.292916666666665,521.709,29.265,12.355,556.349,36670920.406,Moderate,1.5171394081987033e-05
South Korea,2008,13.027916666666668,532.651,26.301,11.627,564.242,36713309.67199999,Moderate,1.5368867303768615e-05
South Korea,2009,12.949333333333334,537.82,26.965,11.467,570.552,37405259.010000005,Moderate,1.5253255821439749e-05
South Korea,2010,12.63975,594.339,27.436,12.142,627.616,36077222.691999994,Moderate,1.7396460585717736e-05
South Korea,2011,12.3635,623.443,27.545,12.674,661.459,37071182.644,Moderate,1.784294254944993e-05
South Korea,2012,12.391666666666666,627.943,28.264,12.902,661.986,36233953.691999994,Moderate,1.8269769491823044e-05
South Korea,2013,13.7605,634.581,28.333,12.757,667.713,36608693.882,Moderate,1.8239191595117626e-05
Spain,2000,14.46875,309.26,45.728,24.344,361.474,28827925.065999996,Moderate,1.2539022029278991e-05
Spain,2001,14.616083333333334,311.031,46.678,23.877,367.158,80667989.98,Moderate,4.551470732561437e-06
Spain,2002,14.647916666666667,331.028,47.206,23.405,392.943,70324640.75,Moderate,5.58755779228694e-06
Spain,2003,14.996916666666666,335.539,47.092,24.52,400.935,70259383.27800001,Moderate,5.7064974895537605e-06
Spain,2004,14.396416666666667,352.139,47.019,23.92,412.024,111541111.29600002,Moderate,3.6939204883182397e-06
Spain,2005,14.303583333333334,367.447,46.895,22.43,422.042,55653404.78000001,Moderate,7.583399328126436e-06
Spain,2006,15.105916666666667,358.869,46.748,22.522,410.581,35695592.98999999,Moderate,1.1502287932651381e-05
Spain,2007,14.241333333333332,366.469,47.691,23.077,420.984,44502329.406,Moderate,9.459819208551852e-06
Spain,2008,14.2295,335.284,46.432,20.659,386.06,44464197.406,Moderate,8.682490944172852e-06
Spain,2009,14.968083333333333,296.159,49.206,20.371,348.993,42274011.68,Moderate,8.255497358194009e-06
Spain,2010,14.246,282.585,47.536,21.081,330.881,36295956.028,Moderate,9.116194394454087e-06
Spain,2011,15.321083333333334,283.275,46.791,20.306,354.0,42120022.812,Moderate,8.404553653152146e-06
Spain,2012,14.58,277.432,45.211,19.768,326.7,42209422.412,Moderate,7.739977796216951e-06
Spain,2013,14.858875000000001,252.109,43.305,20.636,302.976,118671670.212,Moderate,2.5530608687455924e-06
Sri Lanka,2000,27.46975,9.99,8.925,2.248,32.477,34128502.533999994,Hot,9.516092602081216e-07
Sri Lanka,2001,27.663083333333333,10.158,8.712,2.205,31.491,429209883.148,Hot,7.33696989819118e-08
Sri Lanka,2002,27.795916666666667,10.787,8.813,2.394,33.508,179375173.676,Hot,1.8680399927428362e-07
Sri Lanka,2003,27.797416666666667,10.761,9.154,2.214,34.684,200997739.14400002,Hot,1.7255915402407747e-07
Sri Lanka,2004,27.606333333333335,11.908,8.763,2.291,59.038,378430349.668,Hot,1.5600757152746058e-07
Sri Lanka,2005,27.723833333333335,11.67,9.471,2.473,41.655,661419215.932,Hot,6.297821250676259e-08
Sri Lanka,2006,27.572,11.503,9.514,2.415,40.072,115661894.93399999,Hot,3.4645809388137856e-07
Sri Lanka,2007,27.5565,11.844,9.346,2.363,60.721,43010345.936000004,Hot,1.41177656833026e-06
Sri Lanka,2008,27.441166666666664,11.648,10.198,2.667,50.36,105276109.67800002,Hot,4.78361136972777e-07
Sri Lanka,2009,27.745416666666667,12.572,9.842,2.483,45.55,111906661.63000003,Hot,4.070356396080113e-07
Sri Lanka,2010,27.883499999999998,12.697,10.512,2.512,53.197,124943473.03000003,Hot,4.2576853583586875e-07
Sri Lanka,2011,27.669166666666666,14.476,10.314,2.732,48.122,143731800.57,Hot,3.3480412458730447e-07
Sri Lanka,2012,27.949833333333334,15.389,10.434,2.502,43.423,77902633.54800002,Hot,5.574009178501498e-07
Sri Lanka,2013,28.175125,14.143,10.691,2.289,39.502,32774350.08,Hot,1.2052717658262176e-06
Sudan,2012,27.8685,15.763,62.33,27.207,167.277,88578293.57,Hot,1.8884648977725288e-06
Sudan,2013,28.572,17.374,63.207,27.374,144.822,99033840.952,Hot,1.4623485986759226e-06
Suriname,2000,26.586083333333335,2.193,0.854,0.255,5.898,149067797.784,Hot,3.956588913307985e-08
Suriname,2001,26.804083333333335,2.363,0.902,0.175,5.222,205224900.096,Hot,2.544525528876857e-08
Suriname,2002,26.90391666666667,1.561,0.749,0.154,6.051,111782928.84,Hot,5.413169979227662e-08
Suriname,2003,27.19558333333333,1.539,0.834,0.164,6.064,86842248.73199998,Hot,6.982776262376714e-08
Suriname,2004,27.150333333333336,1.553,0.824,0.189,4.622,157749743.212,Hot,2.9299572072766662e-08
Suriname,2005,27.48391666666667,1.586,0.785,0.167,4.345,157922310.212,Hot,2.751352843466894e-08
Suriname,2006,27.045666666666666,1.74,0.808,0.194,4.045,64823392.076,Hot,6.24003127274991e-08
Suriname,2007,26.908583333333336,1.758,0.811,0.175,4.429,224455079.724,Hot,1.973223321884211e-08
Suriname,2008,26.9195,1.941,0.856,0.228,7.215,155662597.21000004,Hot,4.635024779855239e-08
Suriname,2009,27.233083333333337,1.989,0.959,0.204,5.318,128727745.79200001,Hot,4.131199475271554e-08
Suriname,2010,27.412583333333334,2.375,0.952,0.219,5.971,70567094.54599997,Hot,8.461450699933845e-08
Suriname,2011,27.0605,2.758,0.986,0.215,5.594,60577075.563999996,Hot,9.234516284538608e-08
Suriname,2012,27.18941666666667,2.494,0.953,0.224,7.901,62787301.05000001,Hot,1.2583754584180287e-07
Suriname,2013,26.957250000000002,3.151,0.981,0.195,8.304,67910439.616,Hot,1.2227869418422742e-07
Switzerland,2000,8.562666666666667,43.621,5.823,2.491,53.043,922189028.706,Cold,5.751857622608075e-08
Switzerland,2001,7.97975,45.085,5.86,2.515,54.617,880544883.3340001,Cold,6.202636682320805e-08
Switzerland,2002,8.484833333333333,43.467,5.77,2.391,52.404,690999650.5719999,Cold,7.583795430400399e-08
Switzerland,2003,8.669749999999999,44.651,5.649,2.358,53.437,156701579.93600008,Cold,3.410112372881847e-07
Switzerland,2004,7.8460833333333335,45.231,5.608,2.35,53.571,146632883.18600002,Cold,3.653409690287928e-07
Switzerland,2005,7.573916666666666,45.776,5.678,2.382,54.125,35611613.84,Cold,1.5198692966656828e-06
Switzerland,2006,8.33775,45.365,5.716,2.382,53.789,154736980.05,Cold,3.476156742557825e-07
Switzerland,2007,8.55275,43.359,5.705,2.34,51.762,275094378.09199995,Cold,1.8816087835327674e-07
Switzerland,2008,8.109666666666667,44.701,5.854,2.396,53.106,31635771.233999997,Cold,1.6786693116637516e-06
Switzerland,2009,8.300666666666666,43.526,5.475,2.351,51.404,23998883.566,Cold,2.141932882698462e-06
Switzerland,2010,7.226500000000001,45.034,5.526,2.356,52.932,43481424.658,Cold,1.2173473891204214e-06
Switzerland,2011,8.847333333333333,40.973,5.467,2.296,48.563,37824398.93200001,Cold,1.283906686882162e-06
Switzerland,2012,8.15925,42.242,5.478,2.257,49.857,25727445.964,Cold,1.937891469362043e-06
Switzerland,2013,8.1775,43.183,5.518,2.303,51.056,166670804.83400002,Cold,3.0632839233315104e-07
Syria,2000,18.773333333333333,54.527,33.839,4.935,93.023,320129370.56799996,Moderate,2.9057939777400466e-07
Syria,2001,19.39625,51.343,26.587,4.633,81.565,855496144.458,Moderate,9.5342334893085e-08
Syria,2002,18.856583333333333,40.727,21.942,5.018,68.103,557188915.6099999,Moderate,1.2222604931617505e-07
Syria,2003,18.839333333333332,55.377,21.878,5.319,85.293,127062019.24599998,Moderate,6.712706112720973e-07
Syria,2004,18.77325,51.692,19.998,5.496,77.637,77558746.29399998,Moderate,1.0010089475233965e-06
Syria,2005,18.74191666666667,51.162,20.522,6.096,78.291,77994920.22999999,Moderate,1.0037961288418626e-06
Syria,2006,18.744,54.04,19.61,6.417,81.597,60899128.274000004,Moderate,1.339871373741244e-06
Syria,2007,19.0415,66.973,19.788,6.475,93.452,139122182.07799998,Moderate,6.717260894878668e-07
Syria,2008,19.161166666666666,68.084,18.265,6.073,92.241,195382887.162,Moderate,4.721037797512707e-07
Syria,2009,19.070083333333333,63.261,19.7,5.656,88.98,191352189.782,Moderate,4.650064346604289e-07
Syria,2010,20.709333333333333,62.057,19.204,4.991,86.595,138610175.56199998,Hot,6.247376790640352e-07
Syria,2011,18.607000000000003,59.078,18.615,5.464,83.511,195722430.594,Moderate,4.2668078114435234e-07
Syria,2012,19.357583333333334,46.339,13.561,5.155,65.139,218318563.366,Moderate,2.9836674764312654e-07
Syria,2013,20.021125,34.257,10.681,4.406,49.284,199673132.01600003,Hot,2.4682339208876345e-07
Taiwan,2000,22.7045,226.934,11.717,5.174,243.825,148230496.47800002,Hot,1.644904416759364e-06
Taiwan,2001,22.796166666666664,231.431,12.717,5.512,249.66,154510522.144,Hot,1.6158122755647073e-06
Taiwan,2002,23.136,238.567,12.645,5.811,257.023,145796619.022,Hot,1.7628872326478931e-06
Taiwan,2003,22.885666666666665,249.129,12.865,5.547,267.541,166679265.99400005,Hot,1.6051246494240383e-06
Taiwan,2004,22.638,259.367,13.157,5.556,278.08,133205074.222,Hot,2.087608145084194e-06
Taiwan,2005,22.529083333333332,266.888,13.454,5.377,285.719,137960032.33,Hot,2.0710273338116766e-06
Taiwan,2006,23.12091666666667,276.552,13.504,5.918,295.974,158011357.95,Hot,1.8731185021556327e-06
Taiwan,2007,23.054166666666664,280.08,14.444,5.938,300.462,160558586.22199997,Hot,1.8713542838076881e-06
Taiwan,2008,22.714416666666665,266.975,13.838,5.546,286.359,160731240.05999997,Hot,1.7816013745150137e-06
Taiwan,2009,22.885166666666667,253.028,14.319,5.358,272.705,151745101.74799997,Hot,1.7971255418560404e-06
Taiwan,2010,22.745333333333335,270.718,14.517,5.701,290.936,170404462.5796,Hot,1.7073261690947244e-06
Taiwan,2011,22.27175,276.771,14.227,5.566,296.563,162606980.244,Hot,1.8238023837057293e-06
Taiwan,2012,22.558333333333334,273.282,14.43,5.66,293.372,165785054.0196,Hot,1.769592560471244e-06
Taiwan,2013,23.015,274.576,14.888,5.495,294.959,158245598.85560003,Hot,1.8639317634686315e-06
Tajikistan,2000,5.3925833333333335,2.236,3.225,0.844,7.224,151190885.502,Cold,4.7780657731009725e-08
Tajikistan,2001,5.718166666666666,2.287,3.274,0.873,7.327,162689392.904,Cold,4.503674040560706e-08
Tajikistan,2002,5.291250000000001,1.872,3.38,0.928,7.282,159885596.52600002,Cold,4.554506542602017e-08
Tajikistan,2003,4.890166666666667,2.072,3.516,0.922,7.985,158597154.362,Cold,5.034768739561651e-08
Tajikistan,2004,5.8380833333333335,2.562,3.722,0.983,8.791,155557595.064,Cold,5.651283011845451e-08
Tajikistan,2005,5.1845,2.441,3.955,1.012,9.474,158273932.05,Cold,5.98582458743038e-08
Tajikistan,2006,5.531333333333333,2.656,4.156,1.14,9.577,176919828.50400004,Cold,5.413186315434173e-08
Tajikistan,2007,5.441166666666667,3.229,4.36,1.169,10.4,159737584.40999997,Cold,6.51067810578595e-08
Tajikistan,2008,5.174666666666667,2.897,4.89,1.329,11.193,153026131.318,Cold,7.31443697259504e-08
Tajikistan,2009,5.096916666666667,2.445,5.169,1.427,9.019,151680557.51799998,Cold,5.9460487804900275e-08
Tajikistan,2010,5.5640833333333335,2.535,5.26,1.451,8.479,156729457.71800002,Cold,5.409959346095927e-08
Tajikistan,2011,5.351583333333334,2.342,5.439,1.473,8.225,160408185.524,Cold,5.127543785783894e-08
Tajikistan,2012,4.337583333333334,2.934,5.814,1.587,10.458,161438140.91160002,Cold,6.478023022419677e-08
Tajikistan,2013,6.562625,2.908,6.049,1.672,11.367,161330243.91160002,Cold,7.045796035472755e-08
Tanzania,2000,22.791583333333335,2.572,31.226,14.549,95.081,131741149.93999997,Hot,7.217258944648478e-07
Tanzania,2001,22.747500000000002,3.041,31.889,14.603,95.579,22969417.432000007,Hot,4.161141488320986e-06
Tanzania,2002,23.00175,3.486,34.656,16.139,110.839,65625278.70200001,Hot,1.6889680395011261e-06
Tanzania,2003,23.28108333333333,3.687,37.48,18.192,134.115,27962295.540000003,Hot,4.7962798695074564e-06
Tanzania,2004,23.04625,4.221,36.868,17.472,149.492,54480129.428,Hot,2.7439728727809497e-06
Tanzania,2005,23.723416666666665,5.356,38.752,18.644,163.332,14121587.049999999,Hot,1.156612127628238e-05
Tanzania,2006,23.045416666666668,5.876,37.584,16.921,187.969,21473765.094000008,Hot,8.75342495476471e-06
Tanzania,2007,22.9255,5.706,38.839,18.364,186.732,25013082.226000004,Hot,7.46537315343437e-06
Tanzania,2008,22.706416666666666,5.989,40.735,18.48,170.367,27589880.434000004,Hot,6.174981230258228e-06
Tanzania,2009,23.150000000000002,5.807,41.23,19.089,173.926,21107353.630000003,Hot,8.240066225674627e-06
Tanzania,2010,23.267666666666667,7.194,43.438,19.686,195.732,106713171.50400001,Hot,1.8341878083763579e-06
Tanzania,2011,23.069416666666665,8.44,45.354,19.987,179.215,85741695.37799999,Hot,2.0901732479132967e-06
Tanzania,2012,23.06866666666667,10.367,45.986,21.234,175.118,56147453.992,Hot,3.118894703686056e-06
Tanzania,2013,22.772750000000002,11.251,48.186,21.917,174.723,25539253.59399999,Hot,6.8413508059490585e-06
Thailand,2000,26.302166666666665,167.352,82.667,17.217,334.337,328296670.496,Hot,1.0183989940454624e-06
Thailand,2001,26.679833333333335,172.267,84.285,17.698,343.759,328353895.496,Hot,1.0469161586580644e-06
Thailand,2002,26.786083333333334,184.665,83.555,18.56,355.795,241315990.552,Hot,1.4743946213913948e-06
Thailand,2003,26.649,191.088,87.695,20.176,368.632,293565311.494,Hot,1.2557069391757047e-06
Thailand,2004,26.5,207.331,89.596,20.47,388.647,250068858.526,Hot,1.5541599251369075e-06
Thailand,2005,26.833166666666667,214.325,92.053,19.792,399.267,297256758.842,Hot,1.343172145899125e-06
Thailand,2006,26.744833333333332,215.825,93.174,19.97,402.528,301605943.642,Hot,1.334615604071705e-06
Thailand,2007,26.636916666666668,224.083,97.886,22.443,435.268,298974544.01600003,Hot,1.4558697630151289e-06
Thailand,2008,26.221999999999998,224.249,98.921,21.742,428.78,293570894.494,Hot,1.4605671290353214e-06
Thailand,2009,26.648083333333332,228.836,101.885,23.68,435.926,155473183.556,Hot,2.8038661537995545e-06
Thailand,2010,27.389666666666667,241.019,107.371,24.737,459.048,94231797.17800002,Hot,4.8714766021218985e-06
Thailand,2011,26.251666666666665,244.878,106.081,24.61,451.98,144018806.76599994,Hot,3.138340103011905e-06
Thailand,2012,27.289,262.348,106.888,24.787,456.286,96247868.91,Hot,4.74073868259803e-06
Thailand,2013,27.864875,263.754,105.641,25.028,451.94,94299902.17800002,Hot,4.792581803047246e-06
Togo,2000,27.44241666666667,1.331,3.217,1.158,10.088,131791042.50199997,Hot,7.654541410355333e-08
Togo,2001,27.4105,1.159,3.084,1.022,8.931,131862962.22199997,Hot,6.772940469238564e-08
Togo,2002,27.497249999999998,1.322,3.267,1.118,8.839,134519828.11400002,Hot,6.570778492819308e-08
Togo,2003,27.666749999999997,1.805,3.376,1.183,8.423,232507582.65999997,Hot,3.622677534818436e-08
Togo,2004,27.53491666666667,1.744,3.33,1.071,9.082,96114050.316,Hot,9.449190701722226e-08
Togo,2005,27.766666666666666,1.722,3.846,1.522,11.738,179082416.2578,Hot,6.554523989422388e-08
Togo,2006,27.768500000000003,1.501,3.691,1.303,9.828,98621634.7018,Hot,9.965358949953639e-08
Togo,2007,27.863833333333332,1.517,3.593,1.146,10.051,19418087.056,Hot,5.17610177223104e-07
Togo,2008,27.464916666666667,1.523,3.77,1.265,9.868,38650242.9,Hot,2.5531533579791976e-07
Togo,2009,27.710333333333335,2.536,4.004,1.374,9.901,27235493.47,Hot,3.635329628733559e-07
Togo,2010,28.059416666666667,2.596,4.026,1.366,10.248,51955117.38600001,Hot,1.9724716867860047e-07
Togo,2011,27.772000000000002,2.504,4.361,1.662,15.002,506615888.93000007,Hot,2.9612178177184398e-08
Togo,2012,27.419916666666666,2.216,4.368,1.467,11.368,229745006.27200004,Hot,4.948094470031804e-08
Togo,2013,27.718,1.635,4.603,1.646,9.602,126354610.16000004,Hot,7.599247793055372e-08
Trinidad And Tobago,2000,26.62708333333333,24.35,4.151,1.215,29.189,18727743.963999998,Hot,1.5585966199406006e-06
Trinidad And Tobago,2001,26.9485,26.74,4.324,1.202,31.674,23701642.931999993,Hot,1.3363630004261601e-06
Trinidad And Tobago,2002,26.854249999999997,28.683,4.545,1.248,34.024,45527421.117999986,Hot,7.473298161230191e-07
Trinidad And Tobago,2003,27.126083333333337,32.37,4.896,1.25,37.918,64868098.077999994,Hot,5.845400210418665e-07
Trinidad And Tobago,2004,26.800916666666666,32.688,5.203,1.276,38.591,57930458.522,Hot,6.661607782576706e-07
Trinidad And Tobago,2005,27.20325,38.205,6.018,1.296,44.986,62712095.402,Hot,7.173416706025683e-07
Trinidad And Tobago,2006,27.069833333333335,42.708,6.647,1.312,50.16,37856169.642,Hot,1.325015159994798e-06
Trinidad And Tobago,2007,26.898,45.564,6.573,1.324,52.962,103595296.16399999,Hot,5.112394235054584e-07
Trinidad And Tobago,2008,26.826666666666668,44.443,6.318,1.331,51.624,103036730.96399997,Hot,5.010252073798005e-07
Trinidad And Tobago,2009,27.04025,44.417,6.39,1.344,51.689,103621534.582,Hot,4.988248794971423e-07
Trinidad And Tobago,2010,27.546333333333333,47.092,6.502,1.363,54.562,97114198.55200002,Hot,5.618333905000643e-07
Trinidad And Tobago,2011,27.017666666666667,47.043,6.398,1.462,54.535,77403108.64999999,Hot,7.045582567237336e-07
Trinidad And Tobago,2012,27.02775,46.159,6.037,1.416,53.252,97116746.58200002,Hot,5.48329730204741e-07
Trinidad And Tobago,2013,27.086625,45.799,5.96,1.125,52.575,56171099.029999994,Hot,9.35979533459744e-07
Turkey,2000,12.201916666666667,232.934,53.463,29.785,320.576,43444717.92,Moderate,7.3789405932241215e-06
Turkey,2001,13.28325,216.872,54.26,27.174,309.57,40044177.70999999,Moderate,7.730711678266807e-06
Turkey,2002,12.338999999999999,224.32,48.641,27.751,298.528,48241966.949999996,Moderate,6.188138931425994e-06
Turkey,2003,12.331333333333335,239.849,49.169,28.148,340.492,41104495.53000001,Moderate,8.283570624724543e-06
Turkey,2004,12.310166666666667,247.843,45.418,28.521,332.467,35498260.806,Moderate,9.365726181663509e-06
Turkey,2005,12.432916666666666,267.711,47.103,28.385,338.159,56403422.65400001,Moderate,5.995363013323367e-06
Turkey,2006,12.450083333333334,285.429,52.969,29.829,359.684,21977390.461999994,Moderate,1.636609151827284e-05
Turkey,2007,12.815333333333333,316.497,56.576,29.161,387.689,80743775.91,Moderate,4.801472198063419e-06
Turkey,2008,12.657833333333334,312.628,56.071,27.989,382.37,239060762.85999998,Moderate,1.5994678249414677e-06
Turkey,2009,12.814833333333333,318.568,59.277,30.537,400.912,239100030.85999998,Moderate,1.6767542725997863e-06
Turkey,2010,14.281666666666666,318.71,64.569,29.807,397.616,230531412.464,Moderate,1.724780124432335e-06
Turkey,2011,11.914500000000002,344.215,67.176,29.803,434.297,222229835.622,Moderate,1.954269537347111e-06
Turkey,2012,12.854416666666667,358.645,72.493,31.362,454.121,117880042.594,Moderate,3.85239932184004e-06
Turkey,2013,14.026625,350.634,76.338,33.436,458.164,336394427.29599994,Moderate,1.3619845082477188e-06
Turkmenistan,2000,16.398166666666665,39.361,16.12,2.702,67.507,136046642.06199998,Moderate,4.962048197634345e-07
Turkmenistan,2001,16.573833333333333,34.034,16.317,2.781,63.402,136095624.83200002,Moderate,4.658636132675203e-07
Turkmenistan,2002,16.379583333333333,30.131,18.836,3.253,64.043,136970544.54,Moderate,4.6756767849258004e-07
Turkmenistan,2003,15.642416666666668,40.568,22.587,3.702,77.09,107911165.29999998,Moderate,7.143839015295678e-07
Turkmenistan,2004,16.663833333333333,49.355,22.859,3.916,90.372,70016007.61000003,Moderate,1.2907333878939885e-06
Turkmenistan,2005,16.579166666666666,47.929,21.744,4.292,85.264,69697267.71,Moderate,1.2233477950875072e-06
Turkmenistan,2006,16.51,49.5,22.488,5.311,84.714,69772196.50999999,Moderate,1.2141512382186113e-06
Turkmenistan,2007,16.302083333333332,49.183,21.771,4.956,82.762,266200649.87400004,Moderate,3.10900817591064e-07
Turkmenistan,2008,15.858083333333333,59.438,23.91,5.143,93.791,142429111.93000004,Moderate,6.585100340131703e-07
Turkmenistan,2009,16.355416666666667,52.462,19.804,5.014,82.154,155989522.10000008,Moderate,5.266635756513826e-07
Turkmenistan,2010,17.043833333333335,59.184,19.657,5.184,88.306,470417847.3920001,Moderate,1.877182175418107e-07
Turkmenistan,2011,15.786166666666666,65.155,21.795,5.069,96.548,17273324.941999998,Moderate,5.589427324198409e-06
Turkmenistan,2012,15.855833333333335,66.939,23.299,5.187,101.094,481178857.74200004,Moderate,2.1009651227051287e-07
Turkmenistan,2013,18.613500000000002,64.34,24.61,5.888,98.09,480342236.596,Moderate,2.0420856698115367e-07
Uganda,2000,23.560916666666667,1.361,14.323,5.909,38.395,75848905.05999999,Hot,5.062037410220232e-07
Uganda,2001,23.405833333333334,1.417,14.557,5.926,40.003,108281555.148,Hot,3.6943503051732667e-07
Uganda,2002,23.8305,1.443,15.12,6.132,41.001,76879617.39,Hot,5.333143017438955e-07
Uganda,2003,23.843833333333333,1.513,16.22,6.814,41.382,300537715.808,Hot,1.3769320017306543e-07
Uganda,2004,23.811916666666665,1.607,16.416,6.712,37.128,282760023.808,Hot,1.313056894276717e-07
Uganda,2005,24.029833333333332,2.018,17.457,7.434,38.932,299914645.808,Hot,1.298102657351162e-07
Uganda,2006,23.770083333333332,2.387,16.796,6.482,40.632,314758536.1348001,Hot,1.290894295349922e-07
Uganda,2007,23.4905,2.706,18.214,7.555,45.812,300871889.808,Hot,1.5226414098362783e-07
Uganda,2008,23.49625,2.78,22.611,9.602,51.876,312982986.3080001,Hot,1.6574702812504597e-07
Uganda,2009,24.047166666666666,2.996,22.977,9.499,54.148,327392696.1348001,Hot,1.6539159386840325e-07
Uganda,2010,23.92233333333333,3.57,24.204,10.164,56.442,334888076.53480005,Hot,1.685398907464384e-07
Uganda,2011,23.72675,3.828,24.579,9.997,55.012,310437512.51600003,Hot,1.7720796490390865e-07
Uganda,2012,23.805666666666667,3.627,25.873,10.671,54.502,329582778.5448001,Hot,1.6536664954180822e-07
Uganda,2013,24.024625,3.755,26.415,10.648,53.884,311644194.80600005,Hot,1.7290230565867184e-07
Ukraine,2000,9.316333333333334,285.663,79.51,21.398,393.685,301886247.136,Cold,1.3040839138278488e-06
Ukraine,2001,8.938666666666666,303.876,78.868,21.637,407.719,309676184.536,Cold,1.316597849764597e-06
Ukraine,2002,9.377166666666666,295.901,80.758,22.913,401.455,300439215.136,Cold,1.3362270250973932e-06
Ukraine,2003,8.219666666666667,307.245,81.218,22.042,413.215,293283210.116,Cold,1.408928245253576e-06
Ukraine,2004,8.850499999999998,310.626,79.345,21.224,412.383,317267219.606,Cold,1.2997970581780336e-06
Ukraine,2005,8.917333333333334,313.513,80.238,21.441,417.94,340613300.2548001,Cold,1.2270219585093498e-06
Ukraine,2006,8.454666666666666,333.054,78.567,21.802,435.004,306062431.62600005,Cold,1.4212917157708247e-06
Ukraine,2007,10.055416666666666,336.829,80.265,23.611,444.975,326331458.1348001,Moderate,1.3635675860971497e-06
Ukraine,2008,9.55975,325.983,79.63,24.873,433.91,356544502.1348001,Cold,1.2169869292191838e-06
Ukraine,2009,9.4285,277.593,75.628,21.432,384.735,344954493.1348001,Cold,1.1153210250673083e-06
Ukraine,2010,9.453000000000001,294.366,73.169,23.078,397.561,343629009.1348001,Cold,1.1569483026012362e-06
Ukraine,2011,8.790833333333333,308.376,77.838,26.03,418.36,352687305.1348001,Cold,1.1862065708713069e-06
Ukraine,2012,9.290666666666667,304.43,77.545,25.392,424.03,377671653.73480004,Cold,1.1227477484317764e-06
Ukraine,2013,10.913499999999999,297.54,79.455,25.564,413.975,370844503.73480004,Moderate,1.1163034498678728e-06
United Arab Emirates,2000,28.877750000000002,112.277,24.713,1.191,138.192,408035257.14480007,Hot,3.386766149286041e-07
United Arab Emirates,2001,29.009583333333335,101.896,23.581,1.295,126.727,413248987.8248001,Hot,3.0666015750065593e-07
United Arab Emirates,2002,29.058000000000003,85.213,22.067,1.418,108.602,39330163.10999999,Hot,2.7612902833626145e-06
United Arab Emirates,2003,29.228333333333335,107.106,23.918,1.481,132.398,18565986.48,Hot,7.131212392695204e-06
United Arab Emirates,2004,29.104000000000003,112.469,23.417,1.503,137.286,39206621.372,Hot,3.501602323643285e-06
United Arab Emirates,2005,28.99291666666667,115.273,24.376,1.59,141.107,48481284.68799999,Hot,2.910545749716505e-06
United Arab Emirates,2006,28.984083333333334,122.723,25.954,1.643,150.191,24926004.691999998,Hot,6.025474031252581e-06
United Arab Emirates,2007,29.15608333333333,134.103,26.066,1.761,161.86,19980770.148,Hot,8.100788443102788e-06
United Arab Emirates,2008,28.685000000000002,155.03,26.286,1.927,183.023,213977731.02800003,Hot,8.553366664155995e-07
United Arab Emirates,2009,29.12766666666667,169.088,25.917,2.034,196.882,126342095.65599999,Hot,1.5583246218880133e-06
United Arab Emirates,2010,29.671333333333337,185.848,27.314,2.148,215.163,126421561.42799997,Hot,1.7019485906333452e-06
United Arab Emirates,2011,29.205416666666668,198.518,29.521,2.146,230.05,26388328.426,Hot,8.7178690354432e-06
United Arab Emirates,2012,29.425833333333333,208.324,30.934,2.174,241.318,18359288.32,Hot,1.3144190703346899e-05
United Arab Emirates,2013,29.370625000000004,214.188,32.36,2.335,248.773,238841452.95380002,Hot,1.041582170438977e-06
Usa,2000,9.64975,6023.158,799.68,268.434,7217.24,358836186.852,Cold,2.011291013652366e-05
Usa,2001,9.785583333333333,5903.562,776.109,261.563,6976.344,350238234.774,Cold,1.9918853190265787e-05
Usa,2002,9.816166666666666,5947.819,757.572,257.693,7059.111,337596857.184,Cold,2.0909883575257034e-05
Usa,2003,9.755083333333333,6006.44,764.525,263.692,7245.448,372746347.06000006,Cold,1.943801203609302e-05
Usa,2004,9.6675,6111.545,765.332,263.281,7314.667,439748784.03599995,Cold,1.663374010095602e-05
Usa,2005,9.892666666666667,6126.903,772.655,261.767,7428.8,421405363.8839999,Cold,1.7628631761830852e-05
Usa,2006,9.9745,6045.326,785.023,265.772,7064.877,402193946.6920001,Cold,1.7565846131056847e-05
Usa,2007,9.8375,6121.542,793.939,266.411,7181.516,477904307.63799995,Cold,1.5027100342465862e-05
Usa,2008,8.951416666666667,5919.221,810.64,254.756,7074.333,455956457.652,Cold,1.5515369649362392e-05
Usa,2009,9.137083333333333,5486.104,772.483,250.126,6577.918,481420927.238,Cold,1.3663548080627013e-05
Usa,2010,9.505583333333334,5669.25,756.187,256.39,6823.523,466641045.584,Cold,1.4622637785404715e-05
Usa,2011,9.549916666666666,5538.973,764.383,255.979,6523.64,469434234.584,Cold,1.389681345222779e-05
Usa,2012,10.261083333333334,5331.467,749.641,249.914,6388.708,428326974.49,Moderate,1.4915492989185208e-05
Usa,2013,11.297111111111112,5473.436,748.067,254.243,6488.665,517776736.3900001,Moderate,1.2531781618285805e-05
Uruguay,2000,17.75675,5.277,20.475,6.131,31.916,458210665.39400005,Moderate,6.965355095543869e-08
Uruguay,2001,18.57425,5.041,20.459,6.244,31.501,166494336.286,Moderate,1.892016299983124e-07
Uruguay,2002,17.993916666666667,4.569,21.268,6.224,32.74,168321365.41799998,Moderate,1.9450887725504375e-07
Uruguay,2003,17.604666666666667,4.537,21.816,6.591,32.791,693641316.03,Moderate,4.7273712212535037e-08
Uruguay,2004,18.06083333333333,5.574,22.446,6.851,33.513,859402399.0619999,Moderate,3.899570212694573e-08
Uruguay,2005,18.194416666666665,5.737,22.618,6.891,34.964,159670640.96599993,Moderate,2.1897575890904972e-07
Uruguay,2006,18.24041666666667,6.611,23.419,7.278,39.764,707848474.5700002,Moderate,5.6175864429148835e-08
Uruguay,2007,17.516166666666667,5.96,23.022,7.161,50.743,276577411.3180001,Moderate,1.8346762150503195e-07
Uruguay,2008,18.2805,8.218,24.807,7.329,61.332,276572785.4740001,Moderate,2.2175717568570567e-07
Uruguay,2009,17.871333333333336,7.99,24.502,7.333,52.343,199558317.58799997,Moderate,2.6229425247897206e-07
Uruguay,2010,17.920083333333334,6.322,23.433,7.304,57.668,159816456.28400004,Moderate,3.608389334868169e-07
Uruguay,2011,17.824583333333333,7.686,23.638,7.232,49.908,333383697.5600001,Moderate,1.4970138076807584e-07
Uruguay,2012,18.509,8.605,23.118,7.633,53.555,56621263.99599999,Moderate,9.458460527821728e-07
Uruguay,2013,16.754375,7.491,23.371,7.592,53.04,83397957.406,Moderate,6.359867916884651e-07
Uzbekistan,2000,13.938833333333335,123.478,29.197,7.926,164.768,122800868.25999996,Moderate,1.3417494598604607e-06
Uzbekistan,2001,13.998,126.223,33.779,7.728,171.778,49235875.694,Moderate,3.4888786700721686e-06
Uzbekistan,2002,13.871916666666666,132.577,40.078,7.858,183.838,49710684.83599999,Moderate,3.698158593234824e-06
Uzbekistan,2003,13.157666666666666,130.296,36.349,7.916,177.141,41230041.15400001,Moderate,4.2964059880985194e-06
Uzbekistan,2004,14.442,129.099,34.501,7.671,173.659,54654863.438,Moderate,3.17737500194511e-06
Uzbekistan,2005,14.043999999999999,121.602,41.614,8.207,173.01,50076465.54799999,Moderate,3.4549162895541767e-06
Uzbekistan,2006,13.78625,124.899,43.966,8.581,178.429,275714203.83799994,Moderate,6.471520033029806e-07
Uzbekistan,2007,13.928333333333333,123.823,40.163,8.895,173.531,275691147.83799994,Moderate,6.294398667908243e-07
Uzbekistan,2008,13.309,128.387,44.904,9.304,182.949,296029009.92600006,Moderate,6.180103748200974e-07
Uzbekistan,2009,13.700333333333333,109.23,38.8,9.846,157.819,295981909.92600006,Moderate,5.33204882373562e-07
Uzbekistan,2010,14.325916666666666,107.668,42.209,10.302,159.98,296027804.92600006,Moderate,5.404222062842002e-07
Uzbekistan,2011,13.141083333333334,116.755,44.285,10.809,171.449,284334532.688,Moderate,6.029833864223148e-07
Uzbekistan,2012,13.144166666666669,118.86,47.621,11.008,176.753,418129229.6,Moderate,4.227233760872588e-07
Uzbekistan,2013,16.18825,112.395,47.429,11.574,171.618,269905917.1140001,Moderate,6.358437828973937e-07
Venezuela,2000,25.388499999999997,142.902,71.93,11.155,263.709,203841726.33,Hot,1.293694885017731e-06
Venezuela,2001,25.771333333333335,130.618,72.392,11.751,246.972,212161326.03399998,Hot,1.1640764292562208e-06
Venezuela,2002,25.772166666666667,164.233,67.796,11.674,272.515,197580089.11839998,Hot,1.379263466459071e-06
Venezuela,2003,26.008333333333336,154.364,67.735,12.28,270.563,196056622.2664,Hot,1.3800247882080544e-06
Venezuela,2004,25.817833333333336,142.842,70.761,12.151,257.117,197359465.0364,Hot,1.3027852434125387e-06
Venezuela,2005,26.019416666666668,148.408,72.579,12.867,261.508,199641584.6244,Hot,1.3098874123950994e-06
Venezuela,2006,25.84991666666667,155.841,72.258,12.539,270.742,201393713.82439998,Hot,1.3443418541440902e-06
Venezuela,2007,25.854083333333335,154.167,73.621,13.086,277.469,186757554.872,Hot,1.4857176659035517e-06
Venezuela,2008,25.64825,155.758,76.341,13.631,278.716,192541141.16899997,Hot,1.4475659428433295e-06
Venezuela,2009,26.08491666666667,152.176,73.232,13.422,267.759,171758565.95299998,Hot,1.5589266069812379e-06
Venezuela,2010,26.15025,189.582,68.193,12.467,297.662,172781910.95299998,Hot,1.72276135062662e-06
Venezuela,2011,25.677333333333333,168.713,68.584,12.011,280.715,171706763.761,Hot,1.6348511393288981e-06
Venezuela,2012,25.688583333333337,175.845,72.498,13.241,298.394,189147311.551,Hot,1.5775746214715247e-06
Venezuela,2013,25.912875,198.452,72.697,13.502,317.226,197220008.528,Hot,1.6084879052546761e-06
Vietnam,2000,23.981916666666667,53.935,74.138,17.876,359.742,320150859.2860001,Hot,1.1236640116432361e-06
Vietnam,2001,24.184916666666666,60.983,74.062,16.424,289.003,495344243.086,Hot,5.834386963217125e-07
Vietnam,2002,24.39375,69.531,75.064,17.319,276.385,529897256.65200007,Hot,5.215822426118509e-07
Vietnam,2003,24.49775,77.261,77.335,18.527,299.167,480131948.4539999,Hot,6.23093298290624e-07
Vietnam,2004,24.056916666666666,88.939,83.34,19.42,324.489,520362020.484,Hot,6.235831721050713e-07
Vietnam,2005,24.298000000000002,95.842,87.113,18.676,301.726,444705590.48800004,Hot,6.784848353051162e-07
Vietnam,2006,24.523083333333332,99.656,89.878,18.542,289.589,376083429.94600004,Hot,7.700126519043075e-07
Vietnam,2007,24.302166666666665,101.433,92.079,19.958,312.522,299767085.69600004,Hot,1.0425494120938467e-06
Vietnam,2008,23.784000000000002,114.3,91.099,17.594,318.657,217829507.00800005,Hot,1.4628734321352686e-06
Vietnam,2009,24.46558333333333,124.493,94.019,22.62,388.597,213854215.716,Hot,1.8171117033247922e-06
Vietnam,2010,24.833333333333332,139.564,94.408,20.741,360.474,229402368.31599998,Hot,1.571361277020857e-06
Vietnam,2011,23.692583333333335,152.564,95.667,20.176,363.318,239733209.156,Hot,1.5155096774601252e-06
Vietnam,2012,24.704333333333334,144.288,94.762,21.559,353.585,360671087.92399997,Hot,9.803530442510929e-07
Vietnam,2013,25.232125,151.459,95.205,23.93,370.437,258295191.348,Hot,1.4341614206311352e-06
Yemen,2000,27.436166666666665,15.832,13.436,3.365,32.648,232729592.39800003,Hot,1.4028297614978158e-07
Yemen,2001,27.068916666666667,17.194,13.038,3.538,34.785,58435452.70000001,Hot,5.952721814838924e-07
Yemen,2002,27.12516666666667,16.707,13.062,3.568,33.238,212377312.91800004,Hot,1.565044749216169e-07
Yemen,2003,27.35775,18.609,15.07,3.818,38.662,262492042.84000003,Hot,1.4728827371074955e-07
Yemen,2004,27.334083333333336,20.109,14.815,3.983,40.266,263091097.10800007,Hot,1.530496481620622e-07
Yemen,2005,27.294666666666668,21.797,17.133,3.987,44.892,263097414.90800002,Hot,1.7062881383714484e-07
Yemen,2006,27.175,23.906,20.521,4.126,49.954,40498676.466,Hot,1.2334723780039007e-06
Yemen,2007,27.31075,23.676,21.164,4.413,49.004,67782049.912,Hot,7.229642558856895e-07
Yemen,2008,26.8075,24.537,19.381,4.481,47.962,58552426.567999996,Hot,8.191291461707412e-07
Yemen,2009,27.34241666666667,26.897,20.254,4.403,52.719,38537342.666,Hot,1.3679977648929633e-06
Yemen,2010,27.30275,25.818,21.031,4.525,51.442,63721508.569999985,Hot,8.072941201038156e-07
Yemen,2011,27.28825,22.625,18.75,4.496,46.38,63695876.370000005,Hot,7.28147596281395e-07
Yemen,2012,27.445000000000004,20.467,16.81,4.525,42.042,55148639.18,Hot,7.623397397067062e-07
Yemen,2013,28.12975,27.281,18.21,4.811,50.074,73719137.458,Hot,6.792537331201809e-07
Zambia,2000,21.55875,1.784,13.404,9.608,58.201,177732812.48799998,Hot,3.274634484077954e-07
Zambia,2001,21.80241666666667,1.886,13.676,9.853,66.04,127042432.79,Hot,5.198263133809568e-07
Zambia,2002,22.292416666666668,1.961,14.867,10.905,84.185,93008974.72399999,Hot,9.051276970280294e-07
Zambia,2003,22.156750000000002,2.074,15.862,11.878,81.422,94955797.33,Hot,8.574726497168084e-07
Zambia,2004,21.768083333333333,2.104,15.772,11.836,79.16,100563795.16200003,Hot,7.871620107944188e-07
Zambia,2005,22.8135,2.243,16.547,12.344,93.005,126426194.63599999,Hot,7.356465923231239e-07
Zambia,2006,21.78425,2.231,15.605,11.079,85.606,56038153.22999999,Hot,1.5276377528182554e-06
Zambia,2007,21.8385,2.298,15.986,11.492,96.105,73144569.68,Hot,1.3139047656790484e-06
Zambia,2008,21.535833333333333,2.553,16.111,11.53,121.736,96167066.36200003,Hot,1.265880340738179e-06
Zambia,2009,21.67025,2.94,15.594,10.814,109.967,88576943.47600003,Hot,1.241485588044817e-06
Zambia,2010,22.2675,3.121,16.713,11.863,116.827,104269092.058,Hot,1.1204374812679595e-06
Zambia,2011,21.771583333333336,3.379,16.08,11.621,119.693,130115655.60399999,Hot,9.198969833759454e-07
Zambia,2012,21.69775,4.177,17.892,12.668,110.309,261213613.912,Hot,4.2229422090866853e-07
Zambia,2013,21.195999999999998,4.427,18.286,13.043,102.836,215392219.228,Hot,4.774359997364092e-07
Zimbabwe,2000,21.149,13.815,11.87,5.726,57.656,31506253.892000005,Hot,1.8299858297229695e-06
Zimbabwe,2001,21.69366666666667,12.509,12.424,6.193,56.093,191028903.22200003,Hot,2.936361920121405e-07
Zimbabwe,2002,22.081083333333336,11.896,11.27,5.269,49.243,207782008.154,Hot,2.369935693686694e-07
Zimbabwe,2003,21.89125,10.61,10.913,5.21,54.283,158137780.476,Hot,3.4326395307523856e-07
Zimbabwe,2004,21.330916666666667,9.429,11.147,5.497,54.069,216140394.002,Hot,2.5015684828141305e-07
Zimbabwe,2005,22.50991666666667,10.698,11.178,5.35,57.297,239384795.07200003,Hot,2.3935104041764923e-07
Zimbabwe,2006,21.618750000000002,10.365,10.883,5.189,48.951,239570559.34599996,Hot,2.0432811080502748e-07
Zimbabwe,2007,21.604249999999997,9.835,11.161,5.38,55.696,217940198.45200002,Hot,2.5555634132686335e-07
Zimbabwe,2008,21.545583333333337,7.72,11.145,5.461,41.803,466728483.272,Hot,8.956599266745855e-08
Zimbabwe,2009,21.37725,8.25,11.703,5.867,39.389,581797019.1659999,Hot,6.770230619050167e-08
Zimbabwe,2010,21.98625,8.754,12.248,6.224,47.784,95171769.40200001,Hot,5.020816550765334e-07
Zimbabwe,2011,21.602416666666667,10.363,12.613,6.402,43.26,44519036.14819999,Hot,9.717191289647895e-07
Zimbabwe,2012,21.521333333333335,11.257,12.352,5.923,34.816,115663044.532,Hot,3.0101230552819573e-07
Zimbabwe,2013,20.71075,11.671,12.111,5.676,27.658,117834437.62200001,Hot,2.3471915616048242e-07
